,Year,Symbol,Date,Eps,EpsDiluted,Assets,Liabilities,LongTermDebt,Equity,LiabilityEquity,PaymentDividend,CommonDividendDeclared,CommonDividend
0,2025,A,2025-10-31,4.59,4.57,12727000000,5986000000,3050000000,6741000000,12727000000,,0.992,
1,2024,A,2024-10-31,4.44,4.43,79000000,5948000000,3345000000,5898000000,11846000000,,0.944,
2,2023,A,2023-10-31,4.22,4.19,82000000,4918000000,2735000000,5845000000,10763000000,,0.900,
3,2022,A,2022-10-31,4.19,4.18,87000000,5227000000,2733000000,5305000000,10532000000,,0.840,
4,2021,A,2021-10-31,3.98,3.94,76000000,5316000000,,5389000000,10705000000,,0.776,
5,2020,A,2020-10-31,2.33,2.30,67000000,4754000000,,4873000000,9627000000,,0.720,
6,2019,A,2019-10-31,3.41,3.37,3202000000,4704000000,,4748000000,9452000000,,0.656,
7,2018,A,2018-10-31,0.98,0.97,8541000000,3970000000,,4567000000,8541000000,,0.164,
8,2017,A,2017-10-31,2.12,2.10,8426000000,3591000000,,4831000000,8426000000,,0.149,
9,2016,A,2016-10-31,1.42,1.40,7802000000,3556000000,,4243000000,7802000000,,0.132,
10,2015,A,2015-10-31,1.20,1.20,7479000000,3309000000,,4167000000,7479000000,,0.115,
11,2014,A,2014-10-31,1.51,1.49,10831000000,5530000000,,5298000000,10831000000,,0.528,
12,2013,A,2013-10-31,2.12,2.10,10686000000,5397000000,,5286000000,10686000000,,0.46,
13,2012,A,2012-10-31,3.31,3.27,10536000000,5351000000,,5182000000,10536000000,,0.30,
14,2011,A,2011-10-31,2.92,2.85,9057000000,4741000000,,4308000000,9057000000,,,
15,2024,AAL,2024-12-31,1.29,1.24,61783000000,,24617000000,7000000,61783000000,,,
16,2023,AAL,2023-12-31,1.26,1.21,63058000000,,28895000000,7000000,63058000000,,,
17,2022,AAL,2022-12-31,0.20,0.19,64716000000,,31844000000,6000000,64716000000,,,
18,2021,AAL,2021-12-31,-3.09,-3.09,66467000000,,35008000000,6000000,66467000000,,0,
19,2020,AAL,2020-12-31,-18.36,-18.36,62008000000,,29324000000,6000000,62008000000,43000000,0.10,43000000
20,2019,AAL,2019-12-31,3.80,3.79,59995000000,,20896000000,4000000,59995000000,178000000,0.1,180000000
21,2018,AAL,2018-12-31,0.34,0.34,60580000000,,20566000000,-169000000,60580000000,186000000,0.1,188000000
22,2017,AAL,2017-12-31,0.46,0.46,51396000000,,1800000000,3926000000,51396000000,198000000,0.1,198000000
23,2016,AAL,2016-12-31,4.85,4.81,51274000000,,212000000,3785000000,51274000000,224000000,0.40,224000000
24,2015,AAL,2015-12-31,11.39,11.07,48415000000,,1900000000,5635000000,48415000000,,0.40,278000000
25,2014,AAL,2014-12-31,4.02,3.93,43771000000,,17904000000,2021000000,43771000000,,0.20,148000000
26,2013,AAL,2013-12-31,-11.25,-11.25,42278000000,,6000000000,-2731000000,42278000000,,,
27,2012,AAL,2012-12-31,-5.60,-5.60,23510000000,,0,-7987000000,23510000000,,,
28,2011,AAL,2011-12-31,-1.31,-1.31,23848000000,,657000000,-7111000000,23848000000,,,
29,2024,AAP,2024-12-28,-5.63,-5.61,10798109000,8628167000,299110000,8000,10798109000,59855000,1.00,
30,2023,AAP,2023-12-30,0.50,0.50,12276326000,9756598000,298369000,8000,12276326000,209293000,2.25,
31,2022,AAP,2022-12-31,8.32,8.27,12018482000,9340201000,0,8000,12018482000,336230000,3.25,
32,2022,AAP,2022-01-01,9.62,9.55,12194209000,9065918000,193220000,8000,12194209000,160925000,3.25,
33,2021,AAP,2021-01-02,7.17,7.14,11839636000,,0,8000,11839636000,56347000,1.00,
34,2019,AAP,2019-12-28,6.87,6.84,5211214000,,,8000,5211214000,0,0.24,
35,2018,AAP,2018-12-29,1.85,1.84,9040648000,,,3550813000,9040648000,17819000,0.24,
36,2017,AAP,2017-12-30,1.46,1.46,8482301000,,,3415196000,8482301000,17854000,0.24,
37,2016,AAP,2016-12-31,0.75,0.74,8127701000,,,2460648000,8127701000,17649000,0.24,
38,2016,AAP,2016-01-02,0.75,0.74,8134565000,,,2460648000,8134565000,17649000,0.24,
39,2015,AAP,2015-01-03,1.15,1.15,7962358000,,,2002912000,7962358000,17580000,0.24,
40,2013,AAP,2013-12-28,5.36,5.32,5564774000,1137285000,1053584000,1516205000,5564774000,17574000,0.24,
41,2012,AAP,2012-12-29,5.29,5.22,4613814000,605876000,605088000,1210694000,4613814000,17596000,,
42,2011,AAP,2011-12-31,4.00,5.11,3655754000,1553411000,415984000,847914000,3655754000,18554000,,
43,2011,AAP,2011-01-01,4.00,3.95,3354217000,,,1039374000,3354217000,21051000,,
44,2025,AAPL,2025-09-27,7.49,7.46,359241000000,285508000000,90678000000,93568000000,359241000000,15421000000,1.02,
45,2024,AAPL,2024-09-28,6.11,6.08,364980000000,308030000000,96662000000,83276000000,364980000000,15234000000,0.98,
46,2023,AAPL,2023-09-30,6.16,6.13,352583000000,290437000000,105103000000,73812000000,352583000000,15025000000,0.94,
47,2022,AAPL,2022-09-24,6.15,6.11,352755000000,302083000000,,64849000000,352755000000,14841000000,0.90,
48,2021,AAPL,2021-09-25,5.67,5.61,351002000000,287912000000,,57365000000,351002000000,14467000000,0.85,
49,2020,AAPL,2020-09-26,3.31,3.28,323888000000,258549000000,,50779000000,323888000000,14081000000,0.795,
50,2019,AAPL,2019-09-28,11.97,11.89,338516000000,248028000000,,45174000000,338516000000,14119000000,3.00,
51,2018,AAPL,2018-09-29,2.75,2.73,365725000000,258578000000,,107147000000,365725000000,13712000000,2.72,
52,2017,AAPL,2017-09-30,2.11,2.10,375319000000,241272000000,,134047000000,375319000000,12769000000,0.57,
53,2016,AAPL,2016-09-24,1.91,1.90,321686000000,193437000000,,128249000000,321686000000,2879000000,0.52,
54,2015,AAPL,2015-09-26,9.28,9.22,290479000000,171124000000,,119355000000,290479000000,11431000000,1.98,
55,2014,AAPL,2014-09-27,6.49,6.45,231839000000,120292000000,28987000000,111547000000,231839000000,11031000000,1.82,
56,2013,AAPL,2013-09-28,40.03,39.75,207000000000,83451000000,16960000000,123549000000,207000000000,10528000000,11.40,
57,2012,AAPL,2012-09-29,44.64,44.15,176064000000,57854000000,,118210000000,176064000000,0,2.65,
58,2011,AAPL,2011-09-24,28.05,27.68,116371000000,39756000000,,76615000000,116371000000,,,
59,2024,ABBV,2024-12-31,2.40,2.39,135161000000,,66841000000,3325000000,135161000000,11025000000,6.29,
60,2023,ABBV,2023-12-31,2.73,2.72,134711000000,,59245000000,10360000000,134711000000,10539000000,5.99,
61,2022,ABBV,2022-12-31,6.65,6.63,138805000000,,63128000000,17254000000,138805000000,10043000000,5.71,
62,2021,ABBV,2021-12-31,6.48,6.45,146529000000,,1000000000,15408000000,146529000000,9261000000,5.31,
63,2020,ABBV,2020-12-31,2.73,2.72,150565000000,,84948000000,13076000000,150565000000,7716000000,4.84,
64,2019,ABBV,2019-12-31,5.30,5.28,89115000000,,67233000000,18000000,89115000000,6366000000,4.39,
65,2018,ABBV,2018-12-31,1.74,1.74,59352000000,,,-8446000000,59352000000,5580000000,0.96,
66,2017,ABBV,2017-12-31,1.07,1.06,70786000000,,,5097000000,70786000000,4107000000,0.64,
67,2016,ABBV,2016-12-31,0.83,0.83,66099000000,,,4636000000,66099000000,3717000000,0.57,
68,2015,ABBV,2015-12-31,0.64,0.63,53050000000,,,3945000000,53050000000,3294000000,0.51,
69,2014,ABBV,2014-12-31,0.61,0.61,27547000000,,,1742000000,27547000000,2661000000,0.42,
70,2013,ABBV,2013-12-31,0.61,0.60,29198000000,,,4492000000,29198000000,2555000000,2.00,
71,2024,ABBV,2024-12-31,2.40,2.39,135161000000,,66841000000,3325000000,135161000000,11025000000,6.29,
72,2023,ABBV,2023-12-31,2.73,2.72,134711000000,,59245000000,10360000000,134711000000,10539000000,5.99,
73,2022,ABBV,2022-12-31,6.65,6.63,138805000000,,63128000000,17254000000,138805000000,10043000000,5.71,
74,2021,ABBV,2021-12-31,6.48,6.45,146529000000,,1000000000,15408000000,146529000000,9261000000,5.31,
75,2020,ABBV,2020-12-31,2.73,2.72,150565000000,,84948000000,13076000000,150565000000,7716000000,4.84,
76,2019,ABBV,2019-12-31,5.30,5.28,89115000000,,67233000000,18000000,89115000000,6366000000,4.39,
77,2018,ABBV,2018-12-31,1.74,1.74,59352000000,,,-8446000000,59352000000,5580000000,0.96,
78,2017,ABBV,2017-12-31,1.07,1.06,70786000000,,,5097000000,70786000000,4107000000,0.64,
79,2016,ABBV,2016-12-31,0.83,0.83,66099000000,,,4636000000,66099000000,3717000000,0.57,
80,2015,ABBV,2015-12-31,0.64,0.63,53050000000,,,3945000000,53050000000,3294000000,0.51,
81,2014,ABBV,2014-12-31,0.61,0.61,27547000000,,,1742000000,27547000000,2661000000,0.42,
82,2013,ABBV,2013-12-31,0.61,0.60,29198000000,,,4492000000,29198000000,2555000000,2.00,
83,2024,ABBV,2024-12-31,2.40,2.39,135161000000,,66841000000,3325000000,135161000000,11025000000,6.29,
84,2023,ABBV,2023-12-31,2.73,2.72,134711000000,,59245000000,10360000000,134711000000,10539000000,5.99,
85,2022,ABBV,2022-12-31,6.65,6.63,138805000000,,63128000000,17254000000,138805000000,10043000000,5.71,
86,2021,ABBV,2021-12-31,6.48,6.45,146529000000,,1000000000,15408000000,146529000000,9261000000,5.31,
87,2020,ABBV,2020-12-31,2.73,2.72,150565000000,,84948000000,13076000000,150565000000,7716000000,4.84,
88,2019,ABBV,2019-12-31,5.30,5.28,89115000000,,67233000000,18000000,89115000000,6366000000,4.39,
89,2018,ABBV,2018-12-31,1.74,1.74,59352000000,,,-8446000000,59352000000,5580000000,0.96,
90,2017,ABBV,2017-12-31,1.07,1.06,70786000000,,,5097000000,70786000000,4107000000,0.64,
91,2016,ABBV,2016-12-31,0.83,0.83,66099000000,,,4636000000,66099000000,3717000000,0.57,
92,2015,ABBV,2015-12-31,0.64,0.63,53050000000,,,3945000000,53050000000,3294000000,0.51,
93,2014,ABBV,2014-12-31,0.61,0.61,27547000000,,,1742000000,27547000000,2661000000,0.42,
94,2013,ABBV,2013-12-31,0.61,0.60,29198000000,,,4492000000,29198000000,2555000000,2.00,
95,2012,ABBV,2012-12-31,,,,,,,,,,
96,2024,ABNB,2024-12-31,,,20959000000,12547000000,,0,20959000000,,,
97,2023,ABNB,2023-12-31,,,20645000000,12480000000,,0,20645000000,,,
98,2022,ABNB,2022-12-31,,,16038000000,10478000000,,0,16038000000,,,
99,2021,ABNB,2021-12-31,,,13708474000,8932761000,2000000000,63000,13708474000,,,
100,2020,ABNB,2020-12-31,,,,,,,,,,
101,2024,ABT,2024-12-31,7.67,7.64,3087000000,,14125000000,47664000000,81414000000,,2.24,
102,2023,ABT,2023-12-31,3.28,3.26,3118000000,,14679000000,38603000000,73214000000,,2.08,
103,2022,ABT,2022-12-31,3.94,3.91,2883000000,,16773000000,36686000000,74438000000,,1.92,
104,2021,ABT,2021-12-31,3.97,3.94,2789000000,,18050000000,35802000000,75196000000,,1.82,
105,2020,ABT,2020-12-31,2.52,2.50,2888000000,,18534000000,32784000000,72548000000,,1.53,
106,2019,ABT,2019-12-31,2.07,2.06,2858000000,,17938000000,31088000000,67887000000,,1.32,
107,2018,ABT,2018-12-31,0.24,0.23,67173000000,,19366000000,30524000000,67173000000,,1.16,
108,2017,ABT,2017-12-31,0.24,0.24,76250000000,,194200000,30897000000,76250000000,,1.075,
109,2016,ABT,2016-12-31,0.21,0.21,52666000000,,20684000000,20538000000,52666000000,,1.045,
110,2015,ABT,2015-12-31,1.52,1.51,41247000000,,5874000000,21211000000,41247000000,1443000000,0.98,
111,2014,ABT,2014-12-31,0.24,0.24,41275000000,,3463000000,21526000000,41275000000,1342000000,0.90,
112,2013,ABT,2013-12-31,0.35,0.34,1181000000,,3397000000,25171000000,42953000000,882000000,0.64,
113,2012,ABT,2012-12-31,3.76,3.72,67234944000,,18394000000,26720961000,67234944000,3182811000,1.67,
114,2011,ABT,2011-12-31,3.03,3.01,60276893000,,13067000000,24439833000,60276893000,2938096000,1.92,
115,2024,ACGL,2024-12-31,11.47,11.19,70906000000,50086000000,,830000000,70906000000,,5.00,
116,2023,ACGL,2023-12-31,11.94,11.62,58906000000,40551000000,,830000000,58906000000,,,
117,2022,ACGL,2022-12-31,3.90,3.80,47990507000,35069605000,,830000000,47990507000,,,
118,2021,ACGL,2021-12-31,5.34,5.23,45100945000,31545816000,,830000000,45100945000,,,
119,2020,ACGL,2020-12-31,3.38,3.32,39791983000,26789149000,,780000000,43282297000,,,
120,2019,ACGL,2019-12-31,3.97,3.87,34374468000,22977636000,,780000000,11825494000,,,
121,2018,ACGL,2018-12-31,0.34,0.33,32218329000,21780650000,,9439827000,32218329000,,,
122,2017,ACGL,2017-12-31,1.80,1.74,32051658000,21805723000,,9196602000,32051658000,,,
123,2016,ACGL,2016-12-31,1.24,1.20,29372109000,20060984000,,8253718000,29372109000,,,
124,2015,ACGL,2015-12-31,2.24,2.16,23177270000,16028376000,,6204881000,23177270000,,,
125,2014,ACGL,2014-12-31,1.34,1.30,22009543000,14890897000,,6130053000,22009543000,,,
126,2013,ACGL,2013-12-31,5.24,5.07,19566094000,13918598000,,5647496000,19566094000,,,
127,2012,ACGL,2012-12-31,4.15,4.03,17816762000,12647884000,,,17816762000,,,
128,2011,ACGL,2011-12-31,3.10,2.97,17141769000,12513283000,,,17141769000,,,
129,2025,ACN,2025-08-31,12.29,12.15,65394897000,,4967226000,31195446000,65394897000,,1.63,3831366000
130,2024,ACN,2024-08-31,11.57,11.44,55932363000,,,28288646000,55932363000,,1.48,3367455000
131,2023,ACN,2023-08-31,10.90,10.77,51245305000,,,25692839000,51245305000,,,2938102000
132,2022,ACN,2022-08-31,10.87,10.71,47263390000,,,22106097000,47263390000,,,2558186000
133,2021,ACN,2021-08-31,9.31,9.16,43175843000,,,19529454000,43175843000,,,2322394000
134,2020,ACN,2020-08-31,8.03,7.89,37078593000,,,17000536000,37078593000,,,-77259000
135,2019,ACN,2019-08-31,7.49,7.36,29789880000,,,14409008000,29789880000,,,-57012000
136,2018,ACN,2018-08-31,1.40,1.37,24449083000,,,10364753000,24449083000,,,1708724000
137,2017,ACN,2017-08-31,1.35,1.33,22689890000,,,8949477000,22689890000,,,1567578000
138,2016,ACN,2016-08-31,2.12,2.08,20609004000,,,7555262000,20609004000,,,1438138000
139,2015,ACN,2015-08-31,1.10,1.08,18266058000,,,6133725000,18266058000,,,1353471000
140,2014,ACN,2014-08-31,4.64,4.52,17930452000,,,5732035000,17930452000,,,1178890000
141,2013,ACN,2013-08-31,5.08,4.93,16867049000,,,4960186000,16867049000,,,1097643000
142,2012,ACN,2012-08-31,3.97,3.84,16665415000,,,4145833000,16665415000,,,868351000
143,2011,ACN,2011-08-31,3.53,3.40,15731510000,,,3878951000,15731510000,,,643642000
144,2025,ADBE,2025-11-28,16.73,16.70,29496000000,17873000000,6210000000,0,29496000000,,,
145,2024,ADBE,2024-11-29,12.43,12.36,30230000000,16125000000,4129000000,0,30230000000,,,
146,2023,ADBE,2023-12-01,11.87,11.82,29779000000,13261000000,3634000000,0,29779000000,,,
147,2022,ADBE,2022-12-02,10.13,10.10,27165000000,13114000000,3629000000,0,27165000000,,,
148,2021,ADBE,2021-12-03,10.10,10.02,27241000000,12444000000,4123000000,0,27241000000,,,
149,2020,ADBE,2020-11-27,10.94,10.83,24284000000,11020000000,4117000000,0,24284000000,,,
150,2019,ADBE,2019-11-29,6.07,6.00,20762400000,10232245000,,61000,20762400000,,,
151,2018,ADBE,2018-11-30,1.18,1.17,18768682000,9406568000,,9362114000,18768682000,,,
152,2017,ADBE,2017-12-01,0.81,0.80,14535556000,6075687000,,8459869000,14535556000,,,
153,2016,ADBE,2016-12-02,0.51,0.50,12707114000,5282279000,,7424835000,12707114000,,,
154,2015,ADBE,2015-11-27,0.17,0.17,11726472000,4724892000,,7001580000,11726472000,,,
155,2014,ADBE,2014-11-28,0.54,0.53,10785829000,4009924000,,6775905000,10785829000,,,
156,2013,ADBE,2013-11-29,0.58,0.56,10380298000,3655664000,,6724634000,10380298000,,,
157,2012,ADBE,2012-11-30,1.68,1.66,9974523000,3309341000,,6665182000,9974523000,,,
158,2011,ADBE,2011-12-02,1.67,1.65,8991183000,3208070000,,5783113000,8991183000,,,
159,2025,ADI,2025-11-01,4.59,4.56,47992712000,,0,33815755000,47992712000,,3.89,1924413000
160,2024,ADI,2024-11-02,3.30,3.28,48228277000,,0,35176317000,48228277000,,3.62,1795459000
161,2023,ADI,2023-10-28,6.60,6.55,48794478000,,0,35565122000,48794478000,,0.86,1679106000
162,2022,ADI,2022-10-29,5.29,5.25,50302350000,,0,36465323000,50302350000,,0.76,1544552000
163,2021,ADI,2021-10-30,,,52322071000,,0,37992542000,52322071000,,0.69,
164,2020,ADI,2020-10-31,,,21468603000,,0,11997945000,21468603000,,,
165,2019,ADI,2019-11-02,0.75,0.74,21392641000,,0,11709188000,21392641000,,,
166,2018,ADI,2018-11-03,0.72,0.71,20449779000,,,10988540000,20449779000,,,
167,2017,ADI,2017-10-28,0.70,0.69,21141294000,,,10161540000,21141294000,,,
168,2016,ADI,2016-10-29,0.53,0.52,7970278000,,,5165618000,7970278000,,,
169,2015,ADI,2015-10-31,0.57,0.57,7062178000,,,5072959000,7062178000,,,
170,2014,ADI,2014-11-01,0.57,0.59,6859690000,,,4757897000,6859690000,,,
171,2013,ADI,2013-11-02,2.19,2.14,6381750000,,,4739576000,6381750000,,,
172,2012,ADI,2012-11-03,2.18,2.13,5620347000,,,4165359000,5620347000,,,
173,2011,ADI,2011-10-29,0.74,0.72,5277635000,,,3795413000,5277635000,,,
174,2024,ADM,2024-12-31,3.66,3.65,53271000000,,672000000,,53271000000,985000000,,
175,2023,ADM,2023-12-31,2.13,2.12,25473000000,,998000000,,54631000000,977000000,,
176,2022,ADM,2022-12-31,7.72,7.71,28657000000,,997000000,,59774000000,899000000,,
177,2021,ADM,2021-12-31,4.80,4.79,25976000000,,996000000,,56136000000,834000000,,
178,2020,ADM,2020-12-31,0.69,0.12,24792000000,,995000000,,49719000000,809000000,,
179,2019,ADM,2019-12-31,0.41,0.41,21927000000,,994000000,,43997000000,789000000,,
180,2018,ADM,2018-12-31,0.70,0.70,40833000000,,8280000000,,40833000000,758000000,,
181,2017,ADM,2017-12-31,0.59,0.59,39963000000,,6636000000,,39963000000,730000000,,
182,2016,ADM,2016-12-31,0.39,0.39,39769000000,,6777000000,,39769000000,701000000,,
183,2015,ADM,2015-12-31,0.78,0.77,40157000000,,5791000000,,40157000000,687000000,,
184,2014,ADM,2014-12-31,0.40,0.40,44027000000,,5582000000,,44027000000,624000000,,
185,2013,ADM,2013-12-31,2.03,2.02,43752000000,,1144000000,,43752000000,501000000,,
186,2012,ADM,2012-06-30,1.84,1.84,41553000000,,8212000000,,41553000000,455000000,,
187,2011,ADM,2011-06-30,0.91,0.86,42193000000,,1026000000,,42193000000,395000000,,
188,2025,ADP,2025-06-30,10.02,9.98,46763000000,47181300000,,6188000000,53369300000,2398900000,6.02,
189,2024,ADP,2024-06-30,9.14,9.10,47989900000,49815100000,,4547600000,54362700000,2183100000,5.45,
190,2023,ADP,2023-06-30,8.25,8.21,44565900000,47461900000,,3509100000,50971000000,1903600000,4.79,
191,2022,ADP,2022-06-30,7.04,7.00,56856200000,59842900000,,3225300000,63068200000,1659000000,4.05,
192,2021,ADP,2021-06-30,6.10,6.07,50279300000,43102400000,,5670100000,48772500000,1575500000,3.70,
193,2020,ADP,2020-06-30,5.73,5.70,37071700000,33413300000,,5752200000,39165500000,1470500000,3.52,
194,2019,ADP,2019-06-30,5.27,5.24,41887700000,36487800000,,5399900000,41887700000,1293000000,3.06,
195,2018,ADP,2018-06-30,3.68,3.66,37088700000,33629100000,,3459600000,37088700000,1063700000,2.52,
196,2017,ADP,2017-06-30,3.87,3.85,37180000000,33203000000,,3977000000,37180000000,995200000,2.24,
197,2016,ADP,2016-06-30,3.27,3.25,43670000000,39188400000,,4481600000,43670000000,943600000,2.08,
198,2015,ADP,2015-06-30,3.07,3.05,33110500000,28302000000,,4808500000,33110500000,927600000,1.95,
199,2014,ADP,2014-06-30,3.17,3.14,32051700000,25381500000,,6670200000,32051700000,883100000,1.88,
200,2013,ADP,2013-06-30,2.91,2.89,32268100000,26078200000,,6189900000,32268100000,805500000,1.70,
201,2012,ADP,2012-06-30,2.85,2.82,30815500000,24701500000,,6114000000,30815500000,739700000,1.55,
202,2011,ADP,2011-06-30,2.54,2.52,34238300000,28227900000,37000000,6010400000,34238300000,692400000,1.42,
203,2025,ADSK,2025-01-31,5.17,5.12,10833000000,,2300000000,4239000000,10833000000,0,,
204,2024,ADSK,2024-01-31,4.23,4.19,9912000000,,2300000000,3802000000,9912000000,0,,
205,2023,ADSK,2023-01-31,3.81,3.78,9438000000,,2300000000,3325000000,9438000000,0,,
206,2022,ADSK,2022-01-31,2.26,2.24,8606800000,,2650000000,2923100000,8606800000,0,,
207,2021,ADSK,2021-01-31,5.51,5.44,7279800000,,1650000000.0,2578900000,7279800000,0,,
208,2020,ADSK,2020-01-31,0.98,0.96,6179300000,,2100000000.0,2317000000.0,6179300000,0,,
209,2019,ADSK,2019-01-31,-0.37,-0.37,4729200000,,2087700000,2071500000,4729200000,,,
210,2018,ADSK,2018-01-31,-2.58,-2.58,4113600000,,1586000000.0,1952700000,4113600000,,,
211,2017,ADSK,2017-01-31,-0.78,-0.78,4798100000,,1092000000,733600000,4798100000,,,
212,2016,ADSK,2016-01-31,-0.17,-0.17,5515300000,,1487700000,1619600000,5515300000,,,
213,2015,ADSK,2015-01-31,0.05,0.05,4913800000,,747200000,2219200000,4913800000,,,
214,2014,ADSK,2014-01-31,1.02,1.00,4595000000,,746400000,2261500000,4595000000,,,
215,2013,ADSK,2013-01-31,1.09,1.07,4308400000,,745600000,2043200000,4308400000,,,
216,2012,ADSK,2012-01-31,1.25,1.22,3227800000,,,1882900000,3227800000,,,
217,2011,ADSK,2011-01-31,0.93,0.90,2787600000,,,1609300000,2787600000,,,
218,2024,ADT,2024-12-31,0.56,0.52,16050957000,12250156000,7791903000,8366000,16050957000,182266000,0.055,47059000
219,2023,ADT,2023-12-31,0.51,0.51,15964094000,12175448000,7937291000,8674000,15964094000,128587000,0.035,30342000
220,2022,ADT,2022-12-31,0.19,0.19,17872825000,14439722000,9937368000,8621000,17872825000,127125000,0.035,29842000
221,2021,ADT,2021-12-31,-0.41,-0.41,16894351000,13645632000,9836758000,8468000,16894351000,116348000,0.035,27220000
222,2020,ADT,2020-12-31,-0.82,-0.82,16116936000,13077600000,,-2341000,16116936000,109328000,0.035,111868000
223,2019,ADT,2019-12-31,-0.57,-0.57,16083652000,12899283000,,7536000,16083652000,564767000,0.035,633223000
224,2018,ADT,2018-12-31,-0.81,-0.81,17208608000,12983803000,,7669000,17208608000,79439000,0.035,107355000
225,2017,ADT,2017-12-31,,,,,,,,,,
226,2024,AEE,2024-12-31,4.43,4.42,44598000000,4639000000,3400000000,12114000000,44598000000,,,
227,2023,AEE,2023-12-31,4.39,4.38,40830000000,4082000000,3850000000,11349000000,40830000000,,,
228,2022,AEE,2022-12-31,4.16,4.14,37904000000,3207000000,2550000000,10508000000,37904000000,,,
229,2021,AEE,2021-12-31,3.86,3.84,35735000000,3018000000,2550000000,9700000000,35735000000,,,
230,2020,AEE,2020-12-31,3.53,3.50,32030000000,2265000000,1600000000,8938000000,32030000000,,,
231,2019,AEE,2019-12-31,3.37,3.35,28933000000,1500000000,1150000000,8059000000,28933000000,,,
232,2018,AEE,2018-12-31,0.62,0.62,27215000000,1360000000,8509000000,7631000000,27215000000,,,
233,2017,AEE,2017-12-31,0.42,0.42,25945000000,1264000000,7995000000,7184000000,25945000000,,,
234,2016,AEE,2016-12-31,0.43,0.43,24699000000,1392000000,7326000000,7103000000,24699000000,,,
235,2015,AEE,2015-12-31,0.45,0.45,23640000000,1220000000,7331000000,6946000000,23640000000,,,
236,2014,AEE,2014-12-31,0.40,0.40,22676000000,853000000,6251000000,6713000000,22676000000,,,
237,2013,AEE,2013-12-31,1.19,1.18,21042000000,1141000000,425000000,6544000000,21042000000,,,
238,2012,AEE,2012-12-31,,,21835000000,547000000,425000000,6616000000,21835000000,,,
239,2011,AEE,2011-11-23,,,23645000000,721000000,6866000000,7919000000,23645000000,,,
240,2024,AEP,2024-12-31,5.60,5.58,15199600000,76054100000,42642800000,26943800000,103078000000,,3.57,1898300000
241,2023,AEP,2023-12-31,4.26,4.24,13990700000,71355600000,40143200000,25246700000,96684000000,,3.37,1752300000
242,2022,AEP,2022-12-31,4.51,4.49,12892200000,69301100000,35622600000,23893400000,93469400000,,3.17,1628700000
243,2021,AEP,2021-12-31,4.97,4.96,11836700000,64945200000,14051800000,22433200000,87668700000,,3.00,1507700000
244,2020,AEP,2020-12-31,4.44,4.42,11030200000,59937500000,13475200000,20550900000,80757200000,,2.84,1415000000.0
245,2019,AEP,2019-12-31,3.89,3.88,10589100000,55870500000,12925700000,19632200000,75892300000,,2.71,1345500000
246,2018,AEP,2018-12-31,3.90,3.90,68802800000,49634600000,23346700000,19028400000,68802800000,,2.53,1255500000
247,2017,AEP,2017-12-31,3.89,3.88,64729100000,46403600000,21173300000,18287000000,64729100000,,2.39,1191900000
248,2016,AEP,2016-12-31,1.02,1.02,63467700000,46047600000,20256400000,17397000000,63467700000,,2.27,1121000000
249,2015,AEP,2015-12-31,1.29,1.29,61683100000,43778200000,19572700000,17891700000,61683100000,,2.15,1059000000
250,2014,AEP,2014-12-31,1.15,1.15,59633000000,42809000000,18684000000,16820000000,59633000000,,2.03,998000000
251,2013,AEP,2013-12-31,3.04,3.04,56414000000,40328000000,18377000000,16085000000,56414000000,,1.95,950000000
252,2012,AEP,2012-12-31,2.60,2.60,54367000000,39130000000,17757000000,15237000000,54367000000,,1.88,913000000
253,2011,AEP,2011-12-31,4.02,4.02,52223000000,37558000000,16516000000,14664000000,52223000000,,1.85,894000000
254,2024,AES,2024-12-31,2.38,2.36,17028000000,,8200000000,3644000000,47406000000,,0.6935,
255,2023,AES,2023-12-31,0.37,0.35,15735000000,,639000000,2488000000,44799000000,,0.6702,
256,2022,AES,2022-12-31,-0.82,-0.82,20531000000,,,2437000000,38363000000,,0.6399,
257,2021,AES,2021-12-31,-0.61,-0.61,16512000000,,,2798000000,32963000000,,0.6095,
258,2020,AES,2020-12-31,0.07,0.07,14464000000,,,2634000000,34603000000,,0.5804,
259,2019,AES,2019-12-31,0.46,0.45,13334000000,,,2996000000,33648000000,,0.5528,
260,2018,AES,2018-12-31,1.82,1.81,32521000000,,,3208000000,32521000000,,0.53,
261,2017,AES,2017-12-31,0.04,0.04,33112000000,,,2465000000,33112000000,,0.13,
262,2016,AES,2016-12-31,0.19,0.19,36119000000,,,2794000000,36119000000,,0.12,
263,2015,AES,2015-12-31,0.20,0.20,36850000000,,,3149000000,36850000000,,0.11,
264,2014,AES,2014-12-31,-0.08,-0.08,38966000000,,,4272000000,38966000000,,0.10,
265,2013,AES,2013-12-31,0.15,0.15,40411000000,,,4330000000,40411000000,,0.17,
266,2012,AES,2012-12-31,-1.21,-1.21,41830000000,,,4569000000,41830000000,,0.08,
267,2011,AES,2011-12-31,0.07,0.07,620000000,170000000,,5946000000,45333000000,,,
268,2024,AFL,2024-12-31,9.68,9.63,90210000000,91468000000,,136000000,117566000000,1087000000,2.08,
269,2023,AFL,2023-12-31,7.81,7.78,101541000000,104739000000,,136000000,126724000000,966000000,1.76,
270,2022,AFL,2022-12-31,6.62,6.59,131017000000,108652000000,,135000000,131017000000,979000000,1.62,
271,2021,AFL,2021-12-31,6.42,6.39,128536000000,124289000000,,135000000,157542000000,855000000,1.39,
272,2020,AFL,2020-12-31,6.69,6.67,137271000000,131527000000,,135000000,165086000000,769000000,1.45,
273,2019,AFL,2019-12-31,4.45,4.43,127523000000,123809000000,,135000000,152768000000,771000000,1.08,
274,2018,AFL,2018-12-31,3.79,3.77,118342000000,116944000000,,135000000,140406000000,793000000,1.04,
275,2017,AFL,2017-12-31,1.48,1.47,137217000000,112619000000,,24598000000,137217000000,661000000,1.74,
276,2016,AFL,2016-12-31,1.75,1.74,129819000000,109337000000,,20482000000,129819000000,658000000,1.66,
277,2015,AFL,2015-12-31,1.52,1.51,118296000000,100588000000,,17708000000,118296000000,656000000,1.58,
278,2014,AFL,2014-12-31,1.61,1.60,119767000000,101420000000,,18347000000,119767000000,654000000,1.50,
279,2013,AFL,2013-12-31,6.80,6.76,121307000000,106687000000,,14620000000,121307000000,635000000,1.42,
280,2012,AFL,2012-12-31,6.14,6.11,131094000000,115116000000,,15978000000,131094000000,603000000,1.34,
281,2011,AFL,2011-12-31,4.21,4.18,117102000000,103596000000,,13506000000,117102000000,552000000,1.23,
282,2024,AIG,2024-12-31,-2.19,-2.17,161322000000,118772000000,0,42521000000,161322000000,,1.56,1002000000
283,2023,AIG,2023-12-31,5.02,4.98,139371000000,488005000000,44000000,45351000000,539306000000,,,997000000
284,2022,AIG,2022-12-31,13.16,13.01,147102000000,484399000000,45000000,40002000000,526634000000,,,982000000
285,2021,AIG,2021-12-31,10.95,10.82,159000000000,527200000000,23741000000,65956000000,596112000000,,,0
286,2020,AIG,2020-12-31,-6.88,-6.88,156590000000,519282000000,9431000000,66362000000,586481000000,,,0
287,2019,AIG,2019-12-31,3.79,3.74,109871000000,3046000000,9871000000,5084000000,5447000000,190000000,,0
288,2018,AIG,2018-12-31,-0.01,-0.01,-102865000000,434675000000,333000000,-63650000000,491984000000,-5947000000,,1138000000
289,2017,AIG,2017-12-31,-6.54,-6.54,-11422000000,-41549000000,0,29764000000,99703000000,1172000000,1.28,1172000000
290,2016,AIG,2016-12-31,-0.78,-0.78,-114558000000,428757000000,1099000000,76300000000,-114558000000,1372000000,1.28,1372000000
291,2015,AIG,2015-12-31,1.69,1.65,496943000000,406733000000,2200000000,89658000000,30615000000,-2178000000,0.81,1028000000
292,2014,AIG,2014-12-31,5.27,5.2,-141485000000,28337000000,27681000000,-99414000000,-141485000000,14085000000,0.5,0
293,2013,AIG,2013-12-31,6.16,6.13,161098000000,38113000000,5231000000,100470000000,138583000000,-3991000000,0.20,294000000
294,2012,AIG,2012-12-31,,,548633000000,449630000000,5705000000,98002000000,548633000000,,,
295,2011,AIG,2011-12-31,,,167342000000,62391000000,21584000000,104951000000,167342000000,,,
296,2024,AIV,2024-12-31,-0.75,-0.75,1956910000,1644613000,1070660000,122957000,1956910000,,0,
297,2023,AIV,2023-12-31,-1.16,-1.16,2089475000,1497865000,1147741000,349652000,2089475000,,0,
298,2022,AIV,2022-12-31,0.50,0.49,2181223000,1389039000,1048199000,547852000,2181223000,,0.02,
299,2021,AIV,2021-12-31,-0.04,-0.04,2434101000,1838074000,1180834000,500565000,2434101000,,,
300,2020,AIV,2020-12-31,-0.03,-0.03,1840492000,1277138000,982094000,499778000,1840492000,,47.50,
301,2019,AIV,2019-12-31,3.16,3.15,6828739000,4866164000,4505590000,1780649000,6828739000,,1.56,
302,2018,AIV,2018-12-31,0.52,0.52,6190004000,4325072000,4075665000,1699419000,6190004000,,1.52,
303,2017,AIV,2017-12-31,0.07,0.07,6079040000,4321750000,3861770000,1663144000,6079040000,,1.44,
304,2016,AIV,2016-12-31,0.15,0.15,6232818000,4184651000,3884632000,1793903000,6232818000,,1.32,
305,2015,AIV,2015-12-31,0.58,0.58,6144194000,4292363000,3873160000,1622391000,6144194000,,1.18,
306,2014,AIV,2014-12-31,0.44,0.44,6097028000,4566986000,4135139000,1227735000,6097028000,,1.04,
307,2013,AIV,2013-12-31,,,6079413000,4826716000,,967457000,6079413000,,0.96,
308,2012,AIV,2012-12-31,,,6401380000,5166440000,,915425000,6401380000,,0.76,
309,2011,AIV,2011-12-31,,,6871862000,5643804000,,908329000,6871862000,,0.48,
310,2024,AIZ,2024-12-31,14.55,14.46,27468000000,29913900000,,500000,35020600000,,2.96,155900000
311,2023,AIZ,2023-12-31,12.02,11.95,27642900000,28825700000,,4809500000,33635200000,,2.82,152300000
312,2022,AIZ,2022-12-31,5.09,5.05,27011300000,28895100000,300000000,4228700000,33123800000,,2.74,150200000
313,2021,AIZ,2021-12-31,23.13,22.83,13609900000,28421800000,,5489700000,33911500000,,2.66,157600000
314,2020,AIZ,2020-12-31,7.04,6.99,0,0,,5951400000,44649900000,,2.55,154600000
315,2019,AIZ,2019-12-31,5.87,5.84,22893700000,38609100000,49900000,5652800000,44291200000,,2.43,151400000
316,2018,AIZ,2018-12-31,4.00,3.98,3949900000,35955400000,0,5112000000.0,41089300000,,2.28,133800000
317,2017,AIZ,2017-12-31,9.45,9.39,4809600000,27561500000,,4270600000,31843000000.0,119000000.0,,
318,2016,AIZ,2016-12-31,3.38,3.34,29709128000,25611028000,,4098100000,29709128000,125346000,,
319,2015,AIZ,2015-12-31,0.72,0.71,30043128000,25519161000,,4523967000,30043128000,94168000,,
320,2014,AIZ,2014-12-31,1.88,1.86,31562466000,26381159000,,5181307000,31562466000,77495000,,
321,2013,AIZ,2013-12-31,1.47,1.46,29714689000,24881210000,,4833479000,29714689000,74128000,,
322,2012,AIZ,2012-12-31,1.84,1.81,28946607000,23761241000,,5185366000,28946607000,69393000,,
323,2011,AIZ,2011-12-31,1.40,1.39,27115445000,22088509000,325704000,,27115445000,67385000,,
324,2024,AJG,2024-12-31,6.63,6.5,20910600000,44075600000,13073000000,20153500000,64255200000,,2.4,
325,2023,AJG,2023-12-31,4.51,4.42,500000,40800500000,7498000000,10775300000,51615800000,,2.2,
326,2022,AJG,2022-12-31,5.30,5.19,14800000,29717600000,5848000000.0,9143600000,38907800000,,2.04,
327,2021,AJG,2021-12-31,4.47,4.37,19400000,24784900000,6048000000.0,8508400000,33345000000.0,,1.92,
328,2020,AJG,2020-12-31,4.29,4.20,19000000.0,16098700000,4348000000.0,6186200000,22331400000,,1.80,
329,2019,AJG,2019-12-31,3.60,3.52,16300000,14419300000,3923000000.0,5155500000,19634800000,,1.72,
330,2018,AJG,2018-12-31,3.47,3.40,16334000000,11764300000,19900000,4498900000,16334000000,,1.64,
331,2017,AJG,2017-12-31,2.57,2.54,12897400000,8732500000,19700000,4105200000,12897400000,,1.56,
332,2016,AJG,2016-12-31,2.33,2.32,11489600000,7833800000,26900000,3596600000,11489600000,,1.52,
333,2015,AJG,2015-12-31,2.07,2.06,10913800000,7225600000,62800000,3638300000,10913800000,,1.48,
334,2014,AJG,2014-12-31,1.98,1.97,10010000000,6780600000,46100000,3229400000,10010000000,,1.44,
335,2013,AJG,2013-12-31,2.08,2.06,6860500000,4775000000,36500000,2085500000,6860500000,,1.40,
336,2012,AJG,2012-12-31,1.61,1.59,5352300000,3693700000,32400000,1658600000,5352300000,,1.36,
337,2011,AJG,2011-12-31,0.14,0.14,4483500000,3239900000,17400000,1243600000,4483500000,,1.32,
338,2024,AKAM,2024-12-31,0.26,0.26,10368785000,5490428000,1251646000,1556000,10368785000,,,
339,2023,AKAM,2023-12-31,0.34,0.34,9900037000,5302882000,1248522000,1512000,9900037000,,,
340,2022,AKAM,2022-12-31,0.32,0.32,8303400000,3943213000,1141293000,1565000,8303400000,,,
341,2021,AKAM,2021-12-31,4.01,3.93,8138673000,3608659000,980970000,1605000,8138673000,,,
342,2020,AKAM,2020-12-31,0.12,3.37,7764130000,3512834000,953641000,1627000,7764130000,,,
343,2019,AKAM,2019-12-31,2.94,2.90,7006886000,3348928000,927072000,1620000,7006886000,,,
344,2018,AKAM,2018-12-31,0.32,0.31,5461770000,2269910000,686552000,3191860000,5461770000,,,
345,2017,AKAM,2017-12-31,0.47,0.46,4602844000,1292121000,,3310723000,4602844000,,,
346,2016,AKAM,2016-12-31,0.42,0.42,4373146000,1148776000,,3224370000,4373146000,,,
347,2015,AKAM,2015-12-31,0.44,0.43,4187925000,1067047000,,3120878000,4187925000,,,
348,2014,AKAM,2014-12-31,0.41,0.40,4001546000,1056211000,,2945335000,4001546000,,,
349,2013,AKAM,2013-12-31,1.65,1.61,2957685000,328254000,,2629431000,2957685000,,,
350,2012,AKAM,2012-12-31,1.15,1.12,2600627000,254873000,,2345754000,2600627000,,,
351,2011,AKAM,2011-12-31,1.09,1.07,2345501000,189251000,,2156250000,2345501000,,,
352,2024,ALB,2024-12-31,-11.20,-11.20,3675669000,2117703000,393346000,9961517000,16609649000,,1.61,189227000
353,2023,ALB,2023-12-31,13.41,13.36,3745320000,2041202000,416501000,9412180000,18270652000,,1.60,
354,2022,ALB,2022-12-31,22.97,22.84,3587483000,1945984000,401265000,7982627000,15456522000,,1.58,
355,2021,ALB,2021-12-31,1.07,1.06,2076688000,949220000,426571000,5625266000,10974118000,,1.56,
356,2020,ALB,2020-12-31,3.53,3.52,2039645000,885250000,610800000,4268227000,10450946000,,1.54,
357,2019,ALB,2019-12-31,5.03,5.02,6570791000,,549241000,3932250000,9860863000,,1.47,
358,2018,ALB,2018-12-31,6.40,6.34,7581674000,,1705210000,3585321000,7581674000,,1.34,
359,2017,ALB,2017-12-31,0.49,0.49,7750772000,,1837372000,3674549000,7750772000,,1.28,
360,2016,ALB,2016-12-31,2.03,2.02,8161207000,,2369262000,3795062000,8161207000,,1.22,
361,2015,ALB,2015-12-31,0.40,0.40,9615014000,,,3254392000,9615014000,,1.16,
362,2014,ALB,2014-12-31,0.71,0.71,5223103000,,2934131000,1359465000,5223103000,0,1.10,
363,2013,ALB,2013-12-31,4.93,4.90,3584797000,,1078864000,1627361000,3584797000,,0.96,
364,2012,ALB,2012-12-31,3.49,3.47,3437291000,,699288000,1833598000,3437291000,,0.80,
365,2011,ALB,2011-12-31,1.16,1.15,3203824000,,763673000,1591277000,3203824000,,0.67,
366,2024,ALGN,2024-12-31,5.63,5.62,6214600000,2362615000,,7000,6214600000,,,
367,2023,ALGN,2023-12-31,0.05,0.05,6083877000,2453388000,,7000,6083877000,,,
368,2022,ALGN,2022-12-31,4.62,4.61,5947947000,2346589000,,8000,5947947000,,,
369,2021,ALGN,2021-12-31,9.78,9.69,5942110000,2319396000,,8000,5942110000,,,
370,2020,ALGN,2020-12-31,22.55,22.41,4829683000,1595818000,,8000,4829683000,,,
371,2019,ALGN,2019-12-31,5.57,5.53,2500702000,1154533000,,8000,2500702000,,,
372,2018,ALGN,2018-12-31,5.00,4.92,2052458000,799567000,,1252891000,2052458000,,,
373,2017,ALGN,2017-12-31,2.89,2.83,1777856000,627486000,,1150370000,1777856000,,,
374,2016,ALGN,2016-12-31,2.38,2.33,1396151000,400762000,,995389000,1396151000,,,
375,2015,ALGN,2015-12-31,1.80,1.77,1158633000,310707000,,847926000,1158633000,,,
376,2014,ALGN,2014-12-31,1.81,1.77,987997000,235226000,,752771000,987997000,,,
377,2013,ALGN,2013-12-31,0.80,0.78,832147000,198177000,,633970000,832147000,,,
378,2012,ALGN,2012-12-31,0.73,0.71,756312000,174995000,,581317000,756312000,,,
379,2011,ALGN,2011-12-31,0.86,0.83,649264000,158483000,,490781000,649264000,,,
380,2024,ALK,2024-12-31,3.13,3.08,24664000000,,4933000000,1000000,19768000000,,,
381,2023,ALK,2023-12-31,1.84,1.83,19937000000,,80000000,1000000,14613000000,,,
382,2022,ALK,2022-12-31,0.46,0.45,19733000000,,113000000,1000000,14186000000,0,,
383,2021,ALK,2021-12-31,3.82,3.77,19258000000,,163000000,1000000,13951000000,0,,
384,2020,ALK,2020-12-31,-10.72,-10.72,19754000000,,198000000,1000000,14046000000,45000000,0.375,
385,2019,ALK,2019-12-31,6.24,6.19,19207000000,,475000000,1000000,12993000000,173000000,1.40,
386,2018,ALK,2018-12-31,3.55,3.52,10912000000,,2103000000,3751000000,10912000000,158000000,0.32,
387,2017,ALK,2017-12-31,8.39,8.35,10740000000,1244000000,2569000000,3721000000,10740000000,148000000,0.30,
388,2016,ALK,2016-12-31,6.59,6.54,9962000000,1143000000,2964000000,2931000000,9962000000,136000000,0.275,
389,2015,ALK,2015-12-31,6.61,6.56,6533000000,814000000,686000000,2411000000,6533000000,102000000,0.20,
390,2014,ALK,2014-12-31,4.47,4.42,6181000000,730000000,803000000,2127000000,6181000000,68000000,0.20,
391,2013,ALK,2013-12-31,7.26,7.16,5838000000,656000000,168000000,2029000000,5838000000,28000000,0.40,
392,2012,ALK,2012-12-31,4.47,4.40,5505000000,730000000,188000000,1421000000,5505000000,,,
393,2011,ALK,2011-12-31,6.81,6.66,5195000000,680500000,1306900000,1173200000,5195000000,,,
394,2024,ALL,2024-12-31,17.22,16.99,96988000000,90250000000,8085000000,21442000000,111617000000,0,3.68,
395,2023,ALL,2023-12-31,-1.20,-1.20,88568000000,85732000000,7942000000,17770000000,103362000000,0,3.56,
396,2022,ALL,2022-12-31,-5.22,-5.22,82744000000,80607000000,350000000,17475000000,97957000000,4200000000,3.40,
397,2021,ALL,2021-12-31,5.04,4.96,84846000000,74313000000,350000000,25179000000,99440000000,5950000000,3.24,
398,2020,ALL,2020-12-31,17.53,17.31,69171000000,95770000000,600000000,0,125987000000,4440000000,2.16,
399,2019,ALL,2019-12-31,14.25,14.03,67243000000,93952000000,6631000000,0,119950000000,2730000000,2.00,
400,2018,ALL,2018-12-31,2.67,2.63,20540000000,90937000000,6451000000,21312000000,112249000000,2870000000,1.84,
401,2017,ALL,2017-12-31,1.82,1.79,19600000000,89871000000,6350000000,22551000000,112422000000,1560000000,1.48,
402,2016,ALL,2016-12-31,0.57,0.57,18480000000,88037000000,6347000000,20573000000,108610000000,1900000000,1.32,
403,2015,ALL,2015-12-31,1.56,1.53,104656000000,84631000000,5124000000,20025000000,104656000000,2310000000,1.20,
404,2014,ALL,2014-12-31,6.37,6.27,55767000000,86229000000,5194000000,22304000000,108533000000,2470000000,1.12,
405,2013,ALL,2013-12-31,4.87,4.81,123520000000,102040000000,6201000000,21480000000,28518000000,1950000000,1.00,
406,2012,ALL,2012-12-31,4.71,4.68,126947000000,106367000000,6057000000,20580000000,126947000000,534000000,0.88,
407,2011,ALL,2011-12-31,1.51,1.51,125563000000,106861000000,5908000000,18674000000,125563000000,435000000,0.84,
408,2024,ALLE,2024-12-31,6.85,6.82,2572700000,2987100000,1999500000,,4487800000,,,
409,2023,ALLE,2023-12-31,6.15,6.12,2457700000,2993200000,2015000000,1318300000,4311500000,,,
410,2022,ALLE,2022-12-31,5.20,5.19,2410200000,3046700000,2094500000,941800000,3991200000,,,
411,2021,ALLE,2021-12-31,5.37,5.34,1309600000,2288600000,,759100000,3051000000,,,
412,2020,ALLE,2020-12-31,3.41,3.39,1249000000.0,2236800000,,829400000,3069400000,,,
413,2019,ALLE,2019-12-31,4.29,4.26,1239000000.0,1008600000,,757400000,1766000000.0,0,,
414,2018,ALLE,2018-12-31,4.58,4.54,2810200000,2156200000,656300000,651000000,2810200000,0,0.84,
415,2017,ALLE,2017-12-31,2.87,2.85,2542000000,2136500000,0,401600000,2542000000,0,0.64,
416,2016,ALLE,2016-12-31,2.39,2.36,2247400000,2131000000,0,113300000,2247400000,0,0.48,
417,2015,ALLE,2015-12-31,1.60,1.59,2285300000,2255600000,300000000,25600000,2285300000,0,0.12,
418,2014,ALLE,2014-12-31,1.82,1.80,2015900000,1997400000,300000000,-4800000,2015900000,0,0.10,
419,2013,ALLE,2013-12-31,,,,,,,,,,
420,2025,AMAT,2025-10-26,8.71,8.66,36299000000,15884000000,,8000000,36299000000,1384000000,1.78,
421,2024,AMAT,2024-10-27,0.12,0.12,34409000000,15408000000,,8000000,34409000000,1192000000,1.52,
422,2023,AMAT,2023-10-29,8.16,8.11,30729000000,14380000000,,8000000,30729000000,975000000,1.22,
423,2022,AMAT,2022-10-30,7.49,7.44,26726000000,14532000000,,8000000,26726000000,873000000,1.02,
424,2021,AMAT,2021-10-31,6.47,6.40,25825000000,13578000000,,9000000,25825000000,838000000,0.94,
425,2020,AMAT,2020-10-25,3.95,3.92,22353000000,11775000000,5448000000,9000000,22353000000,787000000,0.87,
426,2019,AMAT,2019-10-27,2.89,2.86,19024000000,10810000000,5313000000,9000000,19024000000,771000000,0.20,
427,2018,AMAT,2018-10-28,3.27,0.13,17773000000,10934000000,5309000000,6839000000,17773000000,605000000,0.10,
428,2017,AMAT,2017-10-29,3.20,0.65,19419000000,10070000000,5304000000,9349000000,19419000000,430000000,0.10,
429,2016,AMAT,2016-10-30,1.56,0.25,14588000000,7371000000,3143000000,7217000000,14588000000,444000000,0.10,
430,2015,AMAT,2015-10-25,1.13,0.28,15308000000,7695000000,3342000000,7613000000,15308000000,487000000,0.10,
431,2014,AMAT,2014-10-26,0.88,0.87,13174000000,5306000000,,7868000000,13174000000,485000000,0.10,
432,2013,AMAT,2013-10-27,0.21,0.21,12043000000,4955000000,,7088000000,12043000000,456000000,0.10,
433,2012,AMAT,2012-10-28,0.09,0.09,12102000000,4867000000,1900000000,7235000000,12102000000,434000000,0.08,
434,2011,AMAT,2011-10-30,1.46,0.38,13861000000,5061000000,1900000000,8800000000,13861000000,397000000,0.07,
435,2025,AMCR,2025-06-30,0.136,0.320,37066000000,25326000000,,11728000000,37066000000,,0.5075,
436,2024,AMCR,2024-06-30,0.505,0.505,16524000000,12571000000,,3881000000,16524000000,,0.4975,
437,2023,AMCR,2023-06-30,0.709,0.705,17003000000,12913000000,,4026000000,17003000000,,0.4875,
438,2022,AMCR,2022-06-30,0.532,0.529,17426000000,13285000000,,4082000000,17426000000,,0.4775,
439,2021,AMCR,2021-06-30,0.604,0.602,17188000000,12367000000,,4764000000,17188000000,,0.4675,
440,2020,AMCR,2020-06-30,0.382,0.382,16442100000,11755000000.0,,4625900000,16442100000,,0.465,
441,2019,AMCR,2019-06-30,0.10,0.10,17165000000,11490300000,5314400000,5609000000,17165000000,,0.58,
442,2024,AMD,2024-12-28,1.01,1.00,69226000000,,,17000000,69226000000,,,
443,2023,AMD,2023-12-30,0.53,0.53,67885000000,,,17000000,67885000000,,,
444,2022,AMD,2022-12-31,0.85,0.84,67580000000,,,16000000,67580000000,,,
445,2021,AMD,2021-12-25,2.61,2.57,12419000000,,1000000,12000000,12419000000,,,
446,2020,AMD,2020-12-26,2.10,2.06,8962000000,,330000000,12000000,8962000000,,,
447,2019,AMD,2019-12-28,0.31,0.30,6028000000,,486000000,12000000,6028000000,,,
448,2018,AMD,2018-12-29,0.08,0.08,4556000000,,1250000000,1266000000,4556000000,,,
449,2017,AMD,2017-12-30,-0.08,-0.08,3540000000,,1395000000,611000000,3540000000,,,
450,2016,AMD,2016-12-31,-0.14,-0.14,3321000000,,1435000000,416000000,3321000000,,,
451,2015,AMD,2015-12-26,-0.23,-0.23,3109000000,,600000000,-412000000,3109000000,,,
452,2014,AMD,2014-12-27,-0.03,-0.03,3767000000,,600000000,187000000,3767000000,,,
453,2013,AMD,2013-12-28,-0.11,-0.11,4337000000,,2132000000,544000000,4337000000,,,
454,2012,AMD,2012-12-29,-1.60,-1.60,4000000000,,1837000000,538000000,4000000000,,,
455,2011,AMD,2011-12-31,0.71,0.68,4954000000,,2065000000,1590000000,4954000000,,,
456,2024,AMD,2024-12-28,1.01,1.00,69226000000,,,17000000,69226000000,,,
457,2023,AMD,2023-12-30,0.53,0.53,67885000000,,,17000000,67885000000,,,
458,2022,AMD,2022-12-31,0.85,0.84,67580000000,,,16000000,67580000000,,,
459,2021,AMD,2021-12-25,2.61,2.57,12419000000,,1000000,12000000,12419000000,,,
460,2020,AMD,2020-12-26,2.10,2.06,8962000000,,330000000,12000000,8962000000,,,
461,2019,AMD,2019-12-28,0.31,0.30,6028000000,,486000000,12000000,6028000000,,,
462,2018,AMD,2018-12-29,0.08,0.08,4556000000,,1250000000,1266000000,4556000000,,,
463,2017,AMD,2017-12-30,-0.08,-0.08,3540000000,,1395000000,611000000,3540000000,,,
464,2016,AMD,2016-12-31,-0.14,-0.14,3321000000,,1435000000,416000000,3321000000,,,
465,2015,AMD,2015-12-26,-0.23,-0.23,3109000000,,600000000,-412000000,3109000000,,,
466,2014,AMD,2014-12-27,-0.03,-0.03,3767000000,,600000000,187000000,3767000000,,,
467,2013,AMD,2013-12-28,-0.11,-0.11,4337000000,,2132000000,544000000,4337000000,,,
468,2012,AMD,2012-12-29,-1.60,-1.60,4000000000,,1837000000,538000000,4000000000,,,
469,2011,AMD,2011-12-31,0.71,0.68,4954000000,,2065000000,1590000000,4954000000,,,
470,2024,AME,2024-12-31,5.95,5.93,4758856000,4975865000,2079721000,2720000,14631169000,,,
471,2023,AME,2023-12-31,5.70,5.67,9559282000,6293342000,3313347000,2709000,15023533000,,,
472,2022,AME,2022-12-31,5.04,5.01,9430797000,4954608000,2385007000,2700000,12431120000,,,
473,2021,AME,2021-12-31,4.29,4.25,8672711000,5026303000,2544241000,2689000,11898187000,,,
474,2020,AME,2020-12-31,3.80,3.77,6554414000,4408137000,2413725000,2676000,10357483000,,0.18,
475,2019,AME,2019-12-31,0.90,0.89,6651920000,4729067000,2768741000,2662000,9844559000,,0.14,
476,2018,AME,2018-12-31,0.79,0.78,5625303000,4420366000,2632713000,2640000,8662288000,,0.14,
477,2017,AME,2017-12-31,2.96,2.94,7796064000,3768431000,2174289000,4027633000,7796064000,,0.09,
478,2016,AME,2016-12-31,2.20,2.19,7100674000,3844161000,2341565000,3256513000,7100674000,,,
479,2015,AME,2015-12-31,2.46,2.45,6664530000,3409904000,1942120000,3254626000,6664530000,,,
480,2014,AME,2014-12-31,2.39,2.37,6420963000,3181402000,1714026000,3239561000,6420963000,,,
481,2013,AME,2013-12-31,2.12,2.10,5877902000,2741781000,1415065000,3136121000,5877902000,,,
482,2012,AME,2012-12-31,1.90,1.88,5190056000,2654905000,1453775000,2535151000,5190056000,,,
483,2011,AME,2011-12-31,0.57,0.56,4319490000,2266685000,1263924000,2052805000,4319490000,,,
484,2024,AMG,2024-12-31,16.45,15.13,8830900000,4182200000,0,3345300000,8830900000,,,
485,2023,AMG,2023-12-31,19.18,17.42,9059600000,4096100000,349900000,3587900000,9059600000,,,
486,2022,AMG,2022-12-31,29.77,25.35,8881000000,4240000000,101500000,3230300000,8881000000,,,
487,2021,AMG,2021-12-31,13.65,13.05,8876400000,4491900000,349900000,2786400000,8876400000,,,
488,2020,AMG,2020-12-31,4.34,4.33,7888900000,3900100000,349800000,2779700000,7888900000,,,
489,2019,AMG,2019-12-31,0.31,0.31,7653500000,3237700000,449700000,2937500000,7653500000,,,
490,2018,AMG,2018-12-31,4.55,2.77,8219100000,3250500000,779700000,3457400000,8219100000,,,
491,2017,AMG,2017-12-31,12.30,2.13,8702100000,3311700000,809000000,3822200000,8702100000,,,
492,2016,AMG,2016-12-31,8.73,1.90,8749100000,3649100000,868600000,3619600000,8749100000,,,
493,2015,AMG,2015-12-31,9.49,2.27,7784800000,3403200000,645000000,2837100000,7784800000,,,
494,2014,AMG,2014-12-31,8.22,1.40,7698100000,3409400000,855000000,2627000000,7698100000,,,
495,2013,AMG,2013-12-31,6.79,6.55,6318800000,2532300000,525000000,2134200000,6318800000,,,
496,2012,AMG,2012-12-31,3.36,0.71,6187100000,2668200000,,2084200000,6187100000,,,
497,2011,AMG,2011-12-31,3.18,3.11,5218900000,2267500000,,1866000000,5218900000,,,
498,2024,AMGN,2024-12-31,7.62,7.56,91839000000,,60099000000,33533000000,91839000000,,9.13,
499,2023,AMGN,2023-12-31,12.56,12.49,97154000000,,64613000000,33070000000,97154000000,,8.64,
500,2022,AMGN,2022-12-31,12.18,12.11,65121000000,,38945000000,32514000000,65121000000,,7.95,
501,2021,AMGN,2021-12-31,10.34,10.28,61165000000,,33309000000,32096000000,61165000000,,7.22,
502,2020,AMGN,2020-12-31,12.40,12.31,62948000000,,32986000000,31802000000,62948000000,,6.56,
503,2019,AMGN,2019-12-31,12.96,12.88,59707000000,,29903000000,31531000000,59707000000,,5.95,
504,2018,AMGN,2018-12-31,3.27,3.25,66416000000,,33900000000,12500000000,66416000000,,1.45,
505,2017,AMGN,2017-12-31,2.81,2.79,79954000000,,35300000000,25241000000,79954000000,,1.32,
506,2016,AMGN,2016-12-31,2.52,2.50,77626000000,,34600000000,29875000000,77626000000,,1.15,
507,2015,AMGN,2015-12-31,2.13,2.11,71576000000,,31556000000,28083000000,71576000000,,1.00,
508,2014,AMGN,2014-12-31,1.42,1.40,69009000000,,30715000000,25778000000,69009000000,,0.61,
509,2013,AMGN,2013-12-31,6.75,6.64,66125000000,,32128000000,22096000000,66125000000,,0.61,
510,2012,AMGN,2012-12-31,5.61,5.52,54298000000,,26529000000,19060000000,54298000000,,0.47,
511,2011,AMGN,2011-12-31,1.21,1.20,48871000000,,21428000000,19029000000,48871000000,,0.28,
512,2024,AMP,2024-12-31,33.67,33.05,41514000000,176175000000,2842000000,3000000,181403000000,574000000,,
513,2023,AMP,2023-12-31,24.18,23.71,42983000000,170462000000,3399000000,3000000,175191000000,550000000,1.35,569000000
514,2022,AMP,2022-12-31,22.99,22.51,35132000000,154855000000,2821000000,3000000,158468000000,534000000,,553000000
515,2021,AMP,2021-12-31,23.53,23.00,24986000000,170294000000,2832000000,3000000,175979000000,511000000,,527000000
516,2020,AMP,2020-12-31,12.39,12.20,3000000,160016000000,2831000000,3000000,165883000000,497000000,1.04,512000000
517,2019,AMP,2019-12-31,14.12,13.92,17607000000,146099000000,3097000000,3000000,151828000000,504000000,0.97,518000000
518,2018,AMP,2018-12-31,14.41,14.20,14480000000,131628000000,2867000000,5588000000,137216000000,506000000,0.90,516000000
519,2017,AMP,2017-12-31,2.56,2.52,147470000000,141472000000,2208000000,5998000000,147470000000,491000000,0.75,502000000
520,2016,AMP,2016-12-31,2.11,2.09,139821000000,133529000000,2319000000,6292000000,139821000000,479000000,0.67,489000000
521,2015,AMP,2015-12-31,2.11,2.08,145342000000,136937000000,6630000000,7217000000,145342000000,465000000,0.58,474000000
522,2014,AMP,2014-12-31,2.05,2.01,148810000000,139505000000,6030000000,8124000000,148810000000,426000000,0.52,435000000
523,2013,AMP,2013-12-31,6.56,6.44,144576000000,135344000000,2720000000,8192000000,144576000000,401000000,2.01,411000000
524,2012,AMP,2012-12-31,4.70,4.62,134729000000,125017000000,2403000000,8756000000,134729000000,305000000,1.15,251000000
525,2011,AMP,2011-12-31,4.46,4.37,12293000000,5295000000,4712000000,9827000000,13302000000,212000000,0.51,274000000
526,2024,AMT,2024-12-31,4.83,1.39,26750100000,51428700000,0,3382200000,61077400000,,6.5600,47400000
527,2023,AMT,2023-12-31,3.18,3.18,26325100000,55162200000,723400000,4198200000,66027600000,,6.45,
528,2022,AMT,2022-12-31,3.83,3.82,26739900000,54786000000,3788700000,5572400000,67194500000,,5.86,
529,2021,AMT,2021-12-31,5.69,5.66,27416300000,60818300000,0,5081200000,69887900000,,5.21,
530,2020,AMT,2020-12-31,3.81,3.79,27352900000,42453000000.0,0,4093500000,47233500000,,4.53,
531,2019,AMT,2019-12-31,4.27,4.24,22624600000,36214700000,0,5055400000,42801600000,,3.78,
532,2018,AMT,2018-12-31,0.63,0.63,33010400000,26106000000,21159900000,5336100000,33010400000,,0.84,
533,2017,AMT,2017-12-31,0.68,0.67,33214300000,25260000000,20205100000,6241500000,33214300000,,0.0000,
534,2016,AMT,2016-12-31,0.59,0.58,30879150000,22811730000,18533465000,6763895000,30879150000,,0.58,
535,2015,AMT,2015-12-31,0.45,0.45,26904272000,20191454000,17119009000,6651679000,26904272000,,0.540648,
536,2014,AMT,2014-12-31,0.51,0.51,21331545000,17278193000,14608708000,3953560000,21331545000,,0.0000,
537,2013,AMT,2013-12-31,1.40,1.38,20272571000,16682531000,14478278000,3534165000,20272571000,,0.28,
538,2012,AMT,2012-12-31,1.61,1.60,14089129000,10404948000,9359575000,3573101000,14089129000,,0.90,
539,2011,AMT,2011-12-31,1.00,0.99,12232430000,8822288000,7236308000,3287220000,12232430000,137765000,,
540,2024,AMZN,2024-12-31,5.66,5.53,210120000000,,58000000000.0,111000000,624894000000,,,
541,2023,AMZN,2023-12-31,2.95,2.90,16456000000,5904000000,66500000000,109000000,527854000000,,,
542,2022,AMZN,2022-12-31,-0.27,-0.27,19023000000,3686000000,69500000000,108000000,462675000000,,,
543,2021,AMZN,2021-12-31,65.96,64.81,8488000000,4201000000,49700000000,5000000,420549000000,,,
544,2020,AMZN,2020-12-31,42.64,41.83,108405000000,,32200000000,5000000,321195000000,,,
545,2019,AMZN,2019-12-31,23.46,23.01,72277000000,,23300000000,5000000,225248000000,,,
546,2018,AMZN,2018-12-31,3.36,3.27,162648000000,,24965000000,43549000000,162648000000,,,
547,2017,AMZN,2017-12-31,1.52,1.48,131310000000,,24942000000,27709000000,131310000000,,,
548,2016,AMZN,2016-12-31,1.09,1.07,83402000000,,8838000000,19285000000,83402000000,,,
549,2015,AMZN,2015-12-31,-0.12,-0.12,65444000000,,8562000000,13384000000,65444000000,,,
550,2014,AMZN,2014-12-31,0.23,0.23,54505000000,,9881000000,10741000000,54505000000,,,
551,2013,AMZN,2013-12-31,0.60,0.59,40159000000,,1250000000,9746000000,40159000000,,,
552,2012,AMZN,2012-12-31,-0.09,-0.09,32555000000,,3691000000,8192000000,32555000000,,,
553,2011,AMZN,2011-12-31,1.39,1.37,25278000000,,384000000,7757000000,25278000000,,,
554,2024,AN,2024-12-31,17.09,16.92,2407800000,,,600000,13001700000,,,
555,2023,AN,2023-12-31,22.89,22.74,2507700000,,,600000,11980000000,,,
556,2022,AN,2022-12-31,24.47,24.29,1974300000,,,600000,10059700000,,,
557,2021,AN,2021-12-31,18.50,18.31,1758500000,,,800000,8943600000,,,
558,2020,AN,2020-12-31,4.32,4.30,2130000000.0,,,1000000.0,9887200000,,,
559,2019,AN,2019-12-31,4.99,4.97,2483600000,,,1000000.0,10543300000,,,
560,2018,AN,2018-12-31,4.36,4.34,2684500000,,,1000000.0,10665100000,,,
561,2017,AN,2017-12-31,4.44,4.43,10271500000,,,2369300000,10271500000,,,
562,2016,AN,2016-12-31,4.18,4.15,10060000000,,,2310300000,10060000000,,,
563,2015,AN,2015-12-31,3.93,3.89,9558300000,,,2349300000,9558300000,,,
564,2014,AN,2014-12-31,3.57,3.52,8399700000,,,2072100000,8399700000,,,
565,2013,AN,2013-12-31,3.09,3.04,7914100000,,,2061700000,7914100000,,,
566,2012,AN,2012-12-31,2.56,2.52,7203000000,,,1688500000,7203000000,,,
567,2011,AN,2011-12-31,1.94,1.91,6198800000,,,1894600000,6198800000,,,
568,2024,ANET,2024-12-31,2.27,2.23,14043921000,4049114000,,126000,14043921000,,,
569,2023,ANET,2023-12-31,6.75,6.58,9946806000,2727747000,,31000,9946806000,,,
570,2022,ANET,2022-12-31,4.41,4.27,6775410000,1889590000,,31000,6775410000,,,
571,2021,ANET,2021-12-31,2.74,2.63,5734429000,1755829000,,31000,5734429000,,,
572,2020,ANET,2020-12-31,8.35,7.99,4738919000,1418628000,,8000,4738919000,,,
573,2019,ANET,2019-12-31,11.26,10.63,4185290000,1290604000,,8000,4185290000,,,
574,2018,ANET,2018-12-31,1.95,1.79,3081983000,938594000,,2143389000,3081983000,,,
575,2017,ANET,2017-12-31,1.16,1.07,2460860000,798946000,,1661914000,2460860000,,,
576,2016,ANET,2016-12-31,0.52,0.48,1729007000,621187000,,1107820000,1729007000,,,
577,2015,ANET,2015-12-31,0.37,0.34,1159890000,371738000,,788152000,1159890000,,,
578,2014,ANET,2014-12-31,1.42,1.29,811023000,255365000,,555658000,811023000,,,
579,2025,ANF,2025-02-01,11.14,10.69,3299887000,,,1335628000,3299887000,,,
580,2024,ANF,2024-02-03,6.53,6.22,2974233000,,,1035160000,2974233000,,,
581,2023,ANF,2023-01-28,0.06,0.05,2713100000,,,694841000,2713100000,,,
582,2022,ANF,2022-01-29,4.41,4.20,2939491000,,,826090000,2939491000,,0.00,
583,2021,ANF,2021-01-30,-1.82,-1.82,3314902000,,,936628000,3314902000,,0.2,
584,2020,ANF,2020-02-01,0.61,0.60,3549665000,,231963000,1058810000,3549665000,,0.80,
585,2019,ANF,2019-02-02,1.47,1.42,2385593000,,250439000,1208900000,2385593000,,0.80,
586,2018,ANF,2018-02-03,1.08,1.05,2325692000,,249686000,1242379000,2325692000,,0.80,
587,2017,ANF,2017-01-28,0.06,0.71,2295757000,,262992000,1243435000,2295757000,,0.80,
588,2016,ANF,2016-01-30,0.52,0.85,2433039000,,286235000,1291063000,2433039000,,0.80,
589,2015,ANF,2015-01-31,0.72,0.63,2505167000,,293412000,1389701000,2505167000,,0.80,
590,2014,ANF,2014-02-01,0.71,0.69,2850997000,,,1729493000,2850997000,,0.80,
591,2013,ANF,2013-02-02,2.89,2.85,2987401000,,,1818268000,2987401000,,0.70,
592,2012,ANF,2012-01-28,1.47,1.43,3048153000,,,1862456000,3048153000,,0.70,
593,2011,ANF,2011-01-29,1.71,1.67,2947902000,,,1890784000,2947902000,,0.70,
594,2024,AON,2024-12-31,12.55,12.49,48965000000,42535000000,17016000000,6121000000,48965000000,,,
595,2023,AON,2023-12-31,12.60,12.51,33959000000,34701000000,11199000000,-826000000,33959000000,,2.41,
596,2022,AON,2022-12-31,12.23,12.14,32704000000,33133000000,10770000000,-529000000,32704000000,,2.19,
597,2021,AON,2021-12-31,5.59,5.55,31917000000,30759000000,9392000000,1061000000,31917000000,,1.99,
598,2020,AON,2020-12-31,8.49,8.45,32114000000,28531000000,7729000000,3495000000,32114000000,,1.78,
599,2019,AON,2019-12-31,2.72,2.70,10102000000,6727000000,7339000000,3375000000,10102000000,,1.72,
600,2018,AON,2018-12-31,2.39,2.37,26422000000,22203000000,6244000000,4151000000,26422000000,,1.56,
601,2017,AON,2017-12-31,1.10,1.09,26088000000,21440000000,5966000000,4583000000,26088000000,,,
602,2016,AON,2016-12-31,5.21,5.16,26615000000,21083000000,6205000000,5475000000,26615000000,,,
603,2015,AON,2015-12-31,4.93,4.88,27164000000,21001000000,,6106000000,27164000000,,,
604,2014,AON,2014-12-31,1.07,1.06,29772000000,23141000000,,6571000000,29772000000,,,
605,2013,AON,2013-12-31,3.57,3.53,30251000000,22056000000,,8145000000,30251000000,,,
606,2012,AON,2012-12-31,3.03,2.99,30486000000,22681000000,,7762000000,30486000000,,,
607,2011,AON,2011-12-31,0.72,0.71,29552000000,21432000000,4492000000,8078000000,29552000000,,,
608,2024,AOS,2024-12-31,3.65,3.63,2315200000,1356500000,30000000.0,130100000,3240000000,,,
609,2023,AOS,2023-12-31,3.71,3.69,2297400000,1369500000,0,130100000,3213900000,,,
610,2022,AOS,2022-12-31,1.52,1.51,2230300000,1584600000,0,130200000,3332300000,,,
611,2021,AOS,2021-12-31,3.05,3.02,2181900000,1642200000,800000,130500000,3474400000,,,
612,2020,AOS,2020-12-31,2.13,2.12,1759100000,1312400000,0,130800000,3160700000,,0.24,
613,2019,AOS,2019-12-31,2.24,2.22,1742800000,1391200000,4700000,130900000,3058000000.0,,0.22,
614,2018,AOS,2018-12-31,2.60,2.58,1653600000,1354500000,17100000,131000000,3071500000,,0.18,
615,2017,AOS,2017-12-31,1.72,1.70,3197300000,1548500000,410400000,1648800000,3197300000,,0.14,
616,2016,AOS,2016-12-31,1.87,1.85,2891000000,1375700000,323600000,1515300000,2891000000,,0.120,
617,2015,AOS,2015-12-31,3.19,3.16,2646500000,1204200000,249000000,1442300000,2646500000,,0.19,
618,2014,AOS,2014-12-31,2.30,2.28,2515300000,1134000000,223800000,1381300000,2515300000,,0.15,
619,2013,AOS,2013-12-31,1.84,1.83,2391500000,1062800000,191900000,,2391500000,,0.10,
620,2012,AOS,2012-12-31,3.44,3.41,2265200000,1071100000,243700000,,2265200000,,0.16,
621,2011,AOS,2011-12-31,0.89,0.88,2349000000,1263200000,461600000,,2349000000,,0.14,
622,2024,APA,2024-12-31,2.28,2.27,13870000000,,,5280000000,19390000000,,1.00,
623,2023,APA,2023-12-31,9.26,9.25,3503000000,,,2655000000,15244000000,,1.00,
624,2022,APA,2022-12-31,11.05,11.02,3148000000,,,423000000,13147000000,,0.25,
625,2021,APA,2021-12-31,2.60,2.59,7725000000,,,-1595000000,13303000000,,0.025,
626,2025,APD,2025-09-30,-1.77,-1.77,41059500000,23709700000,17663700000,15024900000,41059500000,,7.14,
627,2024,APD,2024-09-30,17.21,17.18,39574600000,20900900000,14144400000,17036500000,39574600000,,7.06,
628,2023,APD,2023-09-30,10.35,10.33,32002500000,16342200000,10046300000,14312900000,32002500000,,6.87,
629,2022,APD,2022-09-30,10.16,10.14,27192600000,13490200000,7634100000,13144000000,27192600000,,6.36,
630,2021,APD,2021-09-30,9.47,9.43,26859200000,12771200000,7634800000,13539700000,26859200000,,5.84,
631,2020,APD,2020-09-30,8.53,8.49,25168500000,12725400000,7900100000,12079800000,25168500000,,1.34,
632,2019,APD,2019-09-30,7.99,7.94,18942800000,7554500000,3267800000,11053600000,18942800000,,1.16,
633,2018,APD,2018-09-30,6.83,6.78,19178300000,8002000000.0,3758300000,10857500000,19178300000,,1.10,
634,2017,APD,2017-09-30,9.78,9.70,18467200000,8281700000,3818800000,10086200000,18467200000,,0.95,
635,2016,APD,2016-09-30,-2.19,1.8,5889200000,10841900000,5289400000,7079600000,18055300000,,0.86,
636,2015,APD,2015-09-30,1.48,5.88,17438100000,10057000000,4384700000,7249000000,17438100000,,3.2,
637,2014,APD,2014-09-30,4.66,4.61,17779100000,9970500000,4889800000,7365800000,17779100000,,3.02,
638,2013,APD,2013-09-30,4.74,4.68,17850100000,10275400000,5563700000,7042100000,17850100000,,2.77,
639,2012,APD,2012-09-30,5.53,5.44,16941800000,9926000000,4658500000,6477200000,16941800000,,2.50,
640,2011,APD,2011-09-30,5.75,5.63,14290700000,8352000000,3999700000,5795800000,14290700000,,2.23,
641,2024,APH,2024-12-31,2.01,1.92,21440200000,11584100000,,9792000000,21440200000,,0.55,
642,2023,APH,2023-12-31,3.23,3.11,16526400000,8099900000,,8346500000,16526400000,,0.85,
643,2022,APH,2022-12-31,3.19,3.06,15326200000,8232100000,,7015600000,15326200000,,0.81,
644,2021,APH,2021-12-31,2.66,2.54,14678400000,8299300000,,6302000000.0,14678400000,,0.635,
645,2020,APH,2020-12-31,4.04,3.91,12327300000,,,5384900000,12327300000,,1.04,
646,2019,APH,2019-12-31,3.88,3.75,10815500000,,,4530300000,10815500000,,0.96,
647,2018,APH,2018-12-31,0.87,0.84,10044900000,,,4017000000,10044900000,,0.19,
648,2017,APH,2017-12-31,0.73,0.71,10003900000,,3542600000,3989800000,10003900000,,0.16,
649,2016,APH,2016-12-31,0.51,0.50,8498700000,,3010700000,3674900000,8498700000,,0.58,
650,2015,APH,2015-12-31,0.58,0.57,7458400000,,2813500000,3238500000,7458400000,,0.53,
651,2014,APH,2014-12-31,0.50,0.49,7027000000,,2673900000,2907400000,7027000000,,0.45,
652,2013,APH,2013-12-31,4.00,3.92,6168028000,,599813000,2859509000,6168028000,,0.61,
653,2012,APH,2012-12-31,3.44,3.39,5215463000,,1706497000,2429959000,5215463000,,0.42,
654,2011,APH,2011-12-31,3.09,3.05,4445225000,,599365000,2171769000,4445225000,,0.06,
655,2024,APTV,2024-12-31,6.97,6.96,3159000000,14373000000,0,8796000000,23458000000,,,
656,2023,APTV,2023-12-31,10.50,10.39,3180000000,12583000000,698000000,11548000000,24427000000,,,
657,2022,APTV,2022-12-31,1.96,1.96,3731000000,12790000000,697000000,8809000000,21884000000,,,
658,2021,APTV,2021-12-31,1.95,1.94,3957000000,9446000000,0,8347000000,18007000000,63000000,,
659,2020,APTV,2020-12-31,6.72,6.66,4350000000,9422000000,698000000,7905000000,17522000000,32000000,,
660,2019,APTV,2019-12-31,3.85,3.85,8511000000,4500000000,0,4011000000,8511000000,,,
661,2018,APTV,2018-12-31,1.16,1.15,12480000000,8810000000,795000000,3459000000,12480000000,,,
662,2018,APTV,2018-02-05,,,,,,,,,,
663,2016,APTV,2016-12-31,1.54,1.53,12292000000,9529000000,729000000,2401000000,12292000000,,0.29,
664,2015,APTV,2015-12-31,0.72,0.72,11973000000,9240000000,4042000000,2250000000,11973000000,,0.25,
665,2014,APTV,2014-12-31,1.05,1.04,10746000000,7733000000,2453000000,2510000000,10746000000,,0.25,
666,2013,APTV,2013-12-31,3.90,3.89,11047000000,7613000000,2412000000,2911000000,11047000000,,0.68,
667,2012,APTV,2012-12-31,3.34,3.33,10176000000,7346000000,2468000000,2345000000,10176000000,,,
668,2011,APTV,2011-12-31,,,,,,,,,,
669,2025,ARE,2025-12-31,-8.44,-8.44,34081835000,14925399000,19136000,15470070000,34081835000,,4.68,
670,2024,ARE,2024-12-31,1.80,1.80,37527449000,15128988000,599930000,17889042000,37527449000,,5.19,
671,2023,ARE,2023-12-31,0.54,0.54,36771402000,14148409000,28331000,18471175000,36771402000,,4.96,
672,2022,ARE,2022-12-31,3.18,3.18,35523399000,12840152000,28146000,18972387000,35523399000,,4.72,
673,2021,ARE,2021-12-31,3.83,3.82,30219373000,11186123000,143600000,16189542000,30219373000,,4.48,
674,2020,ARE,2020-12-31,6.03,6.01,22827878000,9384100000,26200000,11725712000,22827878000,,4.24,
675,2019,ARE,2019-12-31,3.13,3.12,3039840000,149471000,26158000,1600729000,3039840000,,4.00,
676,2018,ARE,2018-12-31,1.33,1.32,14464956000,6570242000,5478255000,7341965000,14464956000,,3.73,
677,2017,ARE,2017-12-31,0.29,0.29,12103953000,5620784000,4764807000,5949666000,12103953000,,3.45,
678,2016,ARE,2016-12-31,,,10354888000,4972610000,4164025000,4895796000,10354888000,,3.23,
679,2015,ARE,2015-12-31,,,8911120000,4617156000,3965795000,3975087000,8911120000,,3.05,
680,2014,ARE,2014-12-31,,,8136036000,4226478000,3678579000,3828439000,8136036000,,2.88,
681,2013,ARE,2013-12-31,,,7529764000,3550823000,549603000,3916789000,7529764000,,1.61250,
682,2012,ARE,2012-12-31,1.09,1.09,7150116000,3647058000,716144000,3441851000,7150116000,,2.09,
683,2011,ARE,2011-12-31,0.44,0.44,6574129000,3141236000,2779264000,3374301000,6574129000,,1.86,
684,2025,ATGE,2025-06-30,6.39,6.18,2752352000,1318727000,552669000,839000,2752352000,,,
685,2024,ATGE,2024-06-30,3.47,3.39,2741417000,1372282000,648712000,832000,2741417000,,,
686,2023,ATGE,2023-06-30,2.08,2.05,2810541000,1353205000,695077000,822000,2810541000,,,
687,2022,ATGE,2022-06-30,6.57,6.57,293461000,1524108000,838908000,818000,3029175000,,,
688,2021,ATGE,2021-06-30,1.50,1.49,1257278000,1750976000,1070711000,811000,3053836000,,,
689,2020,ATGE,2020-06-30,-1.59,-1.58,1231951000,915414000,289115000,807000,2228687000,,,
690,2019,ATGE,2019-06-30,1.63,1.60,2242696000,841623000,401094000,1391530000,2242696000,,0.00,
691,2018,ATGE,2018-06-30,0.64,0.54,2344961000,816565000,293073000,793000,2344961000,,0,
692,2017,ATGE,2017-06-30,0.63,0.62,2314035000,638711000,,1669039000,2314035000,,0.18,
693,2016,ATGE,2016-06-30,-0.05,-0.05,2096996000,509797000,,1582087000,2096996000,,0.36,
694,2015,ATGE,2015-06-30,2.17,2.14,2074193000,479763000,,1584810000,2074193000,,0.36,
695,2014,ATGE,2014-06-30,2.09,2.07,1997636000,457850000,,1533393000,1997636000,,0.34,
696,2013,ATGE,2013-06-30,1.66,1.65,1857018000,459008000,,1397156000,1857018000,,0.34,
697,2012,ATGE,2012-06-30,2.11,2.09,1838616000,473981000,,1356393000,1838616000,,0.30,
698,2011,ATGE,2011-06-30,4.73,4.68,1850503000,454232000,,,1850503000,,0.24,
699,2024,ATI,2024-12-29,2.82,2.55,2225900000,3275400000,,1850400000,5230600000,,,
700,2023,ATI,2023-12-31,-2.59,-2.59,1990900000,3504600000,,1373000000,4985100000,,,
701,2022,ATI,2022-12-31,1.03,0.96,1749300000,3288400000,,1045900000,4445600000,,,
702,2021,ATI,2021-12-31,-1.03,-1.03,4192600000,3452500000,45400000,593000000.0,4192600000,,,
703,2020,ATI,2020-12-31,-12.43,-12.43,1753900000,3393500000,,521100000,4034900000,,,
704,2019,ATI,2019-12-31,2.05,1.85,2689900000,4351800000,,2090100000,6545000000.0,,,
705,2018,ATI,2018-12-31,0.46,0.42,5501800000,3510200000,,1885700000,5501800000,,,
706,2017,ATI,2017-12-31,0.16,0.16,5185400000,3340900000,,1739400000,5185400000,,,
707,2016,ATI,2016-12-31,-0.94,-0.94,5170000000,3725200000,37500000,1355200000,5170000000,,,
708,2015,ATI,2015-12-31,0.09,0.09,5751700000,3555200000,,2082800000,5751700000,,,
709,2014,ATI,2014-12-31,-0.19,-0.19,6582600000,3861200000,,2598400000,6582600000,,,
710,2013,ATI,2013-12-31,1.44,1.44,6898500000,3903800000,,2894200000,6898500000,,,
711,2012,ATI,2012-12-31,1.49,1.43,6247800000,3660700000,,2479600000,6247800000,,,
712,2011,ATI,2011-12-31,2.09,1.97,6046900000,3475300000,,2475300000,6046900000,,,
713,2025,ATO,2025-09-30,7.54,7.46,27296805000,,77003000,808000,28249522000,,,
714,2024,ATO,2024-09-30,6.83,6.83,24328877000,,85078000,776000,25194465000,,,
715,2023,ATO,2023-09-30,6.10,6.10,21716467000,,95000000,742000,22516968000,,,
716,2022,ATO,2022-09-30,5.61,5.60,21424586000,,,704000,22192989000,,,
717,2021,ATO,2021-09-30,5.12,5.12,18847266000,,,662000,19608662000,,,
718,2020,ATO,2020-09-30,4.89,4.89,14578176000,,,629000,15359032000,,,
719,2019,ATO,2019-09-30,4.36,4.35,12579741000,,,597000,13367619000,,,
720,2018,ATO,2018-09-30,,,11874437000,,,4769951000,11874437000,,,
721,2017,ATO,2017-09-30,,,10749596000,,,3898666000,10749596000,,,
722,2016,ATO,2016-09-30,1.38,1.38,10010889000,,,3463059000,10010889000,,,
723,2015,ATO,2015-09-30,1.35,1.35,9092945000,,,3194797000,9092945000,,,
724,2014,ATO,2014-09-30,2.96,2.96,8594704000,,,3086232000,8594704000,,,
725,2013,ATO,2013-09-30,2.68,2.64,7940401000,,,2580409000,7940401000,,,
726,2012,ATO,2012-09-30,2.39,2.37,7495675000,,,2359243000,7495675000,,,
727,2011,ATO,2011-09-30,2.28,2.27,7282871000,,,2255421000,7282871000,,,
728,2024,AVB,2024-12-31,7.61,7.60,21000737000,9059645000,8077249000,,21000737000,,6.80,969345000
729,2023,AVB,2023-12-31,6.56,6.56,20678214000,8893423000,7981822000,11783241000,20678214000,,6.60,935305000
730,2022,AVB,2022-12-31,8.13,8.12,20457764000,9201526000,8316045000,11253476000,20457764000,,6.36,890809000
731,2021,AVB,2021-12-31,7.19,7.19,19902016000,8965555000,8170431000,10932527000,19902016000,,6.36,889405000
732,2020,AVB,2020-12-31,5.89,5.89,19199144000,8444293000,7629814000,10751583000,19199144000,,6.36,893152000
733,2019,AVB,2019-12-31,5.64,5.63,19121051000,8127601000,7355371000,10989549000,19121051000,839646000,6.08,851287000
734,2018,AVB,2018-12-31,1.03,1.03,18380200000,7744350000,7102355000,,18380200000,805239000,5.88,813722000
735,2017,AVB,2017-12-31,1.72,1.72,18414821000,8020719000,7404313000,,18414821000,772657000,5.68,783912000
736,2016,AVB,2016-12-31,1.73,1.73,17867271000,7688089000,7076758000,,17867271000,726749000,5.4,741313000
737,2015,AVB,2015-12-31,1.57,1.56,16931305000,7080782000,6481291000,,16931305000,655248000,5,673670000
738,2014,AVB,2014-12-31,1.09,1.09,16176723000,7117553000,6448138000,9046405000,16176723000,593643000,4.64,608709000
739,2013,AVB,2013-12-31,2.78,2.78,15328143000,6711096000,6029998000,8596132000,15328143000,526050000,4.28,553829000
740,2012,AVB,2012-12-31,4.34,4.32,11160078000,4312258000,3854068000,6837215000,11160078000,365572000,3.88,391906000
741,2011,AVB,2011-12-31,4.89,4.87,8482390000,4073435000,3633125000,4394741000,8482390000,318231000,3.57,326813000
742,2025,AVGO,2025-11-02,4.91,4.77,171092000000,89800000000,,,171092000000,11142000000,0.65,
743,2024,AVGO,2024-11-03,1.27,1.23,165645000000,97967000000,,,165645000000,9814000000,0.59,
744,2023,AVGO,2023-10-29,33.93,32.98,72861000000,48873000000,,,72861000000,7645000000,5.25,
745,2022,AVGO,2022-10-30,27.44,26.53,73249000000,50540000000,,,73249000000,7032000000,4.60,
746,2021,AVGO,2021-10-31,15.70,15.00,75570000000,50581000000,39665000000,,75570000000,6212000000,4.10,
747,2020,AVGO,2020-11-01,6.62,6.33,75933000000,52032000000,,,75933000000,5534000000,3.60,
748,2019,AVGO,2019-11-03,6.77,6.43,52074000000,27104000000,32798000000,24941000000,52074000000,4235000000,3.25,
749,2018,AVGO,2018-11-04,29.33,14.62,50124000000,23467000000,17493000000,26657000000,50124000000,2998000000,2.65,
750,2024,AVY,2024-12-28,8.77,8.73,8404200000,,2550800000,124100000,8404200000,,3.45,
751,2023,AVY,2023-12-30,6.23,6.20,8209800000,,2615000000,124100000,8209800000,,3.18,
752,2022,AVY,2022-12-31,9.28,9.21,7950500000,,2495400000,124100000,7950500000,,2.66,
753,2022,AVY,2022-01-01,8.93,8.83,7971600000,,2774200000,124100000,7971600000,,2.66,
754,2021,AVY,2021-01-02,6.67,6.61,6083900000,,2029200000,124100000,6083900000,,2.36,
755,2019,AVY,2019-12-28,3.61,3.57,5488800000,,1475300000,124100000,5488800000,,2.26,
756,2018,AVY,2018-12-29,1.42,1.40,5177500000,,,955100000,5177500000,,2.01,
757,2017,AVY,2017-12-30,1.27,1.25,5136900000,,,1046200000,5136900000,,1.76,
758,2016,AVY,2016-12-31,3.01,2.95,4133700000,,,965700000,4133700000,,1.46,
759,2016,AVY,2016-01-02,3.01,2.95,4133700000,,,965700000,4133700000,,1.46,
760,2015,AVY,2015-01-03,2.65,2.60,4360200000,,,1066500000,4360200000,,1.34,
761,2013,AVY,2013-12-28,0.58,0.57,4610600000,,,1492200000,4610600000,,1.14,
762,2012,AVY,2012-12-29,2.10,2.08,5105300000,,,1580900000,5105300000,,1.08,
763,2011,AVY,2011-12-31,3.00,2.97,5099400000,,,1645700000,5099400000,,0.80,
764,2011,AVY,2011-01-01,3.00,2.97,5099400000,,,1645700000,5099400000,,0.80,
765,2024,AWK,2024-12-31,5.39,5.39,29941000000,,13155000000,2000000,32830000000,,3.06,
766,2023,AWK,2023-12-31,4.90,4.90,27480000000,,12190000000,2000000,30298000000,,2.83,
767,2022,AWK,2022-12-31,4.51,4.51,25038000000,,11207000000,2000000,27787000000,,2.62,
768,2021,AWK,2021-12-31,6.96,6.95,23365000000,,14000000,2000000,26075000000,,2.41,
769,2020,AWK,2020-12-31,3.91,3.91,22357000000,,9656000000,2000000,24766000000,,2.20,
770,2019,AWK,2019-12-31,3.44,3.43,20318000000,,8664000000,2000000,22682000000,,2.00,
771,2018,AWK,2018-12-31,0.60,0.59,21223000000,,7638000000,5864000000,21223000000,,0.455,
772,2017,AWK,2017-12-31,0.52,0.52,19482000000,,6809000000,5385000000,19482000000,,1.66,
773,2016,AWK,2016-12-31,2.63,2.62,18482000000,,6320000000,5218000000,18482000000,,1.50,
774,2015,AWK,2015-12-31,2.66,2.64,17241000000,,5914000000,5049000000,17241000000,,1.36,
775,2014,AWK,2014-12-31,2.36,2.35,16130956000,,,,16130956000,,1.24,
776,2013,AWK,2013-12-31,2.08,2.06,15069533000,,5244232000,4727804000,15069533000,,1.12,
777,2012,AWK,2012-12-31,2.03,2.01,14718976000,,5325289000,4443268000,14718976000,,0.98,
778,2011,AWK,2011-12-31,0.15,0.15,14776391000,,,4235837000,14776391000,,1.13,
779,2024,AXON,2024-12-31,4.98,4.80,4474588000,2146923000,,1000,4474588000,,,
780,2023,AXON,2023-12-31,2.35,2.31,3436845000,1824811000,,1000,3436845000,,,
781,2022,AXON,2022-12-31,2.07,2.03,2851894000,1583403000,0,1000,2851894000,,,
782,2021,AXON,2021-12-31,-0.91,-0.91,1688210000,640361000,,1000,1688210000,,,
783,2020,AXON,2020-12-31,-0.03,-0.03,1381023000,404768000,,1000,1381023000,,,
784,2019,AXON,2019-12-31,0.01,0.01,845639000,302144000,,1000,845639000,,,
785,2018,AXON,2018-12-31,0.24,0.24,719540000,252216000,,467324000,719540000,,,
786,2017,AXON,2017-12-31,0.09,0.09,338112000,170668000,,167444000,338112000,,,
787,2016,AXON,2016-12-31,0.06,0.06,278163000,127275000,,150888000,278163000,,,
788,2015,AXON,2015-12-31,0.14,0.13,229881000,72877000,,157004000,229881000,,,
789,2014,AXON,2014-12-31,0.06,0.06,185368000,56262000,,129106000,185368000,,,
790,2013,AXON,2013-12-31,0.35,0.34,148382000,40035000,,108347000,148382000,,,
791,2012,AXON,2012-12-31,0.07,0.07,116236251,28951205,,87285046,116236251,,,
792,2011,AXON,2011-12-31,-0.12,-0.12,104962751,22507197,,82455554,104962751,,,
793,2024,AXP,2024-12-31,14.04,14.01,114228000000,241197000000,13880000000,30264000000,271461000000,1999000000,2.80,1999000000
794,2023,AXP,2023-12-31,11.23,11.21,107000000000,233051000000,13426000000,28057000000,261108000000,1780000000,2.40,1770000000
795,2022,AXP,2022-12-31,9.86,9.85,94000000000,203643000000,12662000000,24711000000,228354000000,1565000000,2.08,1568000000
796,2021,AXP,2021-12-31,10.04,10.02,102000000000,166371000000,13803000000,22177000000,188548000000,1448000000,1.72,1359000000
797,2020,AXP,2020-12-31,1.76,1.76,87000000000,168383000000,12760000000,22984000000,191367000000,1474000000,1.72,1392000000
798,2019,AXP,2019-12-31,2.04,2.03,106000000000,175250000000,19668000000,23071000000,198321000000,1422000000,1.64,1358000000
799,2018,AXP,2018-12-31,1.89,2.32,188602000000,166312000000,1535000000,22290000000,45610000000,1324000000,0.35,1273000000
800,2017,AXP,2017-12-31,1.34,1.5,36904000000,18677000000,18600000000,172000000,181159000000,1251000000,0.32,1183000000
801,2016,AXP,2016-12-31,1.21,1.45,-34900000000,138392000000,300000000,0,35059000000,1207000000,0.32,1137000000
802,2015,AXP,2015-12-31,1.43,0.89,39634000000,140511000000,49000000000,20673000000,39634000000,1172000000,0.26,1128000000
803,2014,AXP,2014-12-31,1.34,1.39,159103000000,138430000000,19516000000,20673000000,159103000000,1041000000,1.01,1055000000
804,2013,AXP,2013-12-31,4.91,4.88,153375000000,133879000000,18690000000,19496000000,153375000000,939000000,0.89,967000000
805,2012,AXP,2012-12-31,3.91,3.89,153140000000,134254000000,19277000000,18886000000,153140000000,902000000,0.80,909000000
806,2011,AXP,2011-12-31,4.14,4.12,153337000000,134543000000,20856000000,18794000000,153337000000,861000000,0.72,-856000000
807,2025,AYI,2025-08-31,12.85,12.53,906100000,2030300000,500000000.0,500000,4755200000,,0.66,
808,2024,AYI,2024-08-31,13.68,13.44,883000000.0,1435800000,,500000,3814600000,,0.58,
809,2023,AYI,2023-08-31,10.88,10.76,870100000,1393100000,,500000,3408500000,,0.52,
810,2022,AYI,2022-08-31,11.23,11.08,3480200000,1568400000,,500000,3480200000,,0.52,
811,2021,AYI,2021-08-31,8.44,8.38,3575100000,1530600000,0,500000,3575100000,,0.52,
812,2020,AYI,2020-08-31,6.29,6.27,3491700000,1364200000,401100000,500000,3491700000,,0.52,
813,2019,AYI,2019-08-31,8.32,8.29,2053500000,1253500000,350000000.0,500000,2053500000,,0.52,
814,2018,AYI,2018-08-31,2.34,2.33,2988800000,1272000000,356800000,1716800000,2988800000,,0.52,
815,2017,AYI,2017-08-31,1.54,1.53,2899600000,1234000000,356900000,1665600000,2899600000,,0.52,
816,2016,AYI,2016-08-31,1.50,1.49,2948000000,1288200000,355200000,1659800000,2948000000,,0.52,
817,2015,AYI,2015-08-31,1.07,1.07,2429600000,1069600000,352400000,1360000000,2429600000,,0.52,
818,2014,AYI,2014-08-31,4.07,4.05,2168100000,,4000000,1163500000,2168100000,,0.52,
819,2013,AYI,2013-08-31,2.97,2.95,1903800000,,350000000,993500000,1903800000,,0.52,
820,2012,AYI,2012-08-31,2.75,2.72,1736900000,,349500000,834000000,1736900000,,0.52,
821,2011,AYI,2011-08-31,2.46,2.42,1597400000,,4000000,757000000,1597400000,,0.52,
822,2025,AZO,2025-08-30,148.8,144.87,19355324000,,,169000,19355324000,,,
823,2024,AZO,2024-08-31,153.82,149.55,16829351000,,,175000,17176538000,,,
824,2023,AZO,2023-08-26,136.60,132.36,15664891000,,,189000,15985878000,,,
825,2022,AZO,2022-08-27,120.83,117.19,15060704000,,,207000,15275043000,,,
826,2021,AZO,2021-08-28,97.60,95.19,14398581000,,,230000,14516199000,,,
827,2020,AZO,2020-08-29,73.62,71.93,14303427000,,,237000,14423872000,,,
828,2019,AZO,2019-08-31,64.78,63.43,9895913000,,,254000,9895913000,,,
829,2018,AZO,2018-08-25,15.27,15.02,9346980000,,,-1520355000,9346980000,,,
830,2017,AZO,2017-08-26,15.52,15.27,9259781000,,,-1428377000,9259781000,,,
831,2016,AZO,2016-08-27,14.58,14.30,8599787000,,,-1787538000,8599787000,,,
832,2015,AZO,2015-08-29,13.02,12.75,8102349000,,,-1701390000,8102349000,,,
833,2014,AZO,2014-08-30,11.50,11.28,7517858000,,4343800000,-1621857000,7517858000,,,
834,2013,AZO,2013-08-31,10.59,10.42,6892089000,,,-1687319000,6892089000,,,
835,2012,AZO,2012-08-25,8.65,8.46,6265639000,,,-1548025000,6265639000,,,
836,2011,AZO,2011-08-27,19.91,19.47,5869602000,,,-1254232000,5869602000,,,
837,2025,BA,2025-12-31,2.49,2.48,91837000000,162778000000,53848000000,5454000000,168235000000,331000000,,
838,2024,BA,2024-12-31,-18.36,-18.36,84177000000,160277000000,53625000000,-3908000000,156363000000,,,
839,2023,BA,2023-12-31,-3.67,-3.67,77047000000,154240000000,52055000000,-17233000000,137012000000,,,
840,2022,BA,2022-12-31,-8.30,-8.30,75212000000,152948000000,56794000000,-15883000000,137100000000,,,
841,2021,BA,2021-12-31,-7.15,-7.15,75863000000,153398000000,57921000000,-14999000000,138552000000,,,
842,2020,BA,2020-12-31,-20.88,-20.88,77973000000,170211000000,63380000000,-18316000000,152136000000,,,
843,2019,BA,2019-12-31,-1.12,-1.12,73995000000,,20964000000,-8617000000,133625000000,,8.22,
844,2018,BA,2018-12-31,18.05,17.85,64670000000,,11796000000,339000000,117359000000,,7.19,
845,2017,BA,2017-12-31,2.36,2.34,92333000000,,10380000000,355000000,92333000000,,1.71,
846,2016,BA,2016-12-31,1.85,1.83,89997000000,,9815000000,817000000,89997000000,,1.42,
847,2015,BA,2015-12-31,1.89,1.87,94408000000,,9814000000,6335000000,94408000000,,1.09,
848,2014,BA,2014-12-31,1.30,1.28,99198000000,,8909000000,8665000000,99198000000,,0.91,
849,2013,BA,2013-12-31,6.03,5.96,92663000000,,9483000000,14875000000,92663000000,,2.185,
850,2012,BA,2012-12-31,5.15,5.11,88896000000,,,5867000000,88896000000,,1.81,
851,2011,BA,2011-12-31,0.79,0.78,79986000000,76378000000,,3515000000,79986000000,,1.7,
852,2024,BAC,2024-12-31,3.25,3.21,24119000000,2965960000000,8457000000,23159000000,3261519000000,,0.26,
853,2023,BAC,2023-12-31,3.10,3.08,23773000000,2888505000000,8456000000,28397000000,3180151000000,,0.24,
854,2022,BAC,2022-12-31,3.21,3.19,18873000000,2778178000000,4581000000,28397000000,3051375000000,,0.22,
855,2021,BAC,2021-12-31,3.60,3.57,21370000000,2899429000000,3587000000,24708000000,3169495000000,,0.21,
856,2020,BAC,2020-12-31,1.88,1.87,28555000000,2546703000000,7053000000,24510000000,2819627000000,,0.18,
857,2019,BAC,2019-12-31,2.77,2.75,44381000000,2169269000000,8718000000,23401000000,2434079000000,,0.18,
858,2018,BAC,2018-12-31,2.64,2.61,49073000000,2089182000000,10944000000,22326000000,2354507000000,,0.15,
859,2017,BAC,2017-12-31,1.63,1.56,2281234000000,2014088000000,227402000000,267146000000,2281234000000,,0.075,
860,2016,BAC,2016-12-31,1.58,1.50,2187702000000,1920862000000,216823000000,266840000000,2187702000000,,0.05,
861,2015,BAC,2015-12-31,1.38,1.31,2144316000000,1888111000000,236764000000,256205000000,2144316000000,,0.05,
862,2014,BAC,2014-12-31,0.36,0.36,2104534000000,1861063000000,243139000000,243471000000,2104534000000,,0.01,
863,2013,BAC,2013-12-31,0.94,0.90,2102273000000,20851000000,249674000000,232685000000,2102273000000,1677000000,0.01,
864,2012,BAC,2012-12-31,0.26,0.25,134431000000,1973018000000,34256000000,236956000000,2209974000000,1909000000,0.01,
865,2011,BAC,2011-12-31,0.01,0.01,151761000000,1898945000000,49054000000,230101000000,2129046000000,1738000000,0.01,
866,2024,BALL,2024-12-31,13.12,13,17628000000,11698000000,,5862000000,17628000000,,,
867,2023,BALL,2023-12-31,2.25,0.13,19303000000,15466000000,,3769000000,19303000000,,,
868,2022,BALL,2022-12-31,2.27,0.12,19909000000,16382000000,,3461000000,19909000000,,,
869,2021,BALL,2021-12-31,2.69,2.65,19714000000,16029000000,,3627000000,19714000000,,,
870,2020,BALL,2020-12-31,1.79,1.76,18252000000,14915000000,,3275000000,18252000000,,,
871,2019,BALL,2019-12-31,1.71,1.66,8728000000,5779000000,7791000000,-340000000,8728000000,,0.15,
872,2018,BALL,2018-12-31,0.36,0.35,16554000000,12992000000,6518000000,3458000000,16554000000,,0.40,
873,2017,BALL,2017-12-31,0.19,0.19,17169000000,13123000000,6631000000,3941000000,17169000000,,0.10,
874,2016,BALL,2016-12-31,-0.90,-0.90,16173000000,12632000000,7389000000,3435000000,16173000000,,,
875,2015,BALL,2015-12-31,0.15,0.15,9777000000,8515700000,1000000000,1251300000,9777000000,,,
876,2014,BALL,2014-12-31,0.67,0.65,7571000000,6331400000,3048800000,1033100000,7571000000,,,
877,2013,BALL,2013-12-31,2.79,2.73,7819800000,3846500000,315400000,1199900000,7819800000,,,
878,2012,BALL,2012-12-31,2.61,2.55,204600000,6217100000,375000000,1114600000,7507100000,,,
879,2011,BALL,2011-12-31,2.69,2.63,7284600000,5906600000,450000000,1219100000,3871100000,,,
880,2024,BAX,2024-12-31,0.07,0.07,25782000000,18758000000,13180000000,6964000000,25782000000,,1.04,536000000
881,2023,BAX,2023-12-31,0.09,0.09,28276000000,19808000000,13855000000,8402000000,28276000000,,1.16,592000000
882,2022,BAX,2022-12-31,-4.83,-4.83,28287000000,22392000000,16702000000,5833000000,28287000000,,1.15,582000000
883,2021,BAX,2021-12-31,2.56,2.53,33521000000,24400000000,17754000000,9077000000,33521000000,,1.085,547000000
884,2020,BAX,2020-12-31,0.65,0.64,20019000000,11293000000,6233000000,8689000000,20019000000,,0.955,488000000
885,2019,BAX,2019-12-31,0.72,0.71,18193000000,10281000000,,7882000000,18193000000,,0.19,435000000
886,2018,BAX,2018-12-31,3.04,2.97,15641000000,7825000000,,7794000000,15641000000,,0.73,392000000
887,2017,BAX,2017-12-31,1.32,1.29,17111000000,,,9124000000,17111000000,,0.61,334000000
888,2016,BAX,2016-12-31,9.09,9.01,15546000000,,,8290000000,15546000000,,0.505,276000000
889,2015,BAX,2015-12-31,1.78,1.76,20975000000,,,8846000000,20975000000,,0.520,695000000
890,2014,BAX,2014-12-31,4.61,4.56,25917000000,,,8120000000,25917000000,,0.52,1116000000
891,2013,BAX,2013-12-31,3.70,3.66,25869000000,,,8463000000,25869000000,,0.490,1048000000
892,2012,BAX,2012-12-31,4.22,4.18,20390000000,,,6938000000,20390000000,,0.450,866000000
893,2011,BAX,2011-12-31,0.99,0.98,19073000000,,134000000,6585000000,19073000000,,0.31,719000000
894,2024,BBBY,2024-12-31,-5.56,-5.56,401954000,239222000,,,401954000,,,
895,2023,BBBY,2023-12-31,-6.81,-6.81,635818000,276686000,34500000,,635818000,,,
896,2022,BBBY,2022-12-31,-0.83,-0.83,878546000,232720000,34476000,645826000,878546000,,,
897,2021,BBBY,2021-12-31,8.18,8.11,1065966000,321580000,37984000,744386000,1065966000,,,
898,2020,BBBY,2020-12-31,1.25,1.24,830214000,393888000,41334000,373692000,830214000,,,
899,2019,BBBY,2019-12-31,-1.18,-1.18,417727000,239872000,0,115084000,417727000,,,
900,2018,BBBY,2018-12-31,-1.74,-1.74,461219000,250513000,3069000,131746000,461219000,,,
901,2017,BBBY,2017-12-31,-0.23,-0.23,433815000,261692000,0,175628000,433815000,,,
902,2016,BBBY,2016-12-31,0.53,0.53,485076000,312116000,44179000,175326000,485076000,,,
903,2015,BBBY,2015-12-31,0.11,0.11,429129000,279768000,9488000,150453000,429129000,,,
904,2014,BBBY,2014-12-31,0.17,0.16,376865000,247645000,,129238000,376865000,,,
905,2013,BBBY,2013-12-31,3.73,3.64,319767000,196876000,,122891000,319767000,,,
906,2012,BBBY,2012-12-31,0.63,0.62,181985000,151023000,,30962000,181985000,,,
907,2011,BBBY,2011-12-31,-0.84,-0.84,179559000,166322000,,13237000,179559000,,,
908,2024,BBT,2024-12-31,1.44,1.43,12273408000,11105984000,212982000,562000,12273408000,,0.72,
909,2023,BBT,2023-12-31,1.61,1.60,12430821000,11418600000,125223000,528000,12430821000,,0.72,
910,2022,BBT,2022-12-31,2.03,2.02,11662864000,10708802000,4445000,954062000,11662864000,,0.54,
911,2021,BBT,2021-12-31,2.41,2.39,11554913000,10372478000,13331000,1182435000,11554913000,,0.48,
912,2020,BBT,2020-12-31,-10.60,-10.60,12838013000,11650240000,434357000,0,12838013000,,0.72,
913,2019,BBT,2019-12-31,1.98,1.97,13215970000,11457406000,605501000,40633000,13215970000,,0.92,
914,2018,BBT,2018-12-31,0.55,0.55,12212231000,10659313000,398984000,1552918000,12212231000,,0.88,
915,2017,BBT,2017-12-31,0.44,0.44,11570751000,10074487000,469775000,1496264000,11570751000,,0.84,
916,2016,BBT,2016-12-31,0.52,0.52,9162542000,8069244000,231953000,1093298000,9162542000,,0.80,
917,2015,BBT,2015-12-31,0.35,0.35,7831915000,6944726000,192947000,887189000,7831915000,,0.76,
918,2014,BBT,2014-12-31,-0.04,-0.04,6502031000,5792744000,151423000,709287000,6502031000,,0.72,
919,2013,BBT,2013-12-31,1.66,0.42,5672799000,4994737000,101918000,678062000,5672799000,,0.72,
920,2012,BBT,2012-12-31,0.39,0.38,5296809000,4629544000,195321000,265000,5296809000,,0.69,
921,2011,BBT,2011-12-31,,,3991204000,3437839000,,553365000,3991204000,,0.65,
922,2025,BBWI,2025-02-01,3.62,3.61,4872000000,,,-1385000000,4872000000,43000000,0.80,
923,2024,BBWI,2024-02-03,3.86,3.84,5463000000,,,-1627000000,5463000000,45000000,0.80,
924,2023,BBWI,2023-01-28,3.45,3.43,5494000000,,,-2206000000,5494000000,46000000,0.80,
925,2022,BBWI,2022-01-29,4.96,4.88,6026000000,,,-1518000000,6026000000,39000000,0.45,
926,2021,BBWI,2021-01-30,3.04,3.00,3548000000,,,-662000000,11571000000,0,0.30,
927,2020,BBWI,2020-02-01,-1.33,-1.33,3883000000,,,-1499000000,3992000000,83000000,1.20,
928,2019,BBWI,2019-02-02,1.96,1.94,8090000000,,,-869000000,8090000000,166000000,0.30,
929,2018,BBWI,2018-02-03,2.36,2.33,8149000000,,,-753000000,8149000000,170000000,0.60,
930,2017,BBWI,2017-01-28,2.21,2.18,8170000000,,,-729000000,8170000000,172000000,0.60,
931,2016,BBWI,2016-01-30,2.19,2.15,8493000000,,5721000000,-259000000,8493000000,,0.60,
932,2015,BBWI,2015-01-31,1.93,1.89,7544000000,,4765000000,18000000,7544000000,,0.50,
933,2014,BBWI,2014-02-01,3.12,3.05,7198000000,,4976000000,-370000000,7198000000,,1.20,
934,2013,BBWI,2013-02-02,2.60,2.54,6019000000,,4477000000,-1015000000,6019000000,,5.00,
935,2012,BBWI,2012-01-28,2.80,2.70,6108000000,,3538000000,137000000,6108000000,,0.25,
936,2011,BBWI,2011-01-29,2.49,2.42,6451000000,,2507000000,1476000000,6451000000,,,
937,2025,BBY,2025-02-01,4.31,4.28,13567000000,,1154000000,2808000000,14782000000,807000000,3.76,
938,2024,BBY,2024-02-03,5.70,5.68,13660000000,,1165000000,3053000000,14967000000,801000000,3.68,
939,2023,BBY,2023-01-28,6.31,6.29,14549000000,,1176000000,2795000000,15803000000,789000000,3.52,
940,2022,BBY,2022-01-29,9.94,9.84,16016000000,,1229000000,3020000000,17504000000,688000000,2.80,
941,2021,BBY,2021-01-30,6.93,6.84,17625000000,,1267000000,4587000000,19067000000,568000000,2.20,
942,2020,BBY,2020-02-01,2.87,2.84,14247000000,,1271000000,3479000000,15591000000,527000000,2.00,
943,2019,BBY,2019-02-02,5.30,2.69,12901000000,,650000000,,12901000000,497000000,1.80,0
944,2018,BBY,2018-02-03,3.33,1.23,13049000000,,650000000,,13049000000,409000000,1.36,411000000
945,2017,BBY,2017-01-28,3.86,1.91,13856000000,,1163000000,,13856000000,505000000,1.57,505000000
946,2016,BBY,2016-01-30,2.59,1.40,13519000000,,1525000000,4378000000,13519000000,499000000,1.43,-501000000
947,2015,BBY,2015-01-31,3.53,1.46,15256000000,,1621000000,4995000000,15256000000,251000000,0.72,251000000
948,2014,BBY,2014-02-01,1.56,1.53,14013000000,,1657000000,3986000000,14013000000,233000000,0.68,234000000
949,2012,BBY,2012-03-03,-3.36,-3.36,16005000000,,149000000,3745000000,16005000000,228000000,0.62,0
950,2011,BBY,2011-02-26,3.14,1.62,9610000000,,500000000,6602000000,17849000000,237000000,0.58,238000000
951,2025,BDX,2025-09-30,5.83,5.82,55325000000,,,25390000000,55325000000,,,
952,2024,BDX,2024-09-30,5.88,5.86,57286000000,,,25890000000,57286000000,,,
953,2023,BDX,2023-09-30,4.97,4.94,52780000000,,,25796000000,52780000000,,,
954,2022,BDX,2022-09-30,5.93,5.88,52934000000,,,25282000000,52934000000,,,
955,2021,BDX,2021-09-30,6.92,6.85,53866000000,,,23677000000,53866000000,,,
956,2020,BDX,2020-09-30,0.53,0.53,23007000000,,,23765000000,54012000000,,,
957,2019,BDX,2019-09-30,-0.07,-0.07,22925000000,,,21081000000,51765000000,,,
958,2018,BDX,2018-09-30,-0.19,-0.19,53904000000,,,20994000000,53904000000,,,
959,2017,BDX,2017-09-30,1.61,1.58,37734000000,,,12948000000,37734000000,,,
960,2016,BDX,2016-09-30,1.59,1.56,25586000000,,,7633000000,25586000000,,,
961,2015,BDX,2015-09-30,1.10,1.08,26820000000,,,7164000000,26820000000,,,
962,2014,BDX,2014-09-30,6.13,5.99,12447000000,,,5053000000,12447000000,,,
963,2013,BDX,2013-09-30,6.63,6.49,12149000000,,,5043000000,12149000000,,,
964,2012,BDX,2012-09-30,5.69,5.59,11360909000,,,4135889000,11360909000,,,
965,2011,BDX,2011-09-30,5.75,5.62,10430428000,,,4828175000,10430428000,,,
966,2024,BEAM,2024-12-31,-4.58,-4.58,1103824000,370279000,,836000,1103824000,,,
967,2023,BEAM,2023-12-31,-1.72,-1.72,1459714000,478385000,,816000,1459714000,,,
968,2022,BEAM,2022-12-31,-4.13,-4.13,1341714000,608240000,,712000,1341714000,,,
969,2021,BEAM,2021-12-31,-5.77,-5.77,1474453000,647715000,,684000,1474453000,,,
970,2020,BEAM,2020-12-31,,,451677000,206116000,,245561000,451677000,,,
971,2019,BEAM,2019-12-31,,,,,,,,,,
972,2025,BEN,2025-09-30,0.91,0.91,32368300000,18179500000,2362000000,12077800000,32368300000,,1.28,
973,2024,BEN,2024-09-30,0.85,0.85,32464500000,17899700000,2780300000,12508100000,32464500000,,1.24,
974,2023,BEN,2023-09-30,1.72,1.72,30121200000,16547300000,3052800000,11916900000,30121200000,,1.20,
975,2022,BEN,2022-09-30,2.53,2.53,28060600000,14235900000,3376400000,11474600000,28060600000,,1.16,
976,2021,BEN,2021-09-30,3.58,3.57,24168400000,11424800000,1518300000,11223400000,24168400000,,1.12,
977,2020,BEN,2020-09-30,1.59,1.59,20220900000,8705200000,2000000000.0,10114500000,20220900000,,1.08,
978,2019,BEN,2019-09-30,2.35,2.35,14532200000,3161300000,696900000,9906500000,14532200000,,1.04,
979,2018,BEN,2018-09-30,1.39,1.39,14383500000,3132000000,695900000,9899200000,14383500000,,3.92,
980,2017,BEN,2017-09-30,3.01,3.01,17534000000,2656300000,1044200000,12620000000,17534000000,,0.8,
981,2016,BEN,2016-09-30,2.94,2.94,16098800000,3509500000,1401200000,11935800000,16098800000,,0.72,
982,2015,BEN,2015-09-30,3.29,3.29,16335700000,3780300000,1348000000,11841000000,16335700000,,1.10,
983,2014,BEN,2014-09-30,3.79,3.79,16357100000,3909900000,1198200000,11584100000,16357100000,,0.48,
984,2013,BEN,2013-09-30,3.37,3.37,15390300000,4583000000,1197700000,10073100000,15390300000,,1.39,
985,2012,BEN,2012-09-30,8.98,8.95,14751500000,4964300000,1566100000,9201300000,14751500000,,3.08,
986,2011,BEN,2011-09-30,8.66,8.62,13775843000,4653373000,1004381000,8524731000,13775843000,,1,
987,2025,BF.B,2025-04-30,1.84,1.84,8086000000,4093000000,0,25000000,8086000000,,,
988,2024,BF.B,2024-04-30,2.15,2.14,8166000000,4649000000,300000000,25000000,8166000000,,,
989,2023,BF.B,2023-04-30,1.63,1.63,7777000000,4509000000,0,25000000,7777000000,,,
990,2022,BF.B,2022-04-30,1.75,1.74,6373000000,3636000000,250000000,25000000,6373000000,,,
991,2021,BF.B,2021-04-30,1.89,1.88,6522000000,3866000000,249000000,25000000,6522000000,,,
992,2020,BF.B,2020-04-30,1.73,1.72,5766000000,3791000000,249000000,25000000,5766000000,,,
993,2019,BF.B,2019-04-30,1.74,1.73,5139000000,3492000000,2290000000,1647000000,5139000000,,,
994,2018,BF.B,2018-04-30,1.49,1.48,4976000000,3660000000,2341000000,1316000000,4976000000,,,
995,2017,BF.B,2017-04-30,1.72,1.71,4625000000,3255000000,1938000000,1370000000,4625000000,,,
996,2016,BF.B,2016-04-30,5.26,5.22,4183000000,2621000000,1230000000,1562000000,4183000000,,,
997,2015,BF.B,2015-04-30,3.23,3.21,4193000000,2288000000,998000000,1905000000,4193000000,,,
998,2014,BF.B,2014-04-30,3.08,3.06,4103000000,2071000000,249000000,2032000000,4103000000,,,
999,2013,BF.B,2013-04-30,2.77,2.75,3626000000,1998000000,2000000,1628000000,3626000000,,,
1000,2012,BF.B,2012-04-30,3.59,3.56,3477000000,1408000000,506000000,2069000000,3477000000,,,
1001,2011,BF.B,2011-04-30,3.92,3.90,3712000000,1652000000,759000000,2060000000,3712000000,,,
1002,2024,BG,2024-12-31,8.09,7.99,5516000000,3881000000,50000000,9913000000,24899000000,,2.72,
1003,2023,BG,2023-12-31,15.07,14.87,9100000000,5934000000,44000000,10851000000,25372000000,,0.6625,
1004,2024,BHF,2024-12-31,4.67,4.64,163830000000,233513000000,756000000,4959000000,238537000000,0,,
1005,2023,BHF,2023-12-31,-18.39,-18.39,160775000000,231332000000,756000000,4943000000,236340000000,84000000,,
1006,2022,BHF,2022-12-31,-1.36,-1.36,151387000000,219542000000,755000000,5973000000,225580000000,0,,
1007,2021,BHF,2021-12-31,-2.36,-2.36,178700000000,243633000000,755000000,16142000000,259840000000,550000000,,
1008,2020,BHF,2020-12-31,-11.58,-11.58,172233000000,229781000000,1294000000,18023000000,247869000000,1250000000,,
1009,2019,BHF,2019-12-31,-6.76,-6.76,156965000000,211022000000,1492000000,16172000000,227259000000,0,,
1010,2018,BHF,2018-12-31,-0.56,-0.56,206294000000,191811000000,3963000000,14418000000,206294000000,0,,
1011,2017,BHF,2017-12-31,-2.91,,224192000000,209612000000,3612000000,14515000000,224192000000,0,,
1012,2024,BIIB,2024-12-31,11.21,11.18,28049300000,11333300000,6295800000,,28049300000,,,
1013,2023,BIIB,2023-12-31,8.02,7.97,26844800000,12045400000,6938200000,14799400000,26844800000,,,
1014,2022,BIIB,2022-12-31,20.96,20.87,24554100000,11165700000,6281000000,13397900000,24554100000,,,
1015,2021,BIIB,2021-12-31,10.44,10.40,23877300000,12917600000,6274000000,10896200000,23877300000,,,
1016,2020,BIIB,2020-12-31,8.10,8.08,24618900000,13932800000,7426200000,10700300000,24618900000,,,
1017,2019,BIIB,2019-12-31,7.17,7.15,27234300000,13895200000,4459000000.0,13343200000,27234300000,,,
1018,2018,BIIB,2018-12-31,5.55,5.54,25288900000,12257300000,5936500000,13039600000,25288900000,,,
1019,2017,BIIB,2017-12-31,3.47,3.46,23652600000,11054500000,5935000000,12612800000,23652600000,,,
1020,2016,BIIB,2016-12-31,4.44,4.43,22876800000,10748200000,6512700000,12140100000,22876800000,,,
1021,2015,BIIB,2015-12-31,3.50,3.49,19504800000,10129900000,6521500000,9372800000,19504800000,,,
1022,2014,BIIB,2014-12-31,2.03,2.02,14316559000,3502519000,582061000,10809010000,14316559000,,,
1023,2013,BIIB,2013-12-31,7.86,7.81,11863335000,3242497000,592433000,8620242000,11863335000,,,
1024,2012,BIIB,2012-12-31,5.80,5.76,10130118000,3166323000,1020900000,6961523000,10130118000,,,
1025,2011,BIIB,2011-12-31,1.22,1.20,9049604000,2622617000,1023700000,6425499000,9049604000,,,
1026,2024,BIO,2024-12-31,-65.36,13.45,286700000,2794800000,9200000,0,9364100000,,,
1027,2023,BIO,2023-12-31,-21.82,-21.82,287100000,3557937000,9600000,3000,12299070000,,,
1028,2022,BIO,2022-12-31,-121.79,-121.79,269900000,3886414000,1187600000,3000,13501666000,,,
1029,2021,BIO,2021-12-31,142.33,140.56,588200000,4108661000,,3000,17775795000,,,
1030,2020,BIO,2020-12-31,127.86,126.20,607300000,3092678000,0,3000,12972618000,,,
1031,2019,BIO,2019-12-31,58.93,58.27,496100000,2253802000,424400000,3000,8008859000,,,
1032,2018,BIO,2018-12-31,12.25,12.10,450200000,1590737000,423700000,3000,5611068000,,,
1033,2017,BIO,2017-12-31,4.12,4.07,453000000.0,1342762000,423100000,3000,4273012000,,,
1034,2016,BIO,2016-12-31,0.96,0.95,381400000,1263745000,422500000,3000,3850504000,,,
1035,2015,BIO,2015-12-31,0.61,0.61,3711542000,1221039000,423700000,2490503000,3711542000,,,
1036,2014,BIO,2014-12-31,0.23,0.23,3341278000,1156123000,423500000,2185155000,3341278000,,,
1037,2013,BIO,2013-12-31,2.72,2.69,3388790000,1202068000,12600000,2186722000,3388790000,,,
1038,2012,BIO,2012-12-31,5.79,5.72,3436753000,1425483000,12700000,2010735000,3436753000,,,
1039,2011,BIO,2011-12-31,6.36,6.26,3096803000,1352421000,296300000,1743937000,3096803000,,,
1040,2024,BKNG,2024-12-31,174.96,172.69,27708000000,31728000000,16598000000,0,27708000000,1174000000,8.75,
1041,2023,BKNG,2023-12-31,118.67,117.40,24342000000,27086000000,14184000000,0,24342000000,,,
1042,2022,BKNG,2022-12-31,76.70,76.35,25361000000,22579000000,11600000000,0,25361000000,,,
1043,2021,BKNG,2021-12-31,28.39,28.17,23641000000,17463000000,10200000000,0,23641000000,,,
1044,2020,BKNG,2020-12-31,1.45,1.44,21874000000,16981000000,10300000000,0,21874000000,,,
1045,2019,BKNG,2019-12-31,112.93,111.82,21402000000,15469000000,961000000,0,21402000000,,,
1046,2018,BKNG,2018-12-31,12.56,12.34,22687000000,13902000000,8649000000,8785000000,22687000000,,,
1047,2017,BKNG,2017-12-31,9.26,9.11,25451263000,14187702000,8809788000,11260598000,25451263000,,,
1048,2016,BKNG,2016-12-31,7.54,7.47,19838973000,9990293000,6170522000,9820142000,19838973000,,,
1049,2015,BKNG,2015-12-31,6.42,6.36,17420575000,8625106000,6158443000,8795469000,17420575000,,,
1050,2014,BKNG,2014-12-31,6.35,6.25,14940563000,6373540000,3849756000,8566694000,14940563000,,,
1051,2013,BKNG,2013-12-31,37.17,36.11,10444460000,3526198000,,6909729000,10444460000,,,
1052,2012,BKNG,2012-12-31,28.48,27.66,6569742000,2457825000,,3896975000,6569742000,,,
1053,2011,BKNG,2011-12-31,21.27,20.63,3970671000,1191971000,,2574295000,3970671000,,,
1054,2024,BKNG,2024-12-31,174.96,172.69,27708000000,31728000000,16598000000,0,27708000000,1174000000,8.75,
1055,2023,BKNG,2023-12-31,118.67,117.40,24342000000,27086000000,14184000000,0,24342000000,,,
1056,2022,BKNG,2022-12-31,76.70,76.35,25361000000,22579000000,11600000000,0,25361000000,,,
1057,2021,BKNG,2021-12-31,28.39,28.17,23641000000,17463000000,10200000000,0,23641000000,,,
1058,2020,BKNG,2020-12-31,1.45,1.44,21874000000,16981000000,10300000000,0,21874000000,,,
1059,2019,BKNG,2019-12-31,112.93,111.82,21402000000,15469000000,961000000,0,21402000000,,,
1060,2018,BKNG,2018-12-31,12.56,12.34,22687000000,13902000000,8649000000,8785000000,22687000000,,,
1061,2017,BKNG,2017-12-31,9.26,9.11,25451263000,14187702000,8809788000,11260598000,25451263000,,,
1062,2016,BKNG,2016-12-31,7.54,7.47,19838973000,9990293000,6170522000,9820142000,19838973000,,,
1063,2015,BKNG,2015-12-31,6.42,6.36,17420575000,8625106000,6158443000,8795469000,17420575000,,,
1064,2014,BKNG,2014-12-31,6.35,6.25,14940563000,6373540000,3849756000,8566694000,14940563000,,,
1065,2013,BKNG,2013-12-31,37.17,36.11,10444460000,3526198000,,6909729000,10444460000,,,
1066,2012,BKNG,2012-12-31,28.48,27.66,6569742000,2457825000,,3896975000,6569742000,,,
1067,2011,BKNG,2011-12-31,21.27,20.63,3970671000,1191971000,,2574295000,3970671000,,,
1068,2024,BKR,2024-12-31,3.00,2.98,18781000000,,599000000,16895000000,38363000000,,,
1069,2023,BKR,2023-12-31,1.93,1.91,17925000000,,0,15368000000,36945000000,,,
1070,2022,BKR,2022-12-31,-0.61,-0.61,17181000000,,0,14394000000,34181000000,,,
1071,2021,BKR,2021-12-31,-0.27,-0.27,15454000000,,0,14830000000,35308000000,,,
1072,2020,BKR,2020-12-31,-14.73,-14.73,15482000000,,1247000000,12893000000,38007000000,,,
1073,2019,BKR,2019-12-31,0.23,0.23,30611000000,,0,21929000000,53369000000,,,
1074,2018,BKR,2018-12-31,0.17,0.17,52439000000,,131000000,17465000000,52439000000,,,
1075,2017,BKR,2017-12-31,,-0.24,57050000000,,135000000,14709000000,57050000000,,,
1076,2024,BLDR,2024-12-31,9.13,9.06,10583086000,6286616000,,1136000,10583086000,,,
1077,2023,BLDR,2023-12-31,12.06,11.94,10499452000,5767101000,,1219000,10499452000,,,
1078,2022,BLDR,2022-12-31,16.98,16.82,10595160000,5632594000,,1389000,10595160000,,,
1079,2021,BLDR,2021-12-31,8.55,8.48,10714343000,5911862000,,1798000,10714343000,,,
1080,2020,BLDR,2020-12-31,2.69,2.66,4173671000,3020888000,,1168000,4173671000,,,
1081,2019,BLDR,2019-12-31,1.92,1.90,3249490000,2424537000,,1161000,3249490000,,,
1082,2018,BLDR,2018-12-31,1.79,1.76,2932309000,2335971000,,596338000,2932309000,,,
1083,2017,BLDR,2017-12-31,0.34,0.34,3006124000,2629915000,,376209000,3006124000,,,
1084,2016,BLDR,2016-12-31,1.30,1.27,2909887000,2600267000,,309620000,2909887000,,,
1085,2015,BLDR,2015-12-31,-0.22,-0.22,2882038000,2732843000,60000000,149195000,2882038000,,,
1086,2014,BLDR,2014-12-31,0.19,0.18,583065000,542865000,350000000,40200000,583065000,,,
1087,2013,BLDR,2013-12-31,-0.12,-0.12,515839000,500471000,353971000,15368000,515839000,,,
1088,2012,BLDR,2012-12-31,,,550841000,502745000,360955000,48096000,550841000,,,
1089,2011,BLDR,2011-12-31,,,488803000,387579000,,101224000,488803000,,,
1090,2024,BLK,2024-12-31,42.45,42.01,138615000000,89260000000,12314000000,47495000000,138615000000,3101000000,20.4,
1091,2024,BMY,2024-12-31,-4.41,-4.41,92603000000,76215000000,49431000000,16335000000,92603000000,4863000000,2.42,
1092,2023,BMY,2023-12-31,3.88,3.86,95159000000,65674000000,39526000000,29430000000,95159000000,4744000000,2.31,
1093,2022,BMY,2022-12-31,2.97,2.95,96820000000,65702000000,38953000000,31061000000,96820000000,4634000000,2.19,
1094,2021,BMY,2021-12-31,3.15,3.12,109314000000,73308000000,44369000000,35946000000,109314000000,4396000000,2.01,
1095,2020,BMY,2020-12-31,-3.99,-3.99,129285000000,80599000000,50336000000,37822000000,118481000000,4075000000,0.45,
1096,2019,BMY,2019-12-31,2.02,2.01,34834000000,78246000000,46150000000,51598000000,129944000000,2679000000,0.41,
1097,2018,BMY,2018-12-31,0.91,0.91,33083000000,20859000000,5775000000,14031000000,34986000000,2613000000,0.40,
1098,2017,BMY,2017-12-31,0.95,0.94,32937000000,21704000000,,11741000000,33551000000,2577000000,0.39,
1099,2016,BMY,2016-12-31,0.72,0.71,31892000000,17360000000,,16177000000,33707000000,2547000000,0.38,
1100,2015,BMY,2015-12-31,0.71,0.71,33579000000,17324000000,,14266000000,31748000000,2477000000,0.37,
1101,2014,BMY,2014-12-31,0.57,0.56,33424000000,18766000000,7367000000,14852000000,33749000000,2398000000,0.36,
1102,2013,BMY,2013-12-31,1.56,1.54,38592000000,23356000000,6562000000,15154000000,38592000000,2309000000,1.41,
1103,2012,BMY,2012-12-31,1.17,1.16,35897000000,22259000000,7232000000,13623000000,35897000000,2286000000,1.37,
1104,2011,BMY,2011-12-31,2.18,2.16,32970000000,17103000000,,15956000000,32970000000,2254000000,1.33,
1105,2025,BR,2025-06-30,7.17,7.10,5667400000,5889900000,3252300000,1600000,8545000000,402300000,3.52,412100000
1106,2024,BR,2024-06-30,5.93,5.86,2522300000,6074200000,3355100000,1600000,8242400000,368200000,3.20,376000000.0
1107,2023,BR,2023-06-30,5.36,5.30,2433300000,5992600000,3413300000,1600000,8233200000,331000000.0,2.90,341600000
1108,2022,BR,2022-06-30,4.62,4.55,2505300000,6249800000,3793000000,1600000,8168800000,290700000,2.56,298900000
1109,2021,BR,2021-06-30,1.42,1.40,2517600000,6310600000,3887600000,1600000,8119800000,261700000,2.30,266300000
1110,2020,BR,2020-06-30,4.03,3.95,2484400000,3543200000,1787500000,1600000,4889800000,241000000.0,2.16,247800000
1111,2019,BR,2019-06-30,4.16,4.06,3880700000,2753200000,,1600000,3880700000,211200000,1.94,224200000
1112,2018,BR,2018-06-30,0.93,0.90,3304700000,2210400000,,1094300000,3304700000,165800000,1.46,170400000
1113,2017,BR,2017-06-30,0.64,0.63,3149800000,2146000000,1102100000,1003800000,3149800000,152200000,1.32,155200000
1114,2016,BR,2016-06-30,0.54,0.52,2879800000,1834300000,1022500000,1045500000,2879800000,138200000,1.20,141700000
1115,2015,BR,2015-06-30,0.45,0.43,2368100000,1440300000,689400000,927800000,2368100000,122300000,1.08,129000000
1116,2014,BR,2014-06-30,2.20,2.12,2192100000,1230400000,524100000,961700000,2192100000,96700000,0.84,100400000
1117,2013,BR,2013-06-30,1.74,1.69,2018200000,1202200000,524500000,816000000,2018200000,85800000,0.72,86900000
1118,2012,BR,2012-06-30,1.00,0.97,1987600000,1137100000,524400000,850500000,1987600000,78100000,0.64,79700000
1119,2011,BR,2011-06-30,1.36,1.32,1904000000,1106700000,124300000,797300000,1904000000,74800000,0.6,74300000
1120,2024,BRK.B,2024-12-31,61900,,917772000000,502226000000,,649368000000,1153881000000,,,
1121,2023,BRK.B,2023-12-31,66412,,811206000000,499208000000,,561273000000,1069978000000,,,
1122,2022,BRK.B,2022-12-31,-15535,,725989000000,290625000000,,472360000000,948452000000,,,
1123,2021,BRK.B,2021-12-31,59460,,743323000000,255711000000,,506199000000,958784000000,,,
1124,2020,BRK.B,2020-12-31,26668,,664021000000,250223000000,,443164000000,873729000000,,,
1125,2019,BRK.B,2019-12-31,49828,,630572000000,234570000000,,424791000000,817729000000,,,
1126,2018,BRK.B,2018-12-31,2446,,707794000000,355294000000,,348703000000,707794000000,,,
1127,2017,BRK.B,2017-12-31,27326,,702095000000,350141000000,,348296000000,702095000000,,,
1128,2016,BRK.B,2016-12-31,9.76,,620854000000,334495000000,,283001000000,620854000000,,,
1129,2015,BRK.B,2015-12-31,14656,,552257000000,293630000000,,255550000000,552257000000,,,
1130,2014,BRK.B,2014-12-31,8.06,,526186000000,283159000000,,240170000000,526186000000,,,
1131,2013,BRK.B,2013-12-31,7.90,,484931000000,260446000000,,221890000000,484931000000,,,
1132,2012,BRK.B,2012-12-31,5.98,,427452000000,235864000000,,187647000000,427452000000,,,
1133,2011,BRK.B,2011-12-31,4.14,,392647000000,223686000000,,164850000000,392647000000,,,
1134,2024,BRO,2024-12-31,3.48,3.46,17612000000,,3824000000,,17612000000,154000000,,
1135,2023,BRO,2023-12-31,3.07,3.05,8303900000,,3795600000,30400000,14883400000,135000000,0.48,
1136,2022,BRO,2022-12-31,2.38,2.37,7458600000,,3942100000,30300000,13973500000,119500000,0.42,
1137,2021,BRO,2021-12-31,2.08,2.07,5040706000,,2022937000,30099000,9795443000,107229000,0.38,
1138,2020,BRO,2020-12-31,1.70,1.69,7093627000,,2095906000,29969000,8966492000,100592000,0.35,
1139,2019,BRO,2019-12-31,1.42,1.40,175300000,175300000,1555343000,29711000,7622821000,91344000,0.33,
1140,2018,BRO,2018-12-31,1.24,1.22,5850045000,,1506990000,29338000,6688668000,84690000,0.31,
1141,2017,BRO,2017-12-31,2.86,2.81,4255515000,,976141000,14882000,5747550000,77712000,0.56,
1142,2016,BRO,2016-12-31,0.0045,0.0044,5287343000,,1073872000,2360211000,5287343000,70262000,0.5025,
1143,2015,BRO,2015-12-31,0.0040,0.0039,5012739000,,1153003000,2149776000,5012739000,64108000,0.45,
1144,2014,BRO,2014-12-31,1.43,1.41,4956458000,,1198471000,2113745000,4956458000,59334000,0.41,
1145,2013,BRO,2013-12-31,1.50,1.48,3649508000,,480000000,2007141000,3649508000,53546000,0.3700,
1146,2012,BRO,2012-12-31,1.28,1.26,3128058000,,450093000,1807333000,3128058000,49534000,0.3450,
1147,2011,BRO,2011-12-31,0.32,0.32,2607011000,,251260000,1643963000,2607011000,46494000,0.3250,
1148,2024,BSX,2024-12-31,1.26,1.25,39395000000,,0,0,39395000000,0,,
1149,2023,BSX,2023-12-31,1.08,1.07,35136000000,,0,0,35136000000,28000000,,
1150,2022,BSX,2022-12-31,0.45,0.45,32469000000,,0,,32469000000,55000000,,
1151,2021,BSX,2021-12-31,0.69,0.69,32229000000,,0,,32229000000,55000000,,
1152,2020,BSX,2020-12-31,-0.08,-0.08,30777000000,,250000000,,30777000000,28000000,,
1153,2019,BSX,2019-12-31,3.38,3.33,1803000000,,900000000,,30565000000,,,
1154,2018,BSX,2018-12-31,1.21,1.19,20999000000,,850000000,,20999000000,,,
1155,2017,BSX,2017-12-31,0.08,0.08,19042000000,,3815000000,,19042000000,,,
1156,2016,BSX,2016-12-31,0.26,0.25,18096000000,,5400000000,,18096000000,,,
1157,2015,BSX,2015-12-31,-0.18,-0.18,18133000000,,5650000000,,18133000000,,,
1158,2014,BSX,2014-12-31,-0.09,-0.09,17042000000,,4200000000,,17042000000,,,
1159,2013,BSX,2013-12-31,-0.09,-0.09,16571000000,,3800000000,,16571000000,,,
1160,2012,BSX,2012-12-31,-2.89,-2.89,17154000000,,4200000000,,17154000000,,,
1161,2011,BSX,2011-12-31,0.29,0.29,21290000000,,4200000000,,21290000000,,,
1162,2024,BWA,2024-12-31,1.51,1.50,13993000000,8287000000,334000000,5532000000,13993000000,,0.44,
1163,2023,BWA,2023-12-31,2.68,2.67,14453000000,8387000000,384000000,5828000000,14453000000,,0.56,
1164,2022,BWA,2022-12-31,4.01,3.99,5376000000,9486000000,499000000,7224000000,16994000000,,0.68,
1165,2021,BWA,2021-12-31,2.25,2.24,6729000000,9313000000,0,6948000000,16575000000,,0.68,
1166,2020,BWA,2020-12-31,2.35,2.34,5714000000,,0,6428000000,16029000000,,0.68,
1167,2019,BWA,2019-12-31,3.63,3.61,4536000000,,251000000,4706000000,9702000000,,0,
1168,2018,BWA,2018-12-31,1.07,1.07,10095300000,,2080500000,4225500000,10095300000,,0.68,
1169,2017,BWA,2017-12-31,0.89,0.89,9787600000,,2119500000,3716800000,9787600000,,0.59,
1170,2016,BWA,2016-12-31,0.75,0.75,8834700000,93200000,2063000000,3218300000,8834700000,,0.53,
1171,2015,BWA,2015-12-31,0.79,0.79,8841500000,,2285400000,3553700000,8841500000,,0.52,
1172,2014,BWA,2014-12-31,0.70,0.69,7228000000,,738800000,3616200000,7228000000,,0.51,
1173,2013,BWA,2013-12-31,2.73,2.70,6917000000,,320000000,3560600000,6917000000,,0.25,1300000
1174,2012,BWA,2012-12-31,4.45,4.17,6400800000,,0,3082600000,6400800000,,,
1175,2011,BWA,2011-12-31,5.04,4.45,5958600000,,247700000,2387900000,5958600000,,,
1176,2024,BX,2024-12-31,3.62,3.62,204052000,23974860000,11360749000,8212321000,43469875000,,3.45,
1177,2023,BX,2023-12-31,1.84,1.84,316197000,22212316000,10747749000,6816798000,40287530000,,3.32,
1178,2022,BX,2022-12-31,2.36,2.36,241712000,22843160000,11041000000,7655911000,42524227000,,4.94,
1179,2021,BX,2021-12-31,8.14,8.13,79994000,19490362000,7855500000,9422893000,41196408000,,3.57,
1180,2020,BX,2020-12-31,1.50,1.50,64972000,11678743000,5732400000,6652043000,26269252000,,1.91,
1181,2019,BX,2019-12-31,3.03,3.03,351210000,17482454000,4681950000,7009784000,32585506000,,1.92,
1182,2018,BX,2018-12-31,2.27,2.26,28924650000,15170564000,10395315000,,28924650000,,2.42,
1183,2017,BX,2017-12-31,2.21,2.21,34428910000,20699355000,15166859000,,34428910000,,2.32,
1184,2016,BX,2016-12-31,1.60,1.56,26403337000,13888404000,8941299000,,26403337000,,1.66,
1185,2015,BX,2015-12-31,1.12,1.04,22526080000,10295623000,6731769000,,22526080000,,2.90,
1186,2014,BX,2014-12-31,2.60,2.58,31510894000,14177347000,9476193000,,31510894000,,1.92,
1187,2013,BX,2013-12-31,2.00,1.98,29678606000,15300935000,1635000000,,29678606000,,0.42,
1188,2012,BX,2012-12-31,0.41,0.41,28931552000,17716605000,12991144000,,28931552000,,0.52,
1189,2011,BX,2011-12-31,0.10,0.09,21909129000,12656843000,9381495000,,21909129000,,,
1190,2024,BXP,2024-12-31,0.09,0.09,26084980000,18137324000,16220499000,5413306000,26084980000,689870000,,
1191,2023,BXP,2023-12-31,1.21,1.21,26026149000,17833785000,15856297000,5876697000,26026149000,687809000,,
1192,2022,BXP,2022-12-31,5.42,5.40,24207669000,15837237000,14240336000,6132919000,24207669000,685019000,,
1193,2021,BXP,2021-12-31,,3.17,22365258000,14322462000,12896609000,5834020000,22365258000,683753000,,
1194,2020,BXP,2020-12-31,5.55,5.54,22858190000,14511681000,13047758000,5996083000,22858190000,688904000,,
1195,2019,BXP,2019-12-31,3.31,3.30,21284905000,13262304000,11811806000,5684687000,21284905000,666294000,,
1196,2018,BXP,2018-12-31,1.14,1.14,20256477000,12042509000,2995328000,5883171000,20256477000,587628000,,
1197,2017,BXP,2017-12-31,0.63,0.63,19372233000,11269777000,3013961000,5813957000,19372233000,526578000,3.05,
1198,2016,BXP,2016-12-31,1.18,1.18,18851643000,10919719000,2031615000,5786295000,18851643000,671626000,2.70,
1199,2015,BXP,2015-12-31,1.12,1.11,18379456000,10492529000,3358479000,5709435000,18379456000,1226199000,,
1200,2014,BXP,2014-12-31,0.35,0.35,19886767000,11878506000,4170773000,5697298000,19886767000,840264000,,
1201,2013,BXP,2013-12-31,4.87,4.86,20162251000,12967712000,11341508000,5741153000,20162251000,451118000,,
1202,2012,BXP,2012-12-31,1.93,1.92,15462321000,9619033000,8912369000,5097065000,15462321000,372899000,0.65,
1203,2011,BXP,2011-12-31,0.29,0.29,14782966000,9313798000,3099473000,4865998000,14782966000,332597000,,
1204,2024,C,2024-12-31,6.03,5.94,584000000000,2143579000000,133519000000,208598000000,2352945000000,5199000000,0.53,4218000000
1205,2023,C,2023-12-31,4.07,4.04,585000000000,2205583000000,135579000000,205453000000,2411834000000,5212000000,0.51,4076000000
1206,2022,C,2022-12-31,7.04,7.00,1730000000000,2214838000000,141893000000,201189000000,384968000000,5003000000,0.51,4028000000
1207,2021,C,2021-12-31,10.21,10.14,58637000000,2088741000000,82609000000,201972000000,383754000000,5198000000,0.51,4196000000
1208,2020,C,2020-12-31,-0.16,4.72,60059000000,2059890000000,67063000000,199442000000,386134000000,5352000000,0.51,4299000000
1209,2019,C,2019-12-31,8.08,8.04,69506000000,1757212000000,55783000000,193242000000,365613000000,5447000000,0.45,4403000000
1210,2018,C,2018-12-31,1.68,1.68,1917000000000,1720309000000,231999000000,196220000000,1917383000000,5020000000,0.32,3865000000
1211,2017,C,2017-12-31,1.35,1.35,1842465000000,1640793000000,236709000000,200740000000,1842465000000,3797000000,0.16,2595000000
1212,2016,C,2016-12-31,1.10,1.10,1792000000000,1565934000000,206178000000,225120000000,1792077000000,2287000000,0.05,1214000000
1213,2015,C,2015-12-31,1.51,1.51,1731000000000,1508118000000,201275000000,221857000000,1731210000000,1253000000,0.01,484000000
1214,2014,C,2014-12-31,1.24,1.23,1842530000000,1630485000000,223080000000,210534000000,1842530000000,633000000,0.01,122000000
1215,2013,C,2013-12-31,4.35,4.35,405000000000,1674249000000,34743000000,204339000000,1880382000000,314000000,0.01,120000000
1216,2012,C,2012-12-31,2.51,2.44,1864660000000,1673663000000,138862000000,189049000000,1864660000000,143000000,0.01,120000000
1217,2011,C,2011-12-31,1.02,0.99,1873878000000,1694305000000,323505000000,177806000000,1873878000000,113000000,0.01,0
1218,2025,CAG,2025-05-25,2.41,2.4,20933900000,12001200000,7260000000,8932700000,20933900000,669200000,1.4,
1219,2024,CAG,2024-05-26,0.73,0.72,20862300000,12351000000.0,7510000000,8440400000,20862300000,659300000,1.40,
1220,2023,CAG,2023-05-28,1.43,1.42,22052600000,13245300000,8600000000,8736800000,22052600000,623800000,1.32,
1221,2022,CAG,2022-05-29,1.85,1.84,22435100000,13572900000,8800000000,8787700000,22435100000,581800000,,
1222,2021,CAG,2021-05-30,2.67,2.66,22195600000,13564200000,8300000000,8551800000,22195600000,474600000,1.0375,
1223,2020,CAG,2020-05-31,1.72,1.72,22304000000.0,14353300000,9750000000,7876100000,22304000000.0,413600000,0.85,
1224,2019,CAG,2019-05-26,0.50,0.50,22213800000,14750100000,10680000000,7384600000,22213800000,356200000,0.2125,
1225,2018,CAG,2018-05-27,0.91,0.90,10389500000,6632900000,3540000000,3676200000,10389500000,342300000,0.2125,
1226,2017,CAG,2017-05-28,0.42,0.41,10096300000,6018500000,2970000000,3990800000,10096300000,415000000,0.2,
1227,2016,CAG,2016-05-29,0.46,0.46,13390600000,9595800000,5500000000,3713600000,13390600000,432500000,0.25,
1228,2015,CAG,2015-05-31,-2.23,-2.23,17542200000,12932200000,7900000000,4526000000,17542200000,425200000,0.25,
1229,2014,CAG,2014-05-25,0.72,0.70,19366400000,14011200000,8900000000,5258500000,19366400000,420900000,1,
1230,2013,CAG,2013-05-26,1.88,1.85,20405300000,15042300000,9400000000,5264400000,20405300000,400700000,0.99,
1231,2012,CAG,2012-05-27,1.13,1.12,11441900000,6905900000,2900000000,4439500000,11441900000,388600000,0.95,
1232,2011,CAG,2011-05-29,1.90,1.88,11408700000,6700200000,3200000000,4701500000,11408700000,374500000,0.89,
1233,2025,CAH,2025-06-30,6.48,6.45,601000000,187000000,,-2781000000,53122000000,,,
1234,2024,CAH,2024-06-30,3.48,3.45,29149000000,,,-3213000000,45121000000,,,
1235,2023,CAH,2023-06-30,1.00,1.00,28077000000,,,-2852000000,43417000000,,,
1236,2022,CAH,2022-06-30,-3.35,-3.35,26409000000,,,-709000000,43878000000,,,
1237,2021,CAH,2021-06-30,2.09,2.08,23624000000,,,1791000000,44453000000,,,
1238,2020,CAH,2020-06-30,-12.61,-12.61,22398000000,,,1789000000,40766000000,,,
1239,2019,CAH,2019-06-30,4.55,4.53,40963000000,,,6328000000,40963000000,,,
1240,2018,CAH,2018-06-30,0.82,0.81,39951000000,,,6059000000,39951000000,,,
1241,2017,CAH,2017-06-30,4.06,4.03,40112000000,,,6808000000,40112000000,,,
1242,2016,CAH,2016-06-30,4.36,4.32,34122000000,,,6554000000,34122000000,,,
1243,2015,CAH,2015-06-30,3.66,3.62,30142000000,,,6256000000,30142000000,,,
1244,2014,CAH,2014-06-30,3.42,3.38,26033000000,,,6401000000,26033000000,,,
1245,2013,CAH,2013-06-30,0.98,0.97,25819000000,,,5975000000,25819000000,,,
1246,2012,CAH,2012-06-30,3.10,3.06,24260000000,,,6244000000,24260000000,,,
1247,2011,CAH,2011-06-30,2.75,2.72,22845900000,,2502000000,5848600000,22845900000,,,
1248,2024,CARR,2024-12-31,6.24,6.15,37403000000,23008000000,0,,37403000000,,0.795,
1249,2023,CARR,2023-12-31,1.61,1.58,32822000000,23817000000,0,,32822000000,,0.745,
1250,2022,CARR,2022-12-31,4.19,4.10,26086000000,18010000000,0,,26086000000,,0.64,
1251,2021,CARR,2021-12-31,1.92,1.87,26172000000,19078000000,0,,26172000000,,0.51,
1252,2020,CARR,2020-12-31,2.29,2.25,25093000000,18515000000,10227000000,,25093000000,,0.28,
1253,2024,CAT,2024-12-31,22.17,22.05,1140000000,68270000000,,,87764000000,,5.53,
1254,2023,CAT,2023-12-31,20.24,20.12,1350000000,67973000000,,,87476000000,,5.10,
1255,2022,CAT,2022-12-31,12.72,12.64,971000000,66052000000,,,81943000000,,4.71,
1256,2021,CAT,2021-12-31,11.93,11.83,888000000,66277000000,,,82793000000,,4.36,
1257,2020,CAT,2020-12-31,5.51,5.46,1026000000,62946000000,,,78324000000,,4.12,
1258,2019,CAT,2019-12-31,10.85,10.74,5219000000,63824000000,,,78453000000,,3.95,
1259,2018,CAT,2018-12-31,2.78,2.74,78509000000,64429000000,,,78509000000,,,
1260,2017,CAT,2017-12-31,0.33,0.32,76962000000,63196000000,,,76962000000,,3.11,
1261,2016,CAT,2016-12-31,0.46,0.46,74704000000,61491000000,,,74704000000,,3.08,
1262,2015,CAT,2015-12-31,1.84,1.81,78497000000,63612000000,,,78497000000,,3.01,
1263,2014,CAT,2014-12-31,1.47,1.44,84681000000,67855000000,,,84681000000,,2.70,
1264,2013,CAT,2013-12-31,5.87,5.75,84896000000,64018000000,,,84896000000,,2.32,
1265,2012,CAT,2012-12-31,8.71,8.48,89356000000,71774000000,,,89356000000,,2.02,
1266,2011,CAT,2011-12-31,7.64,7.40,81446000000,68044000000,,,81446000000,,1.82,
1267,2024,CB,2024-12-31,22.94,22.70,246548000000,178154000000,14379000000,235000000,246548000000,,3.15,
1268,2023,CB,2023-12-31,21.97,21.80,230682000000,166991000000,13035000000,241000000,230682000000,,3.05,
1269,2022,CB,2022-12-31,12.66,12.55,199144000000,148604000000,14402000000,10346000000,199144000000,,3.11,
1270,2021,CB,2021-12-31,19.41,19.27,200054000000,140340000000,15169000000,10985000000,200054000000,,2.88,
1271,2020,CB,2020-12-31,7.82,7.79,55892000000,0,14948000000,11064000000,55892000000,,2.89,
1272,2019,CB,2019-12-31,9.77,9.71,53939000000,0,13559000000,11121000000,53939000000,,2.94,
1273,2018,CB,2018-12-31,2.32,2.30,167771000000,117459000000,12087000000,50312000000,167771000000,,2.84,
1274,2017,CB,2017-12-31,2.33,2.31,167022000000,115850000000,11556000000,51172000000,167022000000,,2.76,
1275,2016,CB,2016-12-31,0.98,0.97,159786000000,111511000000,12610000000,48275000000,159786000000,,2.70,
1276,2015,CB,2015-12-31,8.71,8.62,102366000000,73231000000,9447000000,29135000000,102366000000,,2.66,
1277,2014,CB,2014-12-31,2.16,2.14,98248000000,68661000000,3357000000,29587000000,98248000000,,2.47,
1278,2013,CB,2013-12-31,11.02,10.92,94510000000,65685000000,3807000000,28825000000,94510000000,,2.02,
1279,2012,CB,2012-12-31,7.96,7.89,92545000000,65014000000,3360000000,27531000000,92545000000,,2.06,
1280,2011,CB,2011-12-31,0.77,0.76,87505000000,62989000000,3360000000,,87505000000,,1.38,
1281,2024,CBOE,2024-12-31,7.24,7.21,7789100000,3509500000,648600000,1000000.0,7789100000,249400000,2.36,
1282,2023,CBOE,2023-12-31,7.16,7.13,7487500000,3502500000,647900000,1100000,7487500000,223500000,2.10,
1283,2022,CBOE,2022-12-31,2.20,2.19,6998900000,3533600000,304700000,1100000,6998900000,209400000,1.96,
1284,2021,CBOE,2021-12-31,4.93,4.92,6814500000,3209700000,159500000,1100000,6814500000,193300000,1.80,
1285,2020,CBOE,2020-12-31,4.28,4.27,6516500000,3167600000,68700000,1200000,6516500000,170600000,1.56,
1286,2019,CBOE,2019-12-31,3.35,3.34,5113900000,1758300000,222400000,1200000,5113900000,150000000.0,1.34,
1287,2018,CBOE,2018-12-31,1.04,1.04,5321000000,,1215400000,3241000000,5321000000,130300000,1.16,
1288,2017,CBOE,2017-12-31,0.16,0.16,5265700000,,1237900000,3110600000,5265700000,118100000,1.04,
1289,2016,CBOE,2016-12-31,2.27,0.60,476615000,146069000,0,317946000,476615000,,0.96,
1290,2015,CBOE,2015-12-31,2.46,0.50,384788000,125143000,,259645000,384788000,,,
1291,2014,CBOE,2014-12-31,2.21,0.56,383901000,133834000,,250067000,383901000,,,
1292,2013,CBOE,2013-12-31,1.99,1.99,441589000,157072000,,284517000,441589000,,,
1293,2012,CBOE,2012-12-31,1.78,1.78,338858000,99736000,,,338858000,47828000,,
1294,2011,CBOE,2011-12-31,1.52,1.52,327868000,91598000,,,327868000,40372000,,
1295,2024,CBRE,2024-12-31,3.16,3.14,24383000000,15191000000,,8411000000,24383000000,,,
1296,2023,CBRE,2023-12-31,3.20,3.15,22548000000,13481000000,490400000,8267000000,22548000000,,,
1297,2022,CBRE,2022-12-31,4.36,4.29,20513389000,11907657000,489300000,7853273000,20513389000,,,
1298,2021,CBRE,2021-12-31,5.48,5.41,22073491000,12714374000,488100000,8528193000,22073491000,,,
1299,2020,CBRE,2020-12-31,2.24,2.22,18039143000,10533483000,,7078326000,18039143000,,,
1300,2019,CBRE,2019-12-31,3.82,3.77,8395570000,2162877000,,6232693000,8395570000,,,
1301,2018,CBRE,2018-12-31,3.13,3.10,13456793000,8446891000,,4938797000,13456793000,,,
1302,2017,CBRE,2017-12-31,2.05,2.03,11483830000,7404282000,,4019430000,11483830000,,,
1303,2016,CBRE,2016-12-31,1.71,1.69,10779587000,7722342000,2574301000,3014487000,10779587000,,,
1304,2015,CBRE,2015-12-31,1.64,1.63,11017943000,8258873000,2710438000,2712652000,11017943000,,,
1305,2014,CBRE,2014-12-31,1.47,1.45,7647105000,5345707000,1875209000,2259830000,7647105000,,,
1306,2013,CBRE,2013-12-31,0.96,0.95,6998414000,5062408000,1840680000,1895785000,6998414000,,,
1307,2012,CBRE,2012-12-31,0.98,0.97,7809542000,6127730000,2427605000,1539211000,7809542000,,,
1308,2011,CBRE,2011-12-31,0.11,0.11,7219143000,5801980000,2472686000,1151481000,7219143000,,,
1309,2024,CCI,2024-12-31,-8.98,-8.98,20814000000,32869000000,24081000000,,32736000000,,6.26,
1310,2023,CCI,2023-12-31,3.46,3.46,21550000000,32146000000,22921000000,,38527000000,,6.26,
1311,2022,CCI,2022-12-31,3.87,3.86,22210000000,31472000000,21729000000,,38921000000,,5.98,
1312,2021,CCI,2021-12-31,2.54,2.53,39040000000,30782000000,20629000000,,39040000000,,5.46,
1313,2020,CCI,2020-12-31,2.36,2.35,38768000000,29307000000,19280000000,,38768000000,,4.93,
1314,2019,CCI,2019-12-31,1.80,1.79,38457000000,27968000000,18121000000,,38457000000,,4.58,
1315,2018,CCI,2018-12-31,0.21,0.21,32785000000,20751000000,16682000000,,32785000000,,4.28,
1316,2017,CCI,2017-12-31,0.33,0.33,32229570000,19890488000,16159620000,,32229570000,,3.90,
1317,2016,CCI,2016-12-31,0.11,0.11,22675092000,15117977000,12171142000,,22675092000,,3.61,
1318,2015,CCI,2015-12-31,0.34,0.34,22036245000,14947024000,12249238000,7089221000,22036245000,,3.35,
1319,2014,CCI,2014-12-31,0.27,0.27,21143276000,14406048000,11920861000,6716225000,21143276000,,1.87,
1320,2013,CCI,2013-12-31,0.26,0.26,20594908000,13653733000,11594500000,6926717000,20594908000,,0.35,
1321,2012,CCI,2012-12-31,0.64,0.64,16088709000,13137445000,11611242000,2938746000,16088709000,,,
1322,2011,CCI,2011-12-31,0.52,0.52,10545096000,7853200000,6885699000,2386245000,10545096000,,,
1323,2025,CCL,2025-11-30,2.10,2.02,31400000000,,27383000000,13000000,51687000000,,0.15,
1324,2024,CCL,2024-11-30,1.50,1.44,30892000000,,28213000000,13000000,49057000000,,,
1325,2023,CCL,2023-11-30,-0.06,-0.06,28547000000,,31339000000,12000000,49120000000,,,
1326,2022,CCL,2022-11-30,-5.16,-5.16,27413000000,,5800000000,12000000,51703000000,0,,
1327,2021,CCL,2021-11-30,-8.46,-8.46,25606000000,,478000000,11000000,53344000000,0,,
1328,2020,CCL,2020-11-30,-13.20,-13.20,25257000000,,7300000000,11000000,53593000000,689000000,0.50,342000000
1329,2019,CCL,2019-11-30,4.34,4.32,27102000000,,,7000000,45058000000,1387000000,0.50,345000000
1330,2018,CCL,2018-11-30,4.45,4.44,42401000000,,5900000000,24443000000,42401000000,1355000000,0.45,322000000
1331,2017,CCL,2017-11-30,3.61,3.59,40778000000,,5300000000,24216000000,40778000000,1087000000,0.35,251000000
1332,2016,CCL,2016-11-30,3.73,3.72,38936000000,,612000000,22597000000,38936000000,977000000,0.30,254000000
1333,2015,CCL,2015-11-30,2.26,2.26,39237000000,,160000000,23771000000,39237000000,816000000,1.10,
1334,2014,CCL,2014-11-30,1.59,1.59,39532000000,,221000000,24288000000,39532000000,776000000,1.00,
1335,2013,CCL,2013-11-30,1.39,1.39,40104000000,,9560000000,24556000000,40104000000,1164000000,1,
1336,2012,CCL,2012-11-30,1.67,1.67,39161000000,,8902000000,23929000000,39161000000,779000000,1.50,
1337,2011,CCL,2011-11-30,2.43,2.42,38637000000,,9353000000,23832000000,38637000000,671000000,1.00,
1338,2024,CDNS,2024-12-31,3.89,3.85,8974482000,,496500000,4181737000,8974482000,,,
1339,2023,CDNS,2023-12-31,3.86,3.82,5669491000,,,3166964000,5669491000,,,
1340,2022,CDNS,2022-12-31,3.13,3.09,5137071000,,,2467701000,5137071000,,,
1341,2022,CDNS,2022-01-01,2.54,2.50,4386299000,,,2467701000,4386299000,,,
1342,2021,CDNS,2021-01-02,2.16,2.11,3950785000,,,2217939000,3950785000,,,
1343,2019,CDNS,2019-12-28,3.62,3.53,3357225000,,,2046237000,3357225000,,,
1344,2018,CDNS,2018-12-29,1.26,1.23,2468654000,,,1288401000,2468654000,,,
1345,2017,CDNS,2017-12-30,0.75,0.73,2418714000,,,989202000,2418714000,,,
1346,2016,CDNS,2016-12-31,0.88,0.81,2345515000,,,1376115000,2345515000,,,
1347,2016,CDNS,2016-01-02,0.88,0.81,2351015000,,,1376115000,2351015000,,,
1348,2015,CDNS,2015-01-03,0.56,0.52,3209556000,,,1333574000,3209556000,,,
1349,2013,CDNS,2013-12-28,0.59,0.56,2428601000,,,1156105000,2428601000,,,
1350,2012,CDNS,2012-12-29,1.63,1.57,2287003000,,,915171000,2287003000,,,
1351,2011,CDNS,2011-12-31,0.49,0.48,1732116000,,,276654000,1732116000,,,
1352,2011,CDNS,2011-01-01,0.49,0.48,1732116000,,,276654000,1732116000,,,
1353,2024,CDW,2024-12-31,8.06,7.97,14678400000,,,1300000,14678400000,,,-2100000
1354,2023,CDW,2023-12-31,8.20,8.10,13284600000,,,1300000,13284600000,,,-2000000.0
1355,2022,CDW,2022-12-31,8.24,8.13,13131500000,,,1400000,13131500000,,,-1900000
1356,2021,CDW,2021-12-31,7.14,7.04,13199400000,,,1300000,13199400000,,,-1500000
1357,2020,CDW,2020-12-31,5.53,5.45,9344700000,,,1400000,9344700000,,,-1100000
1358,2019,CDW,2019-12-31,5.08,4.99,960300000,,,1400000,960300000,,,-900000
1359,2018,CDW,2018-12-31,4.26,4.19,975200000,,,0,975200000,,,-800000
1360,2017,CDW,2017-12-31,0.36,0.35,6956600000,5973700000,,982900000,6956600000,,,106900000
1361,2016,CDW,2016-12-31,0.47,0.46,6948400000,,,1045500000,6948400000,,,78700000
1362,2015,CDW,2015-12-31,0.32,0.32,6755300000,,,1095900000,6755300000,,,52900000
1363,2014,CDW,2014-12-31,0.30,0.30,6099900000,,,936500000,6099900000,,0.1950,33600000
1364,2013,CDW,2013-12-31,0.85,0.84,5924600000,,,711700000,5924600000,,0.0425,0
1365,2012,CDW,2012-12-31,,,5700100000,,,136500000,5700100000,,,
1366,2011,CDW,2011-12-31,,,5949600000,,,-7300000,5949600000,,,
1367,2024,CE,2024-12-31,-13.93,-13.93,574000000,,12527000000,0,22857000000,,,307000000
1368,2023,CE,2023-12-31,18.01,17.92,626000000,,13400000000,0,26597000000,,,305000000
1369,2022,CE,2022-12-31,17.48,17.34,627000000,,13953000000,0,26272000000,,,297000000
1370,2021,CE,2021-12-31,16.99,16.86,628000000,,3722000000,0,11975000000,,,304000000
1371,2020,CE,2020-12-31,16.85,16.75,666000000,,3671000000,0,10909000000,,,293000000
1372,2019,CE,2019-12-31,6.88,6.84,722000000,37000000,3455000000,0,4120000000,,,300000000
1373,2018,CE,2018-12-31,8.99,8.91,9313000000,28000000,3355000000,2984000000,9313000000,,,280000000
1374,2017,CE,2017-12-31,6.11,6.09,9538000000,28000000,3398000000,2887000000,9538000000,,,241000000
1375,2016,CE,2016-12-31,6.21,6.18,8357000000,154000000,2938000000,2588000000,8357000000,,,201000000
1376,2015,CE,2015-12-31,2.02,2.00,8586000000,166000000,2542000000,2378000000,8586000000,,,174000000
1377,2014,CE,2014-12-31,4.03,4.00,8818000000,177000000,2633000000,2818000000,8818000000,,1,144000000
1378,2013,CE,2013-12-31,6.93,6.91,9018000000,,2911000000,2699000000,9018000000,,0.18,83000000
1379,2012,CE,2012-12-31,3.82,3.79,9000000000,,2990000000,1730000000,9000000000,,0.30,43000000
1380,2011,CE,2011-12-31,3.89,3.82,8518000000,,2911000000,1341000000,8518000000,,0.2,34000000
1381,2024,CEG,2024-12-31,11.91,11.89,52926000000,39387000000,8474000000,13166000000,52926000000,,0.3525,444000000
1382,2023,CEG,2023-12-31,5.02,5.01,50758000000,39472000000,7677000000,10925000000,50758000000,,0.2820,366000000
1383,2022,CEG,2022-12-31,-0.49,-0.49,46909000000,35537000000,4650000000,11018000000,46909000000,,0.14,185000000
1384,2021,CEG,2021-12-31,,,48086000000,36472000000,6101000000,,48086000000,,,
1385,2024,CEG,2024-12-31,11.91,11.89,52926000000,39387000000,8474000000,13166000000,52926000000,,0.3525,444000000
1386,2023,CEG,2023-12-31,5.02,5.01,50758000000,39472000000,7677000000,10925000000,50758000000,,0.2820,366000000
1387,2022,CEG,2022-12-31,-0.49,-0.49,46909000000,35537000000,4650000000,11018000000,46909000000,,0.14,185000000
1388,2021,CEG,2021-12-31,,,48086000000,36472000000,6101000000,,48086000000,,,
1389,2024,CELG,2024-12-31,-4.41,-4.41,92603000000,76215000000,49431000000,16335000000,92603000000,4863000000,2.42,
1390,2023,CELG,2023-12-31,3.88,3.86,95159000000,65674000000,39526000000,29430000000,95159000000,4744000000,2.31,
1391,2022,CELG,2022-12-31,2.97,2.95,96820000000,65702000000,38953000000,31061000000,96820000000,4634000000,2.19,
1392,2021,CELG,2021-12-31,3.15,3.12,109314000000,73308000000,44369000000,35946000000,109314000000,4396000000,2.01,
1393,2020,CELG,2020-12-31,-3.99,-3.99,129285000000,80599000000,50336000000,37822000000,118481000000,4075000000,0.45,
1394,2019,CELG,2019-12-31,2.02,2.01,34834000000,78246000000,46150000000,51598000000,129944000000,2679000000,0.41,
1395,2018,CELG,2018-12-31,0.91,0.91,33083000000,20859000000,5775000000,14031000000,34986000000,2613000000,0.40,
1396,2017,CELG,2017-12-31,0.95,0.94,32937000000,21704000000,,11741000000,33551000000,2577000000,0.39,
1397,2016,CELG,2016-12-31,0.72,0.71,31892000000,17360000000,,16177000000,33707000000,2547000000,0.38,
1398,2015,CELG,2015-12-31,0.71,0.71,33579000000,17324000000,,14266000000,31748000000,2477000000,0.37,
1399,2014,CELG,2014-12-31,0.57,0.56,33424000000,18766000000,7367000000,14852000000,33749000000,2398000000,0.36,
1400,2013,CELG,2013-12-31,1.56,1.54,38592000000,23356000000,6562000000,15154000000,38592000000,2309000000,1.41,
1401,2012,CELG,2012-12-31,1.17,1.16,35897000000,22259000000,7232000000,13623000000,35897000000,2286000000,1.37,
1402,2011,CELG,2011-12-31,2.18,2.16,32970000000,17103000000,,15956000000,32970000000,2254000000,1.33,
1403,2024,CF,2024-12-31,6.75,6.74,13466000000,,742000000,4985000000,13466000000,,,
1404,2023,CF,2023-12-31,7.89,7.87,14376000000,,741000000,5717000000,14376000000,,,
1405,2022,CF,2022-12-31,16.45,16.38,13313000000,,0,5051000000,13313000000,,,
1406,2021,CF,2021-12-31,4.27,4.24,12375000000,,499000000,3206000000,12375000000,,,
1407,2020,CF,2020-12-31,1.48,1.47,12023000000,,748000000,2922000000,12023000000,,,
1408,2019,CF,2019-12-31,2.24,2.23,4049000000,,0,2897000000,4049000000,,,
1409,2018,CF,2018-12-31,0.27,0.27,12661000000,,4698000000,2958000000,12661000000,,,
1410,2017,CF,2017-12-31,-0.10,-0.10,13463000000,,4692000000,3579000000,13463000000,,,
1411,2016,CF,2016-12-31,0.11,0.11,15131000000,,5778000000,3348000000,15131000000,,,
1412,2015,CF,2015-12-31,0.96,0.96,12738900000,,5592700000,4035200000,12738900000,,,
1413,2014,CF,2014-12-31,12.94,12.90,11338200000,,4592500000,4209700000,11338200000,,,
1414,2013,CF,2013-12-31,24.87,24.74,6913800000,,749300000,5076100000,10678100000,,,
1415,2012,CF,2012-12-31,28.94,28.59,5902200000,,1600000000,5902200000,5902200000,,,
1416,2011,CF,2011-12-31,22.18,21.98,4547200000,,800000000,4547100000,4547200000,,,
1417,2024,CFG,2024-12-31,3.05,3.03,217521000000,193267000000,3375000000,2113000000,217521000000,,1.68,769000000
1418,2023,CFG,2023-12-31,3.14,3.13,221964000000,197622000000,2692000000,2014000000,221964000000,,1.68,
1419,2022,CFG,2022-12-31,4.12,4.10,226733000000,203043000000,0,2014000000,226733000000,,1.62,
1420,2021,CFG,2021-12-31,5.18,5.16,188409000000,164989000000,0,2014000000,188409000000,,1.56,
1421,2020,CFG,2020-12-31,2.22,2.22,183349000000,160676000000,350000000,-331000000,183349000000,,1.56,
1422,2019,CFG,2019-12-31,3.82,3.81,165733000000,143532000000,349000000,1570000000,165733000000,,1.36,
1423,2018,CFG,2018-12-31,3.54,3.52,160518000000,139701000000,14433000000,20817000000,160518000000,,,0.98
1424,2017,CFG,2017-12-31,3.26,3.25,152336000000,132066000000,11765000000,20270000000,152336000000,,0.18,
1425,2016,CFG,2016-12-31,1.97,1.97,149520000000,129773000000,12790000000,19747000000,149520000000,,0.12,
1426,2015,CFG,2015-12-31,1.55,1.55,138208000000,118562000000,9886000000,,138208000000,71000000,,
1427,2014,CFG,2014-12-31,1.55,1.55,132857000000,113589000000,4642000000,,132857000000,790000000,,
1428,2024,CHD,2024-12-31,2.39,2.37,8883100000,4522300000,0,293700000,8883100000,277000000,,
1429,2023,CHD,2023-12-31,3.09,3.05,7011400000,4713800000,200000000,293700000,8569200000,266500000,,
1430,2022,CHD,2022-12-31,1.70,1.68,6846900000,4855700000,0.0,293700000,8345600000,255000000.0,,
1431,2021,CHD,2021-12-31,3.38,3.32,6354500000,4763300000,300000000.0,292800000,7996500000,247500000,,
1432,2020,CHD,2020-12-31,0.94,0.92,5819800000,4394100000,299900000,292800000,7414500000,237300000,,
1433,2019,CHD,2019-12-31,0.71,0.70,5099100000,3989600000,0.0,292800000,6657400000,224100000,,
1434,2018,CHD,2018-12-31,2.32,2.27,6069200000,3615400000,300000000,2453800000,6069200000,213300000,,
1435,2017,CHD,2017-12-31,2.97,2.90,6014800000,3796800000,300000000,,6014800000,190400000,,
1436,2016,CHD,2016-12-31,1.78,1.75,4354100000,2376200000,399800000,,4354100000,183000000,,
1437,2015,CHD,2015-12-31,3.13,3.07,4256900000,2233700000,399700000,,4256900000,175300000,,
1438,2014,CHD,2014-12-31,3.06,3.01,4381300000,2279400000,948500000,2101900000,4381300000,167500000,,
1439,2013,CHD,2013-12-31,2.85,2.79,4259700000,1959700000,,2299900000,4259700000,155200000,,
1440,2012,CHD,2012-12-31,2.50,2.45,4098100000,2037000000,,2060900000,4098100000,134500000,,
1441,2011,CHD,2011-12-31,0.59,0.58,3117600000,1076800000,,2040600000,3117600000,97400000,,
1442,2024,CHRW,2024-12-31,3.89,3.86,2874701000,3575875000,9000000,11866000,5297926000,294772000,2.46,
1443,2023,CHRW,2023-12-31,2.74,2.72,3008459000,3806583000,160000000,11677000,5225280000,291569000,2.44,
1444,2022,CHRW,2022-12-31,7.48,7.40,3304480000,4601142000,0,11632000,5954564000,285317000,2.26,
1445,2021,CHRW,2021-12-31,6.37,6.31,3349578000,5006178000,525000000,12919000,7028112000,277321000,2.08,
1446,2020,CHRW,2020-12-31,3.74,3.72,2946409000,3264325000,0,13430000,5144258000,209956000,2.04,
1447,2019,CHRW,2019-12-31,4.21,4.19,2550010000,2970330000,0,13490000,4641060000,277786000,2.01,
1448,2018,CHRW,2018-12-31,1.02,1.01,4427412000,2832325000,1346352000,1595087000,4427412000,265219000,1.88,
1449,2017,CHRW,2017-12-31,0.86,0.86,4235834000,2810089000,750000000,1425745000,4235834000,258222000,1.81,
1450,2016,CHRW,2016-12-31,0.83,0.83,3687758000,2429911000,500000000,1257847000,3687758000,245430000,1.74,
1451,2015,CHRW,2015-12-31,0.73,0.73,3184358000,2033908000,500000000,1150450000,3184358000,235615000,1.57,
1452,2014,CHRW,2014-12-31,0.63,0.63,3214338000,2167323000,500000000,1047015000,3214338000,215008000,1.43,
1453,2013,CHRW,2013-12-31,2.65,2.65,2802818000,1863094000,500000000,939724000,2802818000,220257000,1.40,
1454,2012,CHRW,2012-12-31,3.68,3.67,2804225000,1299853000,,1504372000,2804225000,275353000,1.34,
1455,2011,CHRW,2011-12-31,2.63,2.62,2138041000,889567000,,1248474000,2138041000,194697000,1.20,
1456,2025,CHTR,2025-12-31,36.90,36.21,154213000000,,27197000000,16054000000,154213000000,,,
1457,2024,CHTR,2024-12-31,35.53,34.97,150020000000,,27182000000,15587000000,150020000000,,,
1458,2023,CHTR,2023-12-31,30.54,29.99,147193000000,,27168000000,11086000000,147193000000,,,
1459,2022,CHTR,2022-12-31,31.30,30.74,144523000000,,26567000000,9119000000,144523000000,,,
1460,2021,CHTR,2021-12-31,25.34,24.47,142491000000,,499000000,14050000000,142491000000,,,
1461,2020,CHTR,2020-12-31,15.85,15.40,144206000000,,0,23805000000,144206000000,,,
1462,2019,CHTR,2019-12-31,7.60,7.45,49331000000,,0,31445000000,49331000000,,,
1463,2018,CHTR,2018-12-31,0.71,0.70,146130000000,,72827000000,36285000000,146130000000,,,
1464,2017,CHTR,2017-12-31,0.58,0.57,146623000000,,70231000000,39084000000,146623000000,,,
1465,2016,CHTR,2016-12-31,-1.86,-1.86,149067000000,,61747000000,40139000000,149067000000,,,
1466,2015,CHTR,2015-12-31,-0.73,-0.73,39316000000,,35723000000,,39316000000,,,
1467,2014,CHTR,2014-12-31,,,24550000000,,,146000000,24550000000,,,
1468,2013,CHTR,2013-12-31,0.38,0.35,17295000000,,,151000000,17295000000,,,
1469,2012,CHTR,2012-12-31,,,15599000000,,,269000000,15599000000,,,
1470,2011,CHTR,2011-12-31,-3.39,-3.39,15605000000,,,1102000000,15605000000,,,
1471,2024,CI,2024-12-31,12.25,12.12,155881000000,114638000000,,41033000000,155881000000,,5.60,
1472,2023,CI,2023-12-31,17.57,17.39,152761000000,106410000000,,46223000000,152761000000,,4.92,
1473,2022,CI,2022-12-31,21.54,21.30,143932000000,98981000000,,44872000000,143932000000,,4.48,
1474,2021,CI,2021-12-31,15.87,15.73,154889000000,107705000000,,47112000000,154889000000,,4.00,
1475,2020,CI,2020-12-31,23.17,22.96,155451000000,105065000000,,50321000000,155451000000,,0.04,
1476,2019,CI,2019-12-31,13.58,13.44,155774000000,110395000000,,45338000000,155774000000,,0.04,
1477,2018,CI,2018-12-31,10.69,10.54,153226000000,112154000000,,41028000000,153226000000,,0.04,
1478,2024,CINF,2024-12-31,14.65,14.53,5927000000,22566000000,27000000,397000000,36501000000,,3.24,
1479,2023,CINF,2023-12-31,11.74,11.66,32769000000,20671000000,27000000,397000000,32769000000,,3.00,
1480,2022,CINF,2022-12-31,-3.06,-3.06,5178000000,19205000000,27000000,397000000,29736000000,,2.76,
1481,2021,CINF,2021-12-31,18.29,18.10,4421000000,18282000000,27000000,397000000,31387000000,,2.52,
1482,2020,CINF,2020-12-31,7.55,7.49,3838000000,16753000000,27000000,397000000,27542000000,,2.40,
1483,2019,CINF,2019-12-31,12.24,12.10,3437000000,15544000000,27000000,397000000,25408000000,,2.24,
1484,2018,CINF,2018-12-31,-0.19,-0.19,21935000000,14102000000,788000000,7833000000,21935000000,,2.12,
1485,2017,CINF,2017-12-31,1.22,1.21,21843000000,13600000000,787000000,8243000000,21843000000,,2.50,
1486,2016,CINF,2016-12-31,1.14,1.13,20386000000,13326000000,787000000,7060000000,20386000000,,1.92,
1487,2015,CINF,2015-12-31,0.78,0.77,18888000000,12461000000,786000000,6427000000,18888000000,,2.30,
1488,2014,CINF,2014-12-31,0.56,0.55,18753000000,12180000000,791000000,6573000000,18753000000,,1.76,
1489,2013,CINF,2013-12-31,3.16,3.12,17662000000,11592000000,28000000,6070000000,17662000000,,1.655,
1490,2012,CINF,2012-12-31,0.53,0.53,16548000000,11095000000,790000000,5453000000,16548000000,,1.62,
1491,2011,CINF,2011-12-31,1.02,1.02,15668000000,10613000000,790000000,5055000000,15668000000,,1.605,
1492,2024,CL,2024-12-31,3.53,3.51,16046000000,15502000000,7005000000,212000000,16046000000,,2.48,2034000000
1493,2023,CL,2023-12-31,2.78,2.77,3924000000,15436000000,8239000000,609000000,16393000000,,1.91,1584000000
1494,2022,CL,2022-12-31,2.13,2.13,4012000000,14925000000,8755000000,401000000,15731000000,,1.86,1562000000
1495,2021,CL,2021-12-31,2.56,2.55,4058000000,14069000000,7206000000,609000000,15040000000,,1.79,1515000000
1496,2020,CL,2020-12-31,3.15,3.14,4132000000,14819000000,7343000000,743000000,15920000000,,1.75,1502000000
1497,2019,CL,2019-12-31,2.76,2.75,3576000000,14476000000,7587000000,117000000,15034000000,,1.71,1472000000
1498,2018,CL,2018-12-31,0.72,0.72,12161000000,11964000000,6354000000,-102000000,12161000000,,,143000000
1499,2017,CL,2017-12-31,0.64,0.64,12676000000,12433000000,6566000000,-60000000,12676000000,,,124000000
1500,2016,CL,2016-12-31,0.60,0.59,12123000000,12106000000,6520000000,-243000000,12123000000,,,128000000
1501,2015,CL,2015-12-31,0.60,0.59,11958000000,12002000000,6567000000,-299000000,11958000000,,,138000000
1502,2014,CL,2014-12-31,0.42,0.42,13459000000,12074000000,6132000000,1145000000,13459000000,,,146000000
1503,2013,CL,2013-12-31,2.41,2.38,13876000000,11340000000,5644000000,2305000000,13876000000,,,1242000000
1504,2012,CL,2012-12-31,5.19,5.15,13394000000,11004000000,443000000,2189000000,13394000000,,,109000000
1505,2011,CL,2011-12-31,4.98,4.94,12724000000,10183000000,16000000,2375000000,12724000000,,,1111000000
1506,2024,CLF,2024-12-31,-0.08,-0.08,20327000000,14050000000,7065000000,6664000000,20947000000,,,
1507,2023,CLF,2023-12-31,-0.06,-0.06,16880000000,9415000000,3137000000,7887000000,17537000000,,,
1508,2022,CLF,2022-12-31,-0.04,-0.04,18070000000,10713000000,4249000000,7791000000,18755000000,,,
1509,2021,CLF,2021-12-31,-0.03,-0.03,18326000000,13201000000,590000000,5490000000,18975000000,,,
1510,2020,CLF,2020-12-31,-0.03,-0.03,15849000000,13692000000,391000000,2018000000,16771000000,41000000,0.06,25000000
1511,2019,CLF,2019-12-31,0.05,0.05,1643100000,2428700000,393600000,,2786600000,72100000,0.27,75000000.0
1512,2018,CLF,2018-12-31,-0.29,-0.29,3529600000,3105400000,235200000,424200000,3529600000,,0.05,15000000
1513,2017,CLF,2017-12-31,-0.11,-0.11,2953400000,3397500000,224100000,-444300000,2953400000,,,
1514,2016,CLF,2016-12-31,0.62,0.62,1923900000,3254400000,2192600000,-1464300000,1923900000,,,
1515,2015,CLF,2015-12-31,-5.04,-4.26,2135500000,3947100000,2699400000,-1981400000,2135500000,,0.00,
1516,2014,CLF,2014-12-31,-0.54,-0.54,3164000000,4898300000,2984100000,-1431300000,3164000000,,,92500000
1517,2013,CLF,2013-12-31,2.40,2.37,13121900000,6237600000,0,6069500000,13121900000,,0.60,91900000
1518,2012,CLF,2012-12-31,-6.32,-6.32,13574900000,7814000000,753000000,4632700000,13574900000,,2.15,307200000
1519,2011,CLF,2011-12-31,3.12,3.11,14541700000,7502000000,,5785000000,14541700000,,,118900000
1520,2025,CLX,2025-06-30,6.56,6.52,233000000,5079000000,399000000,321000000,5561000000,,4.88,
1521,2024,CLX,2024-06-30,2.26,2.25,258000000,5259000000,399000000,328000000,5751000000,,4.80,
1522,2023,CLX,2023-06-30,1.21,1.20,381000000,5557000000,398000000,220000000,5945000000,,4.72,
1523,2022,CLX,2022-06-30,3.75,3.73,209000000,5429000000,0,556000000,6158000000,,3.48,
1524,2021,CLX,2021-06-30,-0.49,-0.49,343000000,5742000000,300000000,411000000,6334000000,,1.11,
1525,2020,CLX,2020-06-30,1.92,1.89,849000000,5305000000,299000000,159000000,6213000000,,1.06,
1526,2019,CLX,2019-06-30,1.46,1.44,129000000,4557000000,299000000,159000000,5116000000,,0.96,
1527,2018,CLX,2018-06-30,1.39,1.37,5060000000,4334000000,2284000000,726000000,5060000000,,0.96,
1528,2017,CLX,2017-06-30,1.34,1.31,4573000000,4031000000,1791000000,542000000,4573000000,,0.80,
1529,2016,CLX,2016-06-30,5.01,4.92,883000000,4221000000,0,297000000,4518000000,,3.11,
1530,2015,CLX,2015-06-30,4.45,4.37,4164000000,4046000000,300000000,118000000,4164000000,,2.99,
1531,2014,CLX,2014-06-30,4.31,4.23,68000000,4104000000,2170000000,154000000,4258000000,,2.87,
1532,2013,CLX,2013-06-30,4.37,4.30,905000000,4165000000,2170000000,146000000,4311000000,,2.63,
1533,2012,CLX,2012-06-30,4.14,4.09,4355000000,4490000000,2421000000,-135000000,4355000000,,2.44,
1534,2011,CLX,2011-06-30,4.06,4.02,4163000000,4249000000,,-86000000,4163000000,,2.25,
1535,2024,CMA,2024-12-31,5.06,5.02,79297000000,72754000000,6673000000,,79297000000,,2.84,
1536,2023,CMA,2023-12-31,6.47,6.44,85834000000,79428000000,6206000000,,85834000000,,2.84,
1537,2022,CMA,2022-12-31,8.56,8.47,85406000000,80225000000,3024000000,,85406000000,,2.72,
1538,2021,CMA,2021-12-31,0.10,0.11,94616000000,86719000000,2796000000,,94616000000,,2.72,
1539,2020,CMA,2020-12-31,3.29,3.27,88129000000,80079000000,5728000000,,88129000000,,2.72,
1540,2019,CMA,2019-12-31,7.95,7.87,73402000000,66075000000,7269000000,,73402000000,,2.68,
1541,2018,CMA,2018-12-31,1.62,1.59,70818000000,63311000000,6463000000,,70818000000,,1.84,
1542,2017,CMA,2017-12-31,1.15,1.11,71567000000,63604000000,4622000000,,71567000000,,1.09,
1543,2016,CMA,2016-12-31,0.34,0.34,72978000000,65182000000,5160000000,,72978000000,,0.89,
1544,2015,CMA,2015-12-31,0.75,0.73,71877000000,64317000000,3058000000,,71877000000,,0.83,
1545,2014,CMA,2014-12-31,0.76,0.73,69190000000,61788000000,2679000000,,69190000000,,0.79,
1546,2013,CMA,2013-12-31,2.92,2.85,65227000000,58074000000,3543000000,,65227000000,,0.68,
1547,2012,CMA,2012-12-31,2.68,2.67,65359000000,58417000000,4720000000,,65359000000,,0.55,
1548,2011,CMA,2011-12-31,2.11,2.09,61008000000,54140000000,4944000000,,61008000000,,0.40,
1549,2024,CMCSA,2024-12-31,4.17,4.14,266211000000,7000000000.0,,85560000000,266211000000,4814000000,1.24,
1550,2023,CMCSA,2023-12-31,3.73,3.71,264811000000,7200000000,3500000000,82703000000,264811000000,4766000000,1.16,
1551,2022,CMCSA,2022-12-31,1.22,1.21,257275000000,7300000000,3500000000,80943000000,257275000000,4741000000,1.08,
1552,2021,CMCSA,2021-12-31,3.09,3.04,275905000000,8100000000,,96092000000,275905000000,4532000000,1.00,
1553,2020,CMCSA,2020-12-31,0.47,0.46,273869000000,3600000000,,90323000000,273869000000,4140000000,0.23,
1554,2019,CMCSA,2019-12-31,2.87,2.83,166866000000,,,82726000000,166866000000,3735000000,0.21,
1555,2018,CMCSA,2018-12-31,0.67,0.66,251684000000,,,71613000000,251684000000,3352000000,0.19,
1556,2017,CMCSA,2017-12-31,0.54,0.53,186949000000,,,68606000000,186949000000,2883000000,0.1575,
1557,2016,CMCSA,2016-12-31,0.88,0.87,180500000000,,,53943000000,180500000000,2601000000,0.275,
1558,2015,CMCSA,2015-12-31,3.28,3.24,4255000000,,,52269000000,111388000000,2437000000,0.25,
1559,2014,CMCSA,2014-12-31,0.72,3.2,159339000000,,,52711000000,159339000000,2254000000,0.9,
1560,2013,CMCSA,2013-12-31,2.60,2.56,158813000000,,,50694000000,158813000000,1964000000,0.78,
1561,2012,CMCSA,2012-12-31,2.32,2.28,164971000000,,,49356000000,164971000000,1608000000,0.65,
1562,2011,CMCSA,2011-12-31,1.51,1.50,157818000000,,,47274000000,157818000000,1187000000,0.45,
1563,2024,CME,2024-12-31,9.69,9.67,137447000000,110960100000,,26486900000,137447000000,3584200000,10.40,
1564,2023,CME,2023-12-31,8.87,8.86,129706100000,102968200000,,26737900000,129706100000,3235500000,8.50,
1565,2022,CME,2022-12-31,7.41,7.40,174175700000,147297000000,,26878700000,174175700000,2633500000,8.50,
1566,2021,CME,2021-12-31,7.30,7.29,196780300000,169381000000,,27399300000,196780300000,2189300000,6.85,
1567,2020,CME,2020-12-31,5.88,5.87,124659600000,98308100000,,26319900000,124659600000,2110000000.0,5.90,
1568,2019,CME,2019-12-31,5.93,5.91,75215300000,49056000000.0,,26128900000,75215300000,1695900000,5.50,
1569,2018,CME,2018-12-31,1.76,1.76,77475700000,51510400000,,25918500000,77475700000,2149900000,4.55,
1570,2017,CME,2017-12-31,1.18,1.18,75791200000,53379400000,,22411800000,75791200000,1993500000,6.14,
1571,2016,CME,2016-12-31,1.09,1.09,69369400000,49028700000,,20340700000,69369400000,1787200000,4.90,
1572,2015,CME,2015-12-31,0.98,0.98,67371500000,46819700000,,20551800000,67371500000,1343400000,4.90,
1573,2014,CME,2014-12-31,0.80,0.79,72241500000,51318000000,,20923500000,72241500000,1496800000,3.88,
1574,2013,CME,2013-12-31,2.94,2.92,54277800000,33117300000,,21154800000,54277800000,599100000,4.40,
1575,2012,CME,2012-12-31,2.71,2.70,38863200000,17357500000,,21419100000,38863200000,1224300000,3.70,
1576,2011,CME,2011-12-31,27.23,27.15,40758700000,19136400000,,21552000000,40758700000,372800000,,
1577,2024,CMG,2024-12-31,1.12,1.11,9204374000,5548828000,0,13586000,9204374000,,,
1578,2023,CMG,2023-12-31,44.59,44.34,8044362000,4982155000,0,375000,8044362000,,,
1579,2022,CMG,2022-12-31,32.28,32.04,6927504000,4559481000,0,373000,6927504000,,,
1580,2021,CMG,2021-12-31,23.21,22.90,6652958000,4355584000,0,371000,6652958000,,,
1581,2020,CMG,2020-12-31,12.74,12.52,5982896000,3962761000,0,367000,5982896000,,,
1582,2019,CMG,2019-12-31,12.62,12.38,5104604000,3421578000,0,363000,5104604000,,,
1583,2018,CMG,2018-12-31,2.13,2.13,2265518000,824179000,,1441339000,2265518000,,,
1584,2017,CMG,2017-12-31,1.60,1.60,2045692000,681247000,,1364445000,2045692000,,,
1585,2016,CMG,2016-12-31,-0.88,-0.88,2026103000,623610000,,1402493000,2026103000,,,
1586,2015,CMG,2015-12-31,3.95,3.88,2725066000,597092000,,2127974000,2725066000,,,
1587,2014,CMG,2014-12-31,2.67,2.64,2546285000,533916000,,2012369000,2546285000,,,
1588,2013,CMG,2013-12-31,2.47,2.45,2009280000,470992000,,1538288000,2009280000,,,
1589,2012,CMG,2012-12-31,2.00,1.97,1668667000,422741000,,1245926000,1668667000,,,
1590,2011,CMG,2011-12-31,1.49,1.46,1425308000,381082000,,1044226000,1425308000,,,
1591,2024,CMI,2024-12-31,28.55,28.37,31540000000,20232000000,,10271000000,31540000000,969000000,,
1592,2023,CMI,2023-12-31,5.19,5.15,32005000000,22101000000,,8850000000,32005000000,921000000,,
1593,2022,CMI,2022-12-31,15.20,15.12,30299000000,20074000000,,8975000000,30299000000,855000000,,
1594,2021,CMI,2021-12-31,14.74,14.61,23710000000,14309000000,,8474000000,23710000000,809000000,,
1595,2020,CMI,2020-12-31,12.07,12.01,22624000000,13635000000,,8062000000,22624000000,782000000,,
1596,2019,CMI,2019-12-31,14.54,14.48,19737000000,11272000000,,7507000000,19737000000,761000000,,
1597,2018,CMI,2018-12-31,-0.87,13.15,19062000000,10803000000,,7348000000,19062000000,718000000,,
1598,2017,CMI,2017-12-31,5.99,5.97,18075000000,9911000000,,7259000000,18075000000,701000000,,
1599,2016,CMI,2016-12-31,1.87,1.87,15011000000,7837000000,,6875000000,15011000000,676000000,,
1600,2015,CMI,2015-12-31,7.86,7.84,15134000000,7384000000,165000000,7406000000,15134000000,622000000,,
1601,2014,CMI,2014-12-31,9.04,9.02,15776000000,7683000000,3000000,7749000000,15776000000,512000000,,
1602,2013,CMI,2013-12-31,7.93,7.91,14728000000,6858000000,165000000,7510000000,14728000000,420000000,,
1603,2012,CMI,2012-12-31,8.69,8.67,12548000000,5574000000,23000000,6603000000,12548000000,340000000,,
1604,2011,CMI,2011-12-31,9.58,9.55,11668000000,5837000000,31000000,5492000000,11668000000,255000000,,
1605,2024,CMS,2024-12-31,3.34,3.33,20710000000,64000000,,8230000000,35920000000,,2.0600,
1606,2023,CMS,2023-12-31,3.01,3.01,19358000000,67000000,,7544000000,33517000000,,1.9500,
1607,2022,CMS,2022-12-31,2.85,2.85,17907000000,39000000,,7015000000,31353000000,,1.8400,
1608,2021,CMS,2021-12-31,4.66,4.66,16493000000,35000000,,6631000000,28753000000,,1.7400,
1609,2020,CMS,2020-12-31,2.65,2.64,15829000000,22000000,16000000,5496000000,29666000000,,1.63,
1610,2019,CMS,2019-12-31,2.40,2.39,14911000000,,29000000,7700000000,26837000000,,1.53,
1611,2018,CMS,2018-12-31,0.86,0.86,24529000000,,,4755000000,24529000000,,1.43,
1612,2017,CMS,2017-12-31,0.71,0.71,23050000000,,,4441000000,23050000000,,1.33,
1613,2016,CMS,2016-12-31,0.59,0.59,21622000000,,,4253000000,21622000000,,1.24,
1614,2015,CMS,2015-12-31,0.73,0.73,20340000000,,,3938000000,20340000000,,1.16,
1615,2014,CMS,2014-12-31,0.77,0.75,19185000000,,,3670000000,19185000000,,1.08,
1616,2013,CMS,2013-12-31,0.55,0.53,17416000000,,7642000000,3454000000,17416000000,,1.02,
1617,2012,CMS,2012-12-31,0.26,0.25,17131000000,,7229000000,3194000000,17131000000,,0.96,
1618,2011,CMS,2011-12-31,0.54,0.52,16452000000,,7073000000,3028000000,16452000000,,0.84,
1619,2024,CNC,2024-12-31,6.33,6.31,82445000000,55935000000,18640000000,26410000000,82445000000,,,
1620,2023,CNC,2023-12-31,4.97,4.95,84641000000,58685000000,17962000000,25840000000,84641000000,,,
1621,2022,CNC,2022-12-31,2.09,2.07,76870000000,52633000000,18179000000,24057000000,76870000000,,,
1622,2021,CNC,2021-12-31,2.31,2.28,78375000000,51353000000,19026000000,26795000000,78375000000,,,
1623,2020,CNC,2020-12-31,3.17,3.12,68719000000,42757000000,16880000000,25773000000,68719000000,,,
1624,2019,CNC,2019-12-31,3.19,3.14,37689000000,28302000000,13859000000,12551000000,40994000000,,,
1625,2018,CNC,2018-12-31,0.98,0.96,30901000000,19878000000,6851000000,10917000000,30901000000,,,
1626,2017,CNC,2017-12-31,0.81,0.79,21855000000,14979000000,4829000000,6850000000,21855000000,,,
1627,2016,CNC,2016-12-31,-0.13,-0.13,20197000000,14143000000,4782000000,5895000000,20197000000,,,
1628,2015,CNC,2015-12-31,0.53,0.51,7339000000,5015000000,1223000000,2157000000,7339000000,,,
1629,2014,CNC,2014-12-31,0.29,0.28,5838000000,3947000000,878000000,1744000000,5838000000,,,
1630,2013,CNC,2013-12-31,3.05,2.94,3529300000,2285861000,653134000,1234041000,3529300000,,,
1631,2012,CNC,2012-12-31,0.04,0.03,2741682000,1787915000,514727000,953056000,2741682000,,,
1632,2011,CNC,2011-12-31,0.48,0.46,2190336000,1253917000,342961000,935634000,2190336000,,,
1633,2024,CNP,2024-12-31,1.58,1.58,19712000000,,5174000000,0,43768000000,339000000,0.830,539000000
1634,2023,CNP,2023-12-31,1.37,1.37,17086000000,,4670000000,0,39715000000,367000000,0.7800,492000000
1635,2022,CNP,2022-12-31,1.60,1.59,15339000000,,14836000000,790000000,38546000000,316000000,0.7200,453000000
1636,2021,CNP,2021-12-31,2.35,2.28,12980000000,,15558000000,790000000,37679000000,0,0.6600,404000000
1637,2020,CNP,2020-12-31,-1.79,-1.79,11316000000,,11521000000,2363000000,33471000000,551000000,0.1600,480000000
1638,2019,CNP,2019-12-31,1.34,1.33,11262000000,,14244000000,1740000000,35439000000,376000000,0.86,433000000
1639,2018,CNP,2018-12-31,0.38,0.38,27009000000,,8682000000,8058000000,27009000000,360000000,0.2775,523000000
1640,2017,CNP,2017-12-31,0.45,0.44,22736000000,,,4688000000,22736000000,,0.2775,581000000
1641,2016,CNP,2016-12-31,0.36,0.36,21829000000,,,3460000000,21829000000,,1.03,443000000
1642,2015,CNP,2015-12-31,0.30,0.30,21334000000,,,3461000000,21334000000,,0.99,426000000
1643,2014,CNP,2014-12-31,0.43,0.43,23200000000,,,4548000000,23200000000,,0.95,408000000
1644,2013,CNP,2013-12-31,0.73,0.72,21870000000,,,4329000000,21870000000,,0.83,355000000
1645,2012,CNP,2012-12-31,0.98,0.97,22871000000,,,4301000000,22871000000,,0.81,346000000
1646,2011,CNP,2011-12-31,3.19,3.17,21703000000,,,4222000000,21703000000,,0.79,337000000
1647,2024,CNX,2024-12-31,-0.60,-0.60,6669076000,4413873000,500000000,1490000,8511903000,,,
1648,2023,CNX,2023-12-31,10.59,8.99,6656655000,4265640000,500000000,4361017000,8626657000,,,
1649,2022,CNX,2022-12-31,-0.75,-0.75,6452075000,5565312000,500000000,2950461000,8515773000,,,
1650,2021,CNX,2021-12-31,-2.31,-2.31,6071495000,4400478000,705609000,3700273000,8100751000,,,
1651,2020,CNX,2020-12-31,-2.43,-2.43,6068933000,3619327000,706686000,4422437000,8041764000,,,
1652,2019,CNX,2019-12-31,-0.42,-0.42,78708000,4098497000,895308000,4160546000,9060806000,,,
1653,2018,CNX,2018-12-31,3.75,3.71,166679000,3510427000,1296376000,4329958000,8592170000,0,,
1654,2017,CNX,2017-12-31,-0.11,-0.11,6931913000,3032014000,2204825000,3899899000,6931913000,0,,
1655,2016,CNX,2016-12-31,0.11,0.11,9183981000,5243093000,937822000,3798395000,9183981000,2294000,,
1656,2015,CNX,2015-12-31,0.52,0.52,10929902000,6074126000,937822000,4702027000,10929902000,33281000,,
1657,2014,CNX,2014-12-31,-0.01,-0.01,11759530000,6430072000,1856506000,5329458000,11759530000,57506000,,
1658,2013,CNX,2013-12-31,2.89,2.87,11393667000,6387378000,250000000,5006289000,11393667000,85832000,,
1659,2012,CNX,2012-12-31,1.71,1.70,12670909000,8717164000,250000000,3953792000,12670909000,142278000,,
1660,2011,CNX,2011-12-31,2.79,2.76,12525700000,8914815000,250000000,3610885000,12525700000,96356000,,
1661,2024,COF,2024-12-31,11.61,11.59,490144000000,429360000000,26930000000,0,490144000000,,0.60,0
1662,2023,COF,2023-12-31,11.98,11.95,478464000000,420375000000,27168000000,0,478464000000,,0.60,0
1663,2022,COF,2022-12-31,17.98,17.91,455249000000,402667000000,24134000000,0,455249000000,,0.60,0
1664,2021,COF,2021-12-31,27.04,26.94,432381000000,371352000000,19975000000,0,432381000000,,0.60,0
1665,2020,COF,2020-12-31,5.19,5.18,421602000000,361398000000,21045000000,0,421602000000,,0.10,0
1666,2019,COF,2019-12-31,11.10,11.05,390365000000,332354000000,23302000000,0,390365000000,,0.40,0
1667,2018,COF,2018-12-31,11.90,11.82,372538000000,320870000000,23290000000,0,372538000000,,0.40,0
1668,2017,COF,2017-12-31,3.52,3.49,365693000000,316963000000,22776000000,48730000000,365693000000,,1.60,780000000
1669,2016,COF,2016-12-31,1.85,1.84,331919000000,309519000000,17546000000,49078000000,357033000000,,1.60,812000000
1670,2015,COF,2015-12-31,2.03,2.00,309401000000,286764000000,16559000000,46397000000,334048000000,,1.50,816000000
1671,2014,COF,2014-12-31,1.99,1.96,294275000000,263801000000,31377000000,42859000000,308854000000,,1.20,
1672,2013,COF,2013-12-31,7.05,6.96,297048000000,255304000000,24439000000,41800000000,297048000000,,0.95,555000000
1673,2012,COF,2012-12-31,6.21,6.16,312918000000,272419000000,28762000000,39700000000,312918000000,,0.20,111000000
1674,2011,COF,2011-12-31,6.85,6.80,206019000000,176353000000,32262000000,29666000000,206019000000,,0.2,91000000
1675,2025,COO,2025-10-31,1.88,1.87,7604400000,4155700000,,8238900000,12394800000,,,
1676,2024,COO,2024-10-31,1.97,1.96,7285100000,4231600000,,8083400000,12315200000,,,
1677,2023,COO,2023-10-31,5.94,5.91,7044000000,4107900000,,7550800000,11658900000,,0.06,
1678,2022,COO,2022-10-31,7.83,7.76,6778900000,4317600000,,7174500000,11492300000,,,3000000.0
1679,2021,COO,2021-10-31,59.80,59.16,6965900000,2664200000,,6941800000,9606200000,,,3000000.0
1680,2020,COO,2020-10-31,4.85,4.81,4236300000,2912700000,,3824600000,6737500000,,,3000000.0
1681,2019,COO,2019-10-31,9.44,9.33,3911600000,2645900000,,3628400000,6274500000,,,3000000.0
1682,2018,COO,2018-10-31,-2.50,-2.50,6112800000,2805000000,,3307600000,6112800000,,,2900000
1683,2017,COO,2017-10-31,1.55,1.53,4858700000,1682900000,,3175700000,4858700000,,,2900000
1684,2016,COO,2016-10-31,1.06,1.05,4475900000,1775883000,,2699867000,4475918000,,,2914000
1685,2015,COO,2015-10-31,1.27,1.25,4460610000,1786706000,,2667509000,4460610000,,,2906000
1686,2014,COO,2014-10-31,5.61,5.51,4458340000,1869900000,,2569878000,4458340000,,,2884000
1687,2013,COO,2013-10-31,6.09,5.96,3137261000,713767000,,2404535000,3137261000,,,2918000
1688,2012,COO,2012-10-31,5.18,5.05,2941384000,728226000,,2192751000,2941384000,,,2857000
1689,2011,COO,2011-10-31,0.85,0.83,2624518000,687030000,,1937488000,2624518000,,,2816000
1690,2024,COP,2024-12-31,7.82,7.81,18030000000,57984000000,23384000000,23000000,122780000000,,2.52,2942000000
1691,2023,COP,2023-12-31,9.08,9.06,16174000000,46645000000,17808000000,21000000,95924000000,,2.11,2550000000
1692,2022,COP,2022-12-31,14.62,14.57,15126000000,45826000000,15323000000,,93829000000,,1.89,2419000000
1693,2021,COP,2021-12-31,6.09,6.07,14812000000,45255000000,18673000000,,90661000000,,1.75,2359000000
1694,2020,COP,2020-12-31,-2.51,,14623000000,32769000000,14478000000,29849000000,62618000000,,,1831000000
1695,2019,COP,2019-12-31,6.43,,15453000000,5662000000,14175000000,34981000000,34085000000,,,1500000000
1696,2018,COP,2018-12-31,5.36,,69980000000,37916000000,14191000000,31939000000,69980000000,,,1363000000
1697,2017,COP,2017-12-31,-0.7,-0.7,73362000000,42561000000,18929000000,30607000000,73362000000,,,1305000000
1698,2016,COP,2016-12-31,-2.91,-2.91,89772000000,54546000000,,34974000000,89772000000,,,
1699,2015,COP,2015-12-31,-3.58,-3.58,97484000000,57402000000,,39762000000,97484000000,,,
1700,2014,COP,2014-12-31,5.54,5.51,116539000000,64266000000,,51911000000,116539000000,,,
1701,2013,COP,2013-12-31,7.43,7.38,118057000000,65565000000,,52090000000,118057000000,,,
1702,2012,COP,2012-12-31,6.77,6.72,117144000000,68717000000,,47987000000,117144000000,,,
1703,2011,COP,2011-12-31,9.04,8.97,153230000000,87496000000,,65224000000,153230000000,,,
1704,2025,COR,2025-09-30,8.02,7.96,76590112000,690128000,65390000,1508019000,76590112000,,2.20,
1705,2024,COR,2024-09-30,7.60,7.53,67101667000,612269000,91246000,645938000,67101667000,,2.04,
1706,2023,COR,2023-09-30,8.62,8.53,62558746000,582329000,74132000,522003000,62558746000,,0.51,
1707,2022,COR,2022-09-30,8.15,8.04,56560616000,467454000,64918000,-211559000,56560616000,,0.485,
1708,2021,COR,2021-09-30,7.48,7.39,57337805000,413059000,52613000,223354000,57337805000,,0.46,
1709,2020,COR,2020-09-30,4.68,4.64,44274830000,400372000,44144000,-1018924000,44274830000,,0.44,
1710,2019,COR,2019-09-30,0.13,0.13,610511000,429330000,60973000,2878917000,39171980000,,,
1711,2018,COR,2018-09-30,1.31,1.29,37669838000,420587000,0,2932824000,37669838000,,0.40,
1712,2017,COR,2017-09-30,1.89,1.86,35316470000,,3442055000,2064461000,35316470000,,0.38,
1713,2016,COR,2016-09-30,2.90,2.68,33656200000,,4205402000,2129404000,33656200000,,0.365,
1714,2015,COR,2015-09-30,-0.62,-0.62,27736157000,,3493048000,633520000,27736157000,,0.34,
1715,2014,COR,2014-09-30,1.22,1.17,21532183000,,0,1956899000,21532183000,,,
1716,2013,COR,2013-09-30,1.88,1.84,18918638000,,0,2319745000,18918638000,,,
1717,2012,COR,2012-09-30,2.84,2.80,15444126000,,0,2456712000,15444126000,,,
1718,2011,COR,2011-09-30,2.59,2.54,14982671000,,55000000,2866858000,14982671000,,,
1719,2025,COST,2025-08-31,18.24,18.21,54862000000,47935000000,,29164000000,77099000000,,4.92,
1720,2024,COST,2024-09-01,16.59,16.56,48816000000,46209000000,77000000,23622000000,69831000000,,19.36,
1721,2023,COST,2023-09-03,14.18,14.16,49189000000,43936000000,75000000,25058000000,68994000000,,3.84,
1722,2022,COST,2022-08-28,13.17,13.14,44904000000,43519000000,,20642000000,64166000000,4430000000,3.38,
1723,2021,COST,2021-08-29,11.30,11.27,39589000000,41190000000,94000000,17564000000,59268000000,5748000000,12.98,
1724,2020,COST,2020-08-30,2.10,2.10,38366000000,36851000000,1250000000,18284000000,55556000000,1479000000,2.70,
1725,2019,COST,2019-09-01,2.02,2.01,45400000000,29816000000,6852000000,15243000000,45400000000,1038000000,0.57,
1726,2018,COST,2018-09-02,1.60,1.59,40830000000,27727000000,6577000000,12799000000,40830000000,689000000,0.57,
1727,2017,COST,2017-09-03,1.17,1.17,36347000000,25268000000,6659000000,10778000000,36347000000,3904000000,0.45,
1728,2016,COST,2016-08-28,1.24,1.24,33163000000,20831000000,5161000000,12079000000,33163000000,746000000,0.40,
1729,2015,COST,2015-08-30,1.36,1.35,33440000000,22597000000,6147000000,10617000000,33440000000,2865000000,5.355,
1730,2014,COST,2014-08-31,4.69,4.65,33024000000,20509000000,5093000000,12303000000,33024000000,584000000,1.33,
1731,2013,COST,2013-09-01,4.68,4.63,30283000000,19271000000,4998000000,10833000000,30283000000,3560000000,0.31,
1732,2012,COST,2012-09-02,1.41,1.39,27140000000,14622000000,1382000000,12361000000,27140000000,446000000,0.275,
1733,2011,COST,2011-08-28,3.35,3.30,26761000000,14188000000,2153000000,12002000000,26761000000,389000000,0.24,
1734,2025,COTY,2025-06-30,-0.44,-0.44,11907700000,7952100000,,3542700000,11907700000,,,
1735,2024,COTY,2024-06-30,0.09,0.09,12082500000,7834800000,,3827100000,12082500000,,,
1736,2023,COTY,2023-06-30,0.58,0.57,12661600000,8428300000,,3811100000,12661600000,,,
1737,2022,COTY,2022-06-30,0.08,0.08,12116100000,8558100000,,3154500000,12116100000,,,
1738,2021,COTY,2021-06-30,-0.40,-0.40,13691400000,9508800000,,2860700000,13691400000,,,
1739,2020,COTY,2020-06-30,-1.33,-1.33,16728800000,12705100000,,3004600000,16728800000,,0.125,
1740,2019,COTY,2019-06-30,-5.04,-5.04,17665400000,12620200000,,4586900000,17665400000,,0.25,347500000
1741,2018,COTY,2018-06-30,-0.23,-0.23,22630200000,13113700000,,8849700000,22630200000,,0.125,
1742,2017,COTY,2017-06-30,-0.66,-0.66,22548200000,12679400000,,9314700000,22548200000,,0.125,375000000
1743,2016,COTY,2016-06-30,0.45,0.44,7100200000,6659800000,736400000,360200000,7100200000,,0.25,89800000
1744,2015,COTY,2015-06-30,0.66,0.64,6018900000,4947900000,2611500000,969800000,6018900000,,0.20,71600000
1745,2014,COTY,2014-06-30,-0.26,-0.26,6592500000,5631900000,3274500000,843800000,6592500000,,0.20,77400000
1746,2013,COTY,2013-06-30,,,,,,,,,,
1747,2024,CPAY,2024-12-31,14.27,13.97,17957031000,,7996080000,3122342000,17957031000,,,
1748,2023,CPAY,2023-12-31,13.42,13.20,15476252000,,6722905000,129000,15476252000,,,
1749,2022,CPAY,2022-12-31,12.62,12.42,14089260000,,7036894000,128000,14089260000,,,
1750,2021,CPAY,2021-12-31,10.23,9.99,13404653000,,2000000000,127000,13404653000,,,
1751,2020,CPAY,2020-12-31,8.38,8.12,11194579000,,2000000000.0,126000,11194579000,,,
1752,2019,CPAY,2019-12-31,10.36,9.94,12248541000,,2000000000.0,124000,12248541000,,,
1753,2018,CPAY,2018-12-31,1.95,1.88,11202477000,,,3340180000,11202477000,,,
1754,2017,CPAY,2017-12-31,1.34,1.31,11318359000,,,3676522000,11318359000,,,
1755,2016,CPAY,2016-12-31,1.20,1.17,9626732000,,,3084038000,9626732000,,,
1756,2015,CPAY,2015-12-31,3.94,3.85,7891868000,,,2830047000,7891868000,,,
1757,2014,CPAY,2014-12-31,4.37,4.24,8674506000,,,2753137000,8674506000,,,
1758,2013,CPAY,2013-12-31,3.48,3.36,3932235000,,,1243893000,3932235000,,,
1759,2012,CPAY,2012-12-31,2.59,2.52,2721870000,,,913822000,2721870000,,,
1760,2011,CPAY,2011-12-31,0.40,0.39,2324492000,,,811436000,2324492000,,,
1761,2025,CPB,2025-08-03,2.02,2.01,14896000000,10992000000,,3902000000,14896000000,,1.54,
1762,2024,CPB,2024-07-28,1.90,1.89,15235000000,11439000000,,3794000000,15235000000,,1.48,
1763,2023,CPB,2023-07-30,2.87,2.85,12058000000,8395000000,,3661000000,12058000000,,1.48,
1764,2022,CPB,2022-07-31,2.51,2.51,11892000000,8559000000,,3331000000,11892000000,,1.48,
1765,2021,CPB,2021-08-01,3.31,3.29,11734000000,8580000000,,3152000000,11734000000,,1.46,
1766,2020,CPB,2020-08-02,5.39,5.36,12372000000,9803000000,,2563000000,12372000000,,1.40,
1767,2019,CPB,2019-07-28,-0.20,-0.20,13148000000,12036000000,,1103000000,13148000000,,0.35,
1768,2018,CPB,2018-07-29,0.95,0.95,14529000000,13156000000,8595000000,1364000000,14529000000,,0.35,
1769,2017,CPB,2017-07-30,0.33,0.33,7726000000,6081000000,2499000000,1637000000,7726000000,,0.350,
1770,2016,CPB,2016-07-31,0.85,0.85,7837000000,6304000000,2755000000,1525000000,7837000000,,0.312,
1771,2015,CPB,2015-08-02,0.66,0.66,8089000000,6713000000,2552000000,1380000000,8089000000,,0.312,
1772,2014,CPB,2014-08-03,2.61,2.59,8113000000,6510000000,300000000,1615000000,8113000000,,1.248,
1773,2013,CPB,2013-07-28,1.46,1.44,8323000000,7113000000,3244000000,1217000000,8323000000,,1.16,
1774,2012,CPB,2012-07-29,2.43,2.41,6530000000,5632000000,2408000000,898000000,6530000000,,0.29,
1775,2011,CPB,2011-07-31,2.44,2.42,6862000000,5766000000,2427000000,1088000000,6862000000,,1.145,
1776,2025,CPRI,2025-03-29,-10.00,-10.00,5213000000,4841000000,1500000000,368000000,5213000000,,,
1777,2024,CPRI,2024-03-30,-1.96,-1.96,6689000000,5089000000,1723000000,1599000000,6689000000,,,
1778,2023,CPRI,2023-04-01,4.65,4.60,7295000000,5446000000,1827000000,1848000000,7295000000,,,
1779,2022,CPRI,2022-04-02,5.49,5.39,7480000000,4922000000,1160000000,2559000000,7480000000,,,
1780,2021,CPRI,2021-03-27,-0.41,-0.41,7481000000,5324000000,1342000000,2158000000,7481000000,,,
1781,2020,CPRI,2020-03-28,-1.48,-1.48,7946000000,5778000000,2179000000,2167000000,7946000000,,,
1782,2019,CPRI,2019-03-30,3.62,3.58,6650000000,4214000000,2566000000,2429000000,6650000000,,,
1783,2018,CPRI,2018-03-31,3.89,3.82,4059000000,2037500000,874400000,2017700000,4059000000,,,
1784,2017,CPRI,2017-04-01,3.33,3.29,2409600000,814600000,0,1592600000,2409600000,,,
1785,2016,CPRI,2016-04-02,4.50,4.44,2566800000,567300000,2300000,1995700000,2566800000,,,
1786,2015,CPRI,2015-03-28,4.35,4.28,2691893000,450928000,,2240965000,2691893000,,,
1787,2014,CPRI,2014-03-29,3.27,3.22,2216973000,410842000,,1806131000,2216973000,,,
1788,2013,CPRI,2013-03-30,2.02,1.97,1289565000,242319000,,1047246000,1289565000,,,
1789,2025,CPRT,2025-07-31,1.61,1.59,8834063000,883411000,,,10090902000,,,
1790,2024,CPRT,2024-07-31,1.42,1.40,7386103000,879209000,0,,8427764000,,,
1791,2023,CPRT,2023-07-31,1.30,1.28,5825064000,750439000,11006000,96000,6737879000,,,
1792,2022,CPRT,2022-07-31,4.59,4.52,4615788000,683265000,0,24000,5308864000,,,
1793,2021,CPRT,2021-07-31,3.96,3.90,3900712000,1032942000,400000000,24000,4562143000,,,
1794,2020,CPRT,2020-07-31,3.00,2.93,2901158000,965745000,400000000,24000,3455261000,,,
1795,2019,CPRT,2019-07-31,2.57,2.46,2094592000,769236000,400000000,23000,2547617000,,,
1796,2018,CPRT,2018-07-31,0.45,0.43,2307698000,726599000,400000000,-107928000,2307698000,,,
1797,2017,CPRT,2017-07-31,0.29,0.28,1982501000,883901000,631000000,-100676000,1982501000,,,
1798,2016,CPRT,2016-07-31,0.50,0.47,1649820000,875364000,638000000,774456000,1649820000,,,
1799,2015,CPRT,2015-07-31,0.41,0.40,1799952000,835488000,643750000,964464000,1799952000,,,
1800,2014,CPRT,2014-07-31,,,,,,,,,,
1801,2013,CPRT,2013-07-31,,,,,,,,,,
1802,2012,CPRT,2012-07-31,0.32,0.31,1155066000,593949000,443750000,561117000,1155066000,,,
1803,2011,CPRT,2011-07-31,,,,,,,,,,
1804,2024,CPT,2024-12-31,1.50,1.50,8852144000,4104955000,3485600000,4675198000,8852144000,450965000,4.12,
1805,2023,CPT,2023-12-31,3.71,3.70,9383737000,4331966000,3715400000,4980757000,9383737000,434875000,4.00,
1806,2022,CPT,2022-12-31,6.07,6.04,9327935000,4271014000,3680900000,4986620000,9327935000,396822000,3.76,
1807,2021,CPT,2021-12-31,2.97,2.96,7976784000,3710529000,3170400000,4197490000,7976784000,343039000,3.32,
1808,2020,CPT,2020-12-31,1.24,1.24,7198952000,3682365000,3166600000,3444905000,7198952000,333360000,3.32,
1809,2019,CPT,2019-12-31,2.23,2.22,6748504000,3046780000,2524100000,3628685000,6748504000,317253000,3.20,
1810,2018,CPT,2018-12-31,0.41,0.41,6219586000,2781808000,2321600000,3311423000,6219586000,298005000,3.08,
1811,2017,CPT,2017-12-31,0.39,0.39,6173748000,2611804000,2204600000,3405363000,6173748000,280761000,3.00,
1812,2016,CPT,2016-12-31,0.46,0.46,6028152000,2855562000,2480600000,3014873000,6028152000,663363000,7.25,
1813,2015,CPT,2015-12-31,1.29,1.27,6037612000,3065352000,2724700000,2816557000,6037612000,253129000,2.80,
1814,2014,CPT,2014-12-31,0.45,0.45,6056907000,3100364000,2743500000,2815602000,6056907000,236514000,2.64,
1815,2013,CPT,2013-12-31,3.82,3.78,5632141000,2824780000,2530800000,2691536000,5632141000,220083000,2.52,
1816,2012,CPT,2012-12-31,3.35,3.30,5385172000,2758464000,2510500000,2563099000,5385172000,189018000,2.24,
1817,2011,CPT,2011-12-31,0.10,0.10,4622075000,2696382000,2432100000,1758717000,4622075000,152242000,1.96,
1818,2024,CRL,2024-12-28,0.20,0.20,7528345000,4020267000,,3461503000,7528345000,,,
1819,2023,CRL,2023-12-30,9.27,9.22,8195001000,4536003000,,3596882000,8195001000,,,
1820,2022,CRL,2022-12-31,9.57,9.48,7602770000,4579265000,,2976293000,7602770000,,,
1821,2021,CRL,2021-12-25,7.77,7.60,7024292000,4432300000,,2534820000,7024292000,,,
1822,2020,CRL,2020-12-26,7.35,7.20,5490831000,3347163000,,2114602000,5490831000,,,
1823,2019,CRL,2019-12-28,5.17,5.07,4692790000,3026315000,,1634584000,4692790000,,,
1824,2018,CRL,2018-12-29,1.10,1.08,3855879000,2517576000,1610546000,1317332000,3855879000,,,
1825,2017,CRL,2017-12-30,0.98,0.97,2929922000,1865906000,1086223000,1045080000,2929922000,,,
1826,2016,CRL,2016-12-31,0.80,0.78,2711800000,1858016000,1180501000,836768000,2711800000,,,
1827,2015,CRL,2015-12-26,0.67,0.66,2068497000,1302933000,814236000,733067000,2068497000,,,
1828,2014,CRL,2014-12-27,0.68,0.67,1885192000,1180846000,753750000,672203000,1885192000,,,
1829,2013,CRL,2013-12-28,2.15,2.12,1644621000,979963000,420000000,640984000,1644621000,,,
1830,2012,CRL,2012-12-29,2.03,2.01,1586344000,983144000,666448000,600805000,1586344000,,,
1831,2011,CRL,2011-12-31,2.16,2.14,1558320000,1030957000,328462000,525583000,1558320000,,,
1832,2025,CRM,2025-01-31,6.44,6.36,102928000000,41755000000,0,1000000,102928000000,1537000000,0.40,
1833,2024,CRM,2024-01-31,4.25,4.20,99823000000,40177000000,0,1000000,99823000000,,0.40,
1834,2023,CRM,2023-01-31,0.21,0.21,98849000000,40490000000,1000000000,1000000,98849000000,,,
1835,2022,CRM,2022-01-31,1.51,1.48,95209000000,37078000000,998000000,1000000,95209000000,,,
1836,2021,CRM,2021-01-31,4.48,4.38,66301000000,24808000000,2690000000,1000000,66301000000,,,
1837,2020,CRM,2020-01-31,-0.28,-0.28,55126000000,21241000000,2694000000,1000000,55126000000,,,
1838,2019,CRM,2019-01-31,0.47,0.46,30737000000,15132000000,3198000000,15605000000,30737000000,,,
1839,2018,CRM,2018-01-31,0.09,0.09,21009802000,11617439000,1726821000,9388496000,21009802000,,,
1840,2017,CRM,2017-01-31,-0.07,-0.07,17584923000,10084796000,,7500127000,17584923000,,,
1841,2016,CRM,2016-01-31,-0.04,-0.04,12770772000,7767903000,,5002869000,12770772000,,,
1842,2015,CRM,2015-01-31,-0.10,-0.10,10692982000,6717799000,,3975183000,10692982000,,,
1843,2014,CRM,2014-01-31,-0.39,-0.39,9152930000,6087715000,,3038510000,9152930000,,,
1844,2013,CRM,2013-01-31,-1.92,-1.92,5528956000,3157711000,,2317633000,5528956000,,,
1845,2012,CRM,2012-01-31,-0.09,-0.09,4164154000,2498053000,,,4164154000,,,
1846,2011,CRM,2011-01-31,0.5,0.47,3091165000,1814674000,,1276491000,3091165000,,,
1847,2025,CRWD,2025-01-31,-0.08,-0.08,8701578000,5382661000,,3279494000,8701578000,,,
1848,2024,CRWD,2024-01-31,0.37,0.37,6646520000,4309431000,,2303950000,6646520000,,,
1849,2023,CRWD,2023-01-31,-0.79,-0.79,5026540000,3539106000,,1463641000,5026540000,,,
1850,2022,CRWD,2022-01-31,-1.03,-1.03,3618381000,2580738000,,1025764000,3618381000,,,
1851,2021,CRWD,2021-01-31,,,2732533000,1860659000,,870574000,2732533000,,,
1852,2020,CRWD,2020-01-31,,,1404906000,662299000,,742107000,1404906000,,,
1853,2025,CSCO,2025-07-26,2.56,2.55,122291000000,75448000000,24600000000,47747000000,122291000000,6437000000,1.62,
1854,2024,CSCO,2024-07-27,2.55,2.54,124413000000,78956000000,20100000000,45800000000,124413000000,6384000000,1.58,
1855,2023,CSCO,2023-07-29,3.08,3.07,101852000000,57499000000,8400000000,44289000000,101852000000,6302000000,1.54,
1856,2022,CSCO,2022-07-30,2.83,2.82,94002000000,54229000000,8900000000,42714000000,94002000000,6224000000,1.50,
1857,2021,CSCO,2021-07-31,2.51,2.50,97497000000,56222000000,11500000000,42346000000,97497000000,6163000000,1.46,
1858,2020,CSCO,2020-07-25,2.65,2.64,94853000000,56933000000,14600000000,41202000000,94853000000,6016000000,1.42,
1859,2019,CSCO,2019-07-27,0.63,0.63,97793000000,64222000000,20473000000,33571000000,97793000000,6000000000,1.36,
1860,2018,CSCO,2018-07-28,-1.78,-1.78,108784000000,65580000000,25600000000,43204000000,108784000000,5968000000,1.24,
1861,2017,CSCO,2017-07-29,0.47,0.47,129818000000,63681000000,30472000000,66137000000,129818000000,5500000000,1.10,
1862,2016,CSCO,2016-07-30,2.13,2.11,121652000000,58067000000,28642000000,63586000000,121652000000,4750000000,0.94,
1863,2015,CSCO,2015-07-25,1.76,1.75,113481000000,53774000000,25351000000,59698000000,113481000000,4086000000,0.80,
1864,2014,CSCO,2014-07-26,1.50,1.49,105134000000,48473000000,20900000000,56654000000,105134000000,3758000000,0.72,
1865,2013,CSCO,2013-07-27,1.87,1.86,101191000000,42063000000,16200000000,59120000000,101191000000,3310000000,0.62,
1866,2012,CSCO,2012-07-28,1.50,1.49,91759000000,40458000000,,51286000000,91759000000,1501000000,0.14,
1867,2011,CSCO,2011-07-30,1.17,1.17,87095000000,39836000000,16234000000,47226000000,87095000000,658000000,0.06,
1868,2024,CSGP,2024-12-31,0.34,0.34,8852000000,1603000000,1000000000,4100000,9256800000,,,
1869,2023,CSGP,2023-12-31,0.92,0.92,8505500000,1499700000,1000000000,4100000,8919700000,,,
1870,2022,CSGP,2022-12-31,0.93,0.93,8146239000,1486237000,1000000000,4066000,8402470000,,,
1871,2021,CSGP,2021-12-31,0.75,0.74,6976752000,1502497000,1000000000,3946000,7256871000,,,
1872,2020,CSGP,2020-12-31,5.97,5.93,6674974000,1496894000,200000,394000,6915420000,,,
1873,2019,CSGP,2019-12-31,8.67,8.60,3615258000,402759000,200000,366000,3853986000,,,
1874,2018,CSGP,2018-12-31,1.46,1.44,3312957000,291015000,200000,3021942000,3312957000,,,
1875,2017,CSGP,2017-12-31,0.69,0.68,2873441000,222191000,200000,2651250000,2873441000,,,
1876,2016,CSGP,2016-12-31,2.64,2.62,2185063000,530850000,338339000,1654213000,2185063000,,,
1877,2015,CSGP,2015-12-31,-0.11,-0.11,2079571000,535791000,355112000,1543780000,2079571000,,,
1878,2014,CSGP,2014-12-31,1.48,1.46,2083682000,570136000,385000000,1513546000,2083682000,,,
1879,2013,CSGP,2013-12-31,1.07,1.05,1256982000,329120000,153125000,927862000,1256982000,,,
1880,2012,CSGP,2012-12-31,0.37,0.37,1165139000,338796000,170625000,826343000,1165139000,,,
1881,2011,CSGP,2011-12-31,0.63,0.62,771035000,111858000,,659177000,771035000,,,
1882,2024,CSX,2024-12-31,1.79,1.79,42600000000,30257000000,,-349000000,42764000000,,,
1883,2023,CSX,2023-12-31,1.85,1.85,42408000000,30275000000,,-423000000,42408000000,,,
1884,2022,CSX,2022-12-31,1.95,1.95,41912000000,29287000000,,-497000000,41912000000,,,
1885,2021,CSX,2021-12-31,1.68,1.68,40531000000,27031000000,,-431000000,40531000000,,,
1886,2020,CSX,2020-12-31,3.61,3.60,39793000000,26683000000,,-598000000,39793000000,,,
1887,2019,CSX,2019-12-31,4.18,4.17,37379000000,25531000000,500000000,-619000000,37379000000,,,
1888,2018,CSX,2018-12-31,0.78,0.78,36729000000,24149000000,,-57000000,36729000000,,,
1889,2017,CSX,2017-12-31,0.39,0.39,35739000000,21018000000,,-46000000,35739000000,,,
1890,2016,CSX,2016-12-30,0.37,0.37,35414000000,23720000000,,,35414000000,,0.72,
1891,2015,CSX,2015-12-25,0.45,0.45,35039000000,23371000000,,,35039000000,,0.70,
1892,2014,CSX,2014-12-26,0.40,0.40,33053000000,21877000000,,,33053000000,,0.63,
1893,2013,CSX,2013-12-27,1.83,1.83,31782000000,21278000000,,,31782000000,,0.59,
1894,2012,CSX,2012-12-28,1.79,1.79,30571000000,21569000000,9832000000,,30571000000,558000000,0.54,
1895,2011,CSX,2011-12-30,1.68,1.67,29473000000,21005000000,9241000000,,29473000000,480000000,0.45,
1896,2025,CTAS,2025-05-31,4.48,4.40,7993720000,,2424999000,2593479000,9825241000,,1.56,
1897,2024,CTAS,2024-05-31,15.40,15.15,7503043000,,2025934000,2305301000,9168817000,,5.40,
1898,2023,CTAS,2023-05-31,13.21,12.99,7176257000,,2486405000,2031542000,8546356000,,4.60,
1899,2022,CTAS,2022-05-31,11.92,11.65,6979731000,,2483932000,1771917000,8147256000,,3.80,
1900,2021,CTAS,2021-05-31,10.52,10.24,6743272000,,1642833000,1417343000,8236823000,,5.01,
1901,2020,CTAS,2020-05-31,8.36,8.11,6531673000,,2539705000,1102689000,7669885000,,2.55,
1902,2019,CTAS,2019-05-31,8.25,7.99,7436662000,,2537507000,3002721000,7436662000,,2.05,
1903,2018,CTAS,2018-05-31,7.78,7.56,6958214000,,2535309000,3016526000,6958214000,,1.62,
1904,2017,CTAS,2017-05-31,4.49,4.38,6844057000,,2770624000,2302793000,6844057000,,1.33,
1905,2016,CTAS,2016-05-31,6.30,6.21,4104393000,,,1842659000,4104393000,,1.05,
1906,2015,CTAS,2015-05-31,3.68,3.63,4192460000,,1300000000,1932455000,4192460000,,1.70,
1907,2014,CTAS,2014-05-31,3.08,3.05,4462452000,,1300980000,2192858000,4462452000,,0.77,
1908,2013,CTAS,2013-05-31,2.53,2.52,4345632000,,1309166000,2201492000,4345632000,,0.64,
1909,2012,CTAS,2012-05-31,2.27,2.27,4160906000,,1284802000,2139135000,4160906000,,0.54,
1910,2011,CTAS,2011-05-31,1.68,1.68,4351940000,,,,4351940000,,,
1911,2024,CTRA,2024-12-31,1.51,1.50,21625000000,8495000000,3535000000,74000000,21625000000,160000000,0.84,
1912,2023,CTRA,2023-12-31,2.14,2.13,20415000000,7368000000,2161000000,75000000,20415000000,,1.17,438000000
1913,2022,CTRA,2022-12-31,5.09,5.08,20154000000,7484000000,2181000000,77000000,20154000000,,2.49,455000000
1914,2021,CTRA,2021-12-31,2.30,2.29,19900000000,8112000000,3125000000,89000000,19900000000,,1.12,
1915,2020,CTRA,2020-12-31,0.14,0.13,4523532000,2307825000,1133924000,47783000,4523532000,,0.40,
1916,2019,CTRA,2019-12-31,1.64,1.63,4487245000,2335758000,1220025000,47688000,4487245000,,0.35,
1917,2018,CTRA,2018-12-31,1.25,1.24,4198829000,2110670000,1226104000,2088159000,4198829000,,0.06,
1918,2017,CTRA,2017-12-31,0.22,0.22,4727344000,2203439000,1521891000,2523905000,4727344000,,0.17,
1919,2016,CTRA,2016-12-31,-0.91,-0.91,5122569000,2554902000,1520530000,2567667000,5122569000,,0.08,
1920,2015,CTRA,2015-12-31,-0.28,-0.28,5261899000,3252711000,175000000,2009188000,5261899000,,0.08,
1921,2014,CTRA,2014-12-31,0.25,0.25,5437716000,3294983000,1752000000,2142733000,5437716000,,0.08,
1922,2013,CTRA,2013-12-31,0.67,0.66,4981080000,2776478000,20000000,2204602000,4981080000,,0.06,
1923,2012,CTRA,2012-12-31,0.63,0.62,4616313000,2484866000,95000000,2131447000,4616313000,,0.08,
1924,2011,CTRA,2011-12-31,0.59,0.58,4331493000,2226725000,950000000,2104768000,4331493000,,0.06,
1925,2024,CTSH,2024-12-31,4.52,4.51,19966000000,5558000000,300000000,5000000,19966000000,,1.20,
1926,2023,CTSH,2023-12-31,4.21,4.21,18483000000,5256000000,642000000,5000000,18483000000,,1.16,
1927,2022,CTSH,2022-12-31,4.42,4.41,17852000000,5543000000,650000000,5000000,17852000000,,1.08,
1928,2021,CTSH,2021-12-31,4.06,4.05,17852000000,5861000000,666000000,5000000,17852000000,,0.96,
1929,2020,CTSH,2020-12-31,2.58,2.57,16923000000,6087000000,703000000,5000000,16923000000,,,
1930,2019,CTSH,2019-12-31,0.77,0.77,16204000000,-70000000,741000000,5000000,16204000000,,,
1931,2018,CTSH,2018-12-31,0.89,0.88,15913000000,4489000000,750000000,11424000000,15913000000,,,
1932,2017,CTSH,2017-12-31,0.92,0.92,15221000000,4552000000,800000000,10669000000,15221000000,,0.45,
1933,2016,CTSH,2016-12-31,0.73,0.72,14262000000,3534000000,881000000,10728000000,14262000000,,,
1934,2015,CTSH,2015-12-31,0.63,0.62,13065400000,3787300000,937500000,9278100000,13065400000,,,
1935,2014,CTSH,2014-12-31,0.57,0.57,11718916000,3978698000,987500000,7740218000,11718916000,,,
1936,2013,CTSH,2013-12-31,4.07,4.03,8208914000,2073123000,,6135791000,8208914000,,,
1937,2012,CTSH,2012-12-31,0.80,0.79,6521571000,1667188000,,4854383000,6521571000,,,
1938,2011,CTSH,2011-12-31,0.69,0.67,5507933000,1555047000,,3952886000,5507933000,,,
1939,2024,CTVA,2024-12-31,1.31,1.30,40825000000,,,23789000000,40825000000,458000000,0.66,229000000
1940,2023,CTVA,2023-12-31,1.04,1.03,42996000000,,0,25037000000,42996000000,439000000,0.58,439000000
1941,2022,CTVA,2022-12-31,1.59,1.58,42618000000,,,25302000000,42618000000,-418000000,0.58,-418000000
1942,2021,CTVA,2021-12-31,2.39,2.37,42344000000,,,25384000000,42344000000,-397000000,0.54,-97000000
1943,2020,CTVA,2020-12-31,0.91,0.91,42649000000,,,24824000000,42649000000,-388000000,0.52,-194000000
1944,2019,CTVA,2019-12-31,-1.28,-1.28,42397000000,,,24309000000,42397000000,-194000000,0.26,-97000000
1945,2024,CVS,2024-12-31,3.67,3.66,253215000000,177485000000,,75560000000,253215000000,3373000000,2.66,3381000000
1946,2023,CVS,2023-12-31,6.49,6.47,249728000000,173092000000,,76461000000,249728000000,3132000000,2.42,3138000000
1947,2022,CVS,2022-12-31,3.16,3.14,228275000000,156960000000,,71015000000,228275000000,2907000000,2.20,2910000000
1948,2021,CVS,2021-12-31,6.00,5.95,232999000000,157618000000,,75075000000,232999000000,2625000000,2.00,2644000000
1949,2020,CVS,2020-12-31,5.48,5.46,230715000000,161014000000,,69389000000,230715000000,2624000000,2.00,2644000000
1950,2019,CVS,2019-12-31,1.09,1.09,222449000000,158279000000,,63864000000,222449000000,2603000000,0.50,2615000000
1951,2018,CVS,2018-12-31,0.98,0.98,196456000000,137913000000,73429000000,58225000000,196456000000,2038000000,2,2045000000
1952,2017,CVS,2017-12-31,0.92,0.92,95131000000,,25700000000,37691000000,95131000000,2049000000,0.50,2049000000
1953,2016,CVS,2016-12-31,1.04,1.04,94462000000,,25700000000,36830000000,94462000000,1840000000,0.425,1840000000
1954,2015,CVS,2015-12-31,1.08,1.07,93657000000,,27500000000,37196000000,93657000000,1576000000,0.35,1576000000
1955,2014,CVS,2014-12-31,0.96,0.95,74252000000,,12300000000,37958000000,74252000000,1288000000,0.275,1288000000
1956,2013,CVS,2013-12-31,3.77,3.74,71526000000,,13400000000,,71526000000,1097000000,0.9,1097000000
1957,2012,CVS,2012-12-31,3.05,3.03,65912000000,,9100000000,,65912000000,829000000,0.65,829000000
1958,2011,CVS,2011-12-31,2.59,2.57,64543000000,,9300000000,,64543000000,674000000,0.125,674000000
1959,2024,CVX,2024-12-31,9.76,9.72,60914000000,103781000000,10810000000,152318000000,256938000000,,6.52,
1960,2023,CVX,2023-12-31,11.41,11.36,58750000000,99703000000,14612000000,160957000000,261632000000,,,
1961,2022,CVX,2022-12-31,18.36,18.28,44246000000,97467000000,16258000000,159282000000,257709000000,,,
1962,2021,CVX,2021-12-31,8.15,8.14,41870000000,99595000000,25676000000,139067000000,239535000000,,,
1963,2020,CVX,2020-12-31,-2.96,-2.96,42431000000,107064000000,25676000000,131688000000,239790000000,,,
1964,2019,CVX,2019-12-31,1.55,1.54,35926000000,92220000000,13659000000,144213000000,237428000000,,,
1965,2018,CVX,2018-12-31,7.81,7.74,253863000000,98221000000,23730000000,154554000000,253863000000,,,
1966,2017,CVX,2017-12-31,4.88,4.85,253806000000,104487000000,30234000000,148124000000,253806000000,,,
1967,2016,CVX,2016-12-31,-0.27,-0.27,260078000000,113356000000,32490000000,145556000000,260078000000,,,
1968,2015,CVX,2015-12-31,2.46,2.45,266103000000,112217000000,27071000000,152716000000,266103000000,,,
1969,2014,CVX,2014-12-31,10.21,10.14,266026000000,109835000000,15960000000,155028000000,266026000000,,,
1970,2013,CVX,2013-12-31,11.18,11.09,253753000000,103326000000,11960000000,149113000000,253753000000,,,
1971,2012,CVX,2012-12-31,13.42,13.32,232982000000,95150000000,6086000000,136524000000,232982000000,,,
1972,2011,CVX,2011-12-31,13.54,13.44,209474000000,87293000000,4101000000,121382000000,209474000000,,,6139000000
1973,2024,CZR,2024-12-31,-1.29,-1.29,25040000000,28214000000,12294000000,4157000000,32590000000,,,
1974,2023,CZR,2023-12-31,3.65,3.64,24230000000,28646000000,12439000000,4552000000,33366000000,,,
1975,2022,CZR,2022-12-31,-4.19,-4.19,23547000000,29776000000,13085000000,3713000000,33527000000,,,
1976,2021,CZR,2021-12-31,-4.83,-4.83,22374000000,33490000000,14323000000,4480000000,38031000000,,,
1977,2020,CZR,2020-12-31,-13.50,-13.50,21464000000,31351000000,15023000000,5016000000,36385000000,,,
1978,2019,CZR,2019-12-31,1.04,1.03,1816033000,4523296000,490768000,1000,3627889000,,,
1979,2018,CZR,2018-12-31,1.23,1.22,5911462000,4882309000,938324000,1029153000,5911462000,,,
1980,2017,CZR,2017-12-31,1.10,1.09,3546472000,2601346000,938002000,945047000,3546472000,,,
1981,2016,CZR,2016-12-31,0.53,0.52,1294044000,995593000,366859000,,1294044000,,,
1982,2015,CZR,2015-12-31,2.45,-0.13,1325008000,1054341000,366043000,270667000,1325008000,,,
1983,2014,CZR,2014-12-31,,,1175330000,1023708000,778827000,151622000,1175330000,,,
1984,2024,D,2024-12-31,-0.32,2.44,70000000000,72223000000,4134000000,27253000000,102415000000,,2.67,
1985,2023,D,2023-12-31,0.04,2.29,60700000000,81503000000,4750000000,27529000000,109032000000,,2.67,
1986,2022,D,2022-12-31,1.09,1.09,55400000000,76362000000,2349000000,27881000000,104243000000,,2.67,
1987,2021,D,2021-12-31,3.98,3.98,50300000000,70672000000,,27308000000,99590000000,,2.52,
1988,2020,D,2020-12-31,-0.56,-0.57,46000000000.0,69444000000,,26117000000,95905000000,,3.45,
1989,2019,D,2019-12-31,1.66,1.62,43700000000,69790000000,,31994000000,103823000000,,3.67,
1990,2018,D,2018-12-31,3.74,3.74,77914000000,55866000000,6795000000,20107000000,77914000000,,3.34,
1991,2017,D,2017-12-31,4.72,4.72,76585000000,57215000000,34293000000,17142000000,76585000000,,,
1992,2016,D,2016-12-31,0.88,0.88,71610000000,54770000000,32192000000,14605000000,71610000000,,,
1993,2015,D,2015-12-31,0.91,0.91,58797000000,45195000000,25473000000,12664000000,58797000000,,,
1994,2014,D,2014-12-31,0.65,0.65,54327000000,42370000000,23200000000,11555000000,54327000000,,,
1995,2013,D,2013-12-31,2.93,2.93,50096000000,38197000000,8897000000,11642000000,50096000000,,,
1996,2012,D,2012-12-31,0.53,0.53,46838000000,35956000000,8270000000,10568000000,46838000000,,56.25,
1997,2011,D,2011-12-31,2.46,2.45,45614000000,33854000000,18936000000,11446000000,45614000000,,,
1998,2024,DAL,2024-12-31,5.39,5.33,72979000000,,15347000000,0,75372000000,321000000,0.50,
1999,2023,DAL,2023-12-31,7.21,7.17,71529000000,,18610000000,0,73644000000,128000000,0.20,
2000,2022,DAL,2022-12-31,2.07,2.06,69355000000,,21381000000,0,72288000000,0,0,
2001,2021,DAL,2021-12-31,0.44,0.44,70360000000,,25084000000,0,72459000000,0,0,
2002,2020,DAL,2020-12-31,-19.49,-19.49,70548000000,,27974000000,0,71996000000,260000000,0.40,
2003,2019,DAL,2019-12-31,7.32,7.30,62793000000,,10106000000,0,64532000000,980000000,1.51,
2004,2018,DAL,2018-12-31,5.69,5.67,58561000000,,9368000000,0,60266000000,909000000,1.31,
2005,2017,DAL,2017-12-31,4.97,4.95,51165000000,,8440000000,0,53292000000,731000000,1.02,
2006,2016,DAL,2016-12-31,5.82,5.79,49930000000,,7008000000,12294000000,51261000000,509000000,0.68,
2007,2015,DAL,2015-12-31,5.68,5.63,53134000000,,7946000000,10850000000,53134000000,359000000,0.45,
2008,2014,DAL,2014-12-31,0.25,0.25,54121000000,,9379000000,8813000000,54121000000,251000000,0.30,
2009,2013,DAL,2013-12-31,12.41,12.29,52252000000,,10845000000,11643000000,52252000000,102000000,0.12,
2010,2012,DAL,2012-12-31,1.20,1.19,44550000000,,12106000000,-2131000000,44550000000,,,
2011,2011,DAL,2011-12-31,1.02,1.01,43499000000,,13060000000,-1396000000,43499000000,,,
2012,2024,DAY,2024-12-31,0.11,0.11,9117000000,6570700000,,1600000,9117000000,,,
2013,2023,DAY,2023-12-31,0.35,0.35,9010900000,6612700000,,1600000,9010900000,,,
2014,2022,DAY,2022-12-31,-0.48,-0.48,7917200000,5807800000,92900000,1500000,7917200000,,,
2015,2021,DAY,2021-12-31,-0.50,-0.50,7166200000,4938700000,77700000,1500000,7166200000,,,
2016,2020,DAY,2020-12-31,-0.03,-0.03,6701300000,4603100000,,1500000,6701300000,,,
2017,2019,DAY,2019-12-31,0.55,0.53,6085700000,4203400000,,1882300000,6085700000,,,
2018,2018,DAY,2018-12-31,,,5154400000,3622400000,678300000,1532000000,5154400000,,,
2019,2024,DD,2024-12-31,1.68,1.67,18537000000,12843000000,,23350000000,36636000000,635000000,1.52,635000000
2020,2023,DD,2023-12-31,0.94,0.94,18622000000,13827000000,7859000000,24279000000,38552000000,651000000,1.44,651000000
2021,2022,DD,2022-12-31,11.77,11.75,17110000000,14338000000,8145000000,26569000000,41355000000,652000000,1.32,652000000
2022,2021,DD,2021-12-31,11.92,11.89,17701000000,18657000000,10632000000,26433000000,45707000000,630000000,1.20,630000000
2023,2020,DD,2020-12-31,-4.01,-4.01,11877000000,31834000000,6200000000,38504000000,70904000000,882000000,1.20,882000000
2024,2019,DD,2019-12-31,0.67,0.67,3371000000,27840000000,-15618000000,40987000000,69396000000,1611000000,1.56,446000000
2025,2018,DD,2018-12-31,1.66,1.65,188030000000,,38299000000,94571000000,188030000000,3491000000,0.38,3491000000
2026,2017,DD,2017-12-31,0.92,0.91,192164000000,,32123000000,100330000000,192164000000,2179000000,0.46,1673000000
2027,2024,DD,2024-12-31,1.68,1.67,18537000000,12843000000,,23350000000,36636000000,635000000,1.52,635000000
2028,2023,DD,2023-12-31,0.94,0.94,18622000000,13827000000,7859000000,24279000000,38552000000,651000000,1.44,651000000
2029,2022,DD,2022-12-31,11.77,11.75,17110000000,14338000000,8145000000,26569000000,41355000000,652000000,1.32,652000000
2030,2021,DD,2021-12-31,11.92,11.89,17701000000,18657000000,10632000000,26433000000,45707000000,630000000,1.20,630000000
2031,2020,DD,2020-12-31,-4.01,-4.01,11877000000,31834000000,6200000000,38504000000,70904000000,882000000,1.20,882000000
2032,2019,DD,2019-12-31,0.67,0.67,3371000000,27840000000,-15618000000,40987000000,69396000000,1611000000,1.56,446000000
2033,2018,DD,2018-12-31,1.66,1.65,188030000000,,38299000000,94571000000,188030000000,3491000000,0.38,3491000000
2034,2017,DD,2017-12-31,0.92,0.91,192164000000,,32123000000,100330000000,192164000000,2179000000,0.46,1673000000
2035,2025,DE,2025-11-02,18.55,18.5,7002000000,79989000000,,25950000000,105996000000,,6.48,
2036,2024,DE,2024-10-27,25.73,25.62,8910000000,84395000000,,22836000000,107320000000,,5.88,
2037,2023,DE,2023-10-29,34.80,34.63,7487000000,82201000000,,21785000000,104087000000,,5.05,
2038,2022,DE,2022-10-30,23.42,23.28,5037000000,69673000000,,20262000000,90030000000,,4.36,
2039,2021,DE,2021-10-31,19.14,18.99,1289000000,65680000000,,18431000000,84114000000,,3.61,
2040,2020,DE,2020-11-01,8.77,8.69,1541000000,62147000000,,12937000000,75091000000,,3.04,
2041,2019,DE,2019-11-03,10.28,10.15,10379000000,61580000000,,11413000000,73011000000,,3.04,
2042,2018,DE,2018-10-28,-1.66,-1.66,70108000000,58802800000,,11287800000,70108000000,,0.60,
2043,2017,DE,2017-10-29,0.63,0.62,65786300000,56211800000,,9557300000,65786300000,,0.60,
2044,2016,DE,2016-10-31,0.80,0.80,57981400000,51436600000,,6520000000,57981400000,,0.60,
2045,2015,DE,2015-10-31,1.13,1.12,57947600000,51190000000,,6743400000,57947600000,,0.60,
2046,2014,DE,2014-10-31,8.71,8.63,40000000000,19231200000,,9062600000,28296700000,,0.51,
2047,2013,DE,2013-10-31,1.67,1.65,42000000000,19608700000,,10265800000,29876400000,,0.51,
2048,2012,DE,2012-10-31,1.32,1.30,65000000,53000000,,6842100000,28312200000,,0.46,
2049,2011,DE,2011-10-31,6.71,6.63,48207400000,41392500000,,6800300000,48207400000,,0.35,
2050,2025,DECK,2025-03-31,6.36,6.33,3570252000,,,1502000,3570252000,,,
2051,2024,DECK,2024-03-31,29.36,29.16,247136000,,,255000,3135579000,,,
2052,2023,DECK,2023-03-31,19.50,19.37,261683000,,,262000,2556203000,,,
2053,2022,DECK,2022-03-31,16.43,16.26,382837000,,,270000,2332250000,,,
2054,2021,DECK,2021-03-31,13.64,13.47,212277000,,,279000,2167705000,,,
2055,2020,DECK,2020-03-31,9.73,9.62,245239000,,,280000,1765118000,,,
2056,2019,DECK,2019-03-31,0.82,0.82,1427206000,,,1045130000,1427206000,,,
2057,2018,DECK,2018-03-31,0.66,0.66,1264379000,,,940779000,1264379000,,,
2058,2017,DECK,2017-03-31,-0.49,-0.49,1191780000,,,954255000,1191780000,,,
2059,2016,DECK,2016-03-31,3.76,3.70,1278068000,,,967471000,1278068000,,,
2060,2015,DECK,2015-03-31,4.70,4.66,1169933000,,,937012000,1169933000,,,
2061,2013,DECK,2013-12-31,4.23,4.18,1259729000,,,888119000,1259729000,,,
2062,2012,DECK,2012-12-31,0.20,0.20,377997000,,,738801000,1068064000,,,
2063,2011,DECK,2011-12-31,0.50,0.49,347213000,,,835936000,1146196000,,,
2064,2025,DELL,2025-01-31,6.51,6.38,79746000000,81133000000,24567000000,-1482000000,79746000000,,1.78,1299000000
2065,2024,DELL,2024-02-02,,,82089000000,84398000000,2730000000,-2404000000,82089000000,,1.48,1109000000
2066,2023,DELL,2023-02-03,,,89611000000,92636000000,3987000000,-3122000000,89611000000,,1.32,986000000
2067,2022,DELL,2022-01-28,,,92735000000,94315000000,3054000000,-1685000000,92735000000,,0.33,
2068,2021,DELL,2021-01-29,4.37,4.22,123415000000,115390000000,3311000000,2479000000,123415000000,0,,
2069,2020,DELL,2020-01-31,6.38,6.03,118861000000,115077000000,2606000000,-1574000000,118861000000,0,,
2070,2019,DELL,2019-02-01,,,111820000000,111566000000,53521000000,-5765000000,111820000000,2134000000,,
2071,2018,DELL,2018-02-02,,,122281000000,106910000000,51871000000,9326000000,122281000000,,,
2072,2017,DELL,2017-02-03,,,118206000000,98966000000,49390000000,13243000000,118206000000,,,
2073,2025,DG,2025-01-31,5.12,5.11,31132733000,,499929000,192447000,31132733000,,0.59,
2074,2024,DG,2024-02-02,7.57,7.55,30795591000,,749770000,192206000,30795591000,,0.59,
2075,2023,DG,2023-02-03,10.73,10.68,29083367000,,749437000,191718000,29083367000,,0.59,
2076,2022,DG,2022-01-28,10.24,10.17,26327371000,,899681000,201265000,26327371000,,0.55,
2077,2021,DG,2021-01-29,10.70,10.62,25862624000,,499588000,210687000,25862624000,,0.42,
2078,2020,DG,2020-01-31,6.68,6.64,22825084000,,,220444000,22825084000,,0.36,
2079,2019,DG,2019-02-01,5.99,5.97,13204038000,,,6417393000,13204038000,,0.32,
2080,2018,DG,2018-02-02,5.64,5.63,12516911000,,,6125774000,12516911000,,0.29,
2081,2017,DG,2017-02-03,4.45,4.43,11672298000,,,5406294000,11672298000,,0.26,
2082,2016,DG,2016-01-29,3.96,3.95,11257885000,,,5377876000,11257885000,,0.25,
2083,2015,DG,2015-01-30,3.50,3.49,11224104000,,,5710038000,11224104000,,,
2084,2014,DG,2014-01-31,3.17,3.17,10867524000,,,5402193000,10867524000,,,
2085,2013,DG,2013-02-01,2.87,2.85,14401202000,,,2991351000,14401202000,,,
2086,2012,DG,2012-02-03,2.25,2.22,9688520000,,,4668495000,9688520000,,,
2087,2011,DG,2011-01-28,,,,,,,,,,
2088,2024,DGX,2024-12-31,7.78,7.69,16153000000,,0,6778000000,16153000000,,0.75,
2089,2023,DGX,2023-12-31,7.59,7.49,14022000000,,301000000,6307000000,14022000000,,0.71,
2090,2022,DGX,2022-12-31,8.10,7.97,12837000000,,306000000,5893000000,12837000000,,0.66,
2091,2021,DGX,2021-12-31,15.85,15.55,13611000000,,311000000,6444000000,13611000000,,0.62,
2092,2020,DGX,2020-12-31,10.62,10.47,14026000000,,0,6759000000,14026000000,,0.56,
2093,2019,DGX,2019-12-31,6.36,6.28,12843000000,,0,5641000000,12843000000,,0.53,
2094,2018,DGX,2018-12-31,1.30,1.27,11003000000,,3893000000,5216000000,11003000000,,0.50,
2095,2017,DGX,2017-12-31,1.19,1.16,10503000000,,3784000000,4921000000,10503000000,,0.45,
2096,2016,DGX,2016-12-31,0.72,0.71,10100000000,,3734000000,4628000000,10100000000,,1.65,
2097,2015,DGX,2015-12-31,0.42,0.42,9962000000,,3651000000,4684000000,9962000000,,1.52,
2098,2014,DGX,2014-12-31,0.72,0.71,9877000000,,3762000000,4301000000,9877000000,,1.32,
2099,2013,DGX,2013-12-31,5.58,5.54,8948000000,,520000000,3948000000,8948000000,,1.20,
2100,2012,DGX,2012-12-31,3.49,3.46,9283863000,,,4163047000,9283863000,,0.81,
2101,2011,DGX,2011-12-31,-0.33,-0.33,9313379000,,,3692872000,9313379000,,0.47,
2102,2025,DHI,2025-09-30,11.62,11.57,26699600000,7293300000,,24190400000,35471200000,,0.40,
2103,2024,DHI,2024-09-30,14.44,14.34,27481400000,6524900000,,25312800000,36104300000,,0.30,
2104,2023,DHI,2023-09-30,13.93,13.82,24700100000,5949100000,,22696200000,32582400000,,0.25,
2105,2022,DHI,2022-09-30,16.65,16.51,22285300000,6457400000,,19396300000,30351100000,,0.225,
2106,2021,DHI,2021-09-30,11.56,11.41,18931800000,6229000000,,14886500000,24015900000,,0.20,
2107,2020,DHI,2020-09-30,6.49,6.41,246200000,4812000000.0,,11840000000.0,18912300000,,0.175,
2108,2019,DHI,2019-09-30,4.34,4.29,12715900000,3798700000,,10058200000,12982900000,,0.150,
2109,2018,DHI,2018-09-30,0.93,0.91,14114600000,4955700000,,8984400000,14114600000,,0.15,
2110,2017,DHI,2017-09-30,0.61,0.60,12184600000,4437000000,,7747100000,12184600000,,0.125,
2111,2016,DHI,2016-09-30,0.53,0.52,11558900000,4765900000,,6792500000,11558900000,,0.10,
2112,2015,DHI,2015-09-30,0.40,0.40,11151000000,5255600000,,5894300000,11151000000,,0.0625,
2113,2014,DHI,2014-09-30,1.57,1.50,10202500000,5082800000,,5115800000,10202500000,,0.1375,
2114,2013,DHI,2013-09-30,1.44,1.33,8381200000,4795000000,,4058500000,8856400000,,0.1875,
2115,2012,DHI,2012-09-30,3.01,2.77,6835100000,238200000,,3592100000,7248200000,,0.15,
2116,2011,DHI,2011-09-30,0.23,0.23,5358400000,2734900000,,2620600000,5358400000,,0.15,
2117,2024,DHR,2024-12-31,5.33,5.29,34605000000,,931000000,49543000000,77542000000,768000000,,
2118,2023,DHR,2023-12-31,6.44,6.38,37421000000,,929000000,53486000000,84488000000,821000000,,
2119,2022,DHR,2022-12-31,9.80,9.66,37536000000,,0,50082000000,84350000000,818000000,,
2120,2021,DHR,2021-12-31,8.77,8.61,57886000000,,1440000000,45167000000,83184000000,742000000,,
2121,2020,DHR,2020-12-31,4.97,4.89,48919000000,,500000000,39766000000,76161000000,615000000,,
2122,2019,DHR,2019-12-31,4.11,4.05,22381300000,,0,30270600000,62081600000,526700000,,
2123,2018,DHR,2018-12-31,0.81,0.80,47832500000,,9740300000,28214400000,47832500000,433400000,,
2124,2017,DHR,2017-12-31,0.73,0.72,46648600000,,10522100000,26358200000,46648600000,378300000,,
2125,2016,DHR,2016-12-31,1.10,1.09,45295300000,,12269000000,23002800000,45295300000,399800000,,
2126,2015,DHR,2015-12-31,0.81,0.79,48222200000,,12870400000,23690300000,48222200000,354100000,,
2127,2014,DHR,2014-12-31,0.83,0.81,36991700000,,3473400000,23378100000,36991700000,227700000,,
2128,2013,DHR,2013-12-31,3.87,3.80,34672200000,,3499000000,22385300000,34672200000,52100000,,
2129,2012,DHR,2012-12-31,3.45,3.36,32941000000,,5343100000,19016500000,32941000000,86400000,,
2130,2011,DHR,2011-12-31,0.65,0.63,29949447000,,5305200000,16904783000,29949447000,61323000,,
2131,2025,DIS,2025-09-27,6.88,6.85,197514000000,2298000000,2062000000,109869000000,197514000000,,,-17000000
2132,2024,DIS,2024-09-28,2.72,2.72,196219000000,2396000000,3040000000,100696000000,196219000000,,,-13000000
2133,2023,DIS,2023-09-30,1.29,1.29,113307000000,2420000000,1476000000,99277000000,205579000000,,,
2134,2022,DIS,2022-10-01,1.73,1.72,148129000000,2289000000,1662000000,95008000000,203631000000,,,
2135,2021,DIS,2021-10-02,1.10,1.09,144675000000,2226000000,1992000000,88553000000,203609000000,,,
2136,2020,DIS,2020-10-03,-1.58,-1.58,62220000000,2102000000,2023000000,83583000000,201549000000,,,-9000000
2137,2019,DIS,2019-09-28,6.68,6.64,63519000000,2163000000,5342000000,88877000000,127449000000,,,-18000000
2138,2024,DLR,2024-12-31,1.74,1.61,45283616000,22107836000,13962852000,21340397000,45283616000,1633247000,,760000
2139,2023,DLR,2023-12-31,3.04,3.00,44113258000,23116937000,13422342000,19117534000,44113258000,1520644000,,760000
2140,2022,DLR,2022-12-31,1.18,1.11,41484998000,21862854000,13120033000,17583334000,41484998000,1450637000,,760000
2141,2021,DLR,2021-12-31,5.95,5.94,36369560000,17845778000,350000000.0,18004568000,36369560000,1379198000,,724000
2142,2020,DLR,2020-12-31,1.01,1.00,36076291000,17587944000,531905000,17717697000,36076291000,,,700000
2143,2019,DLR,2019-12-31,2.37,2.35,23068131000,12418566000,234105000,9879312000,23068131000,,,676000
2144,2018,DLR,2018-12-31,0.42,0.42,23766695000,12892653000,11101479000,9858644000,23766695000,,,865675000
2145,2017,DLR,2017-12-31,0.42,0.41,21404345000,10300993000,8648618000,10349081000,21404345000,,,701974000
2146,2016,DLR,2016-12-31,0.27,0.27,12192585000,7060288000,5838607000,5096015000,12192585000,,,538888000
2147,2015,DLR,2015-12-31,0.75,0.75,11451267000,6914765000,5934241000,4500132000,11451267000,,,480541000
2148,2014,DLR,2014-12-31,0.27,0.26,9526784000,5612546000,4673127000,3878256000,9526784000,,,454204000
2149,2013,DLR,2013-12-31,0.34,0.34,9685745000,6039233000,4961892000,3610516000,9685745000,,,410028000
2150,2012,DLR,2012-12-31,0.37,0.36,8819214000,5320830000,4278565000,3468305000,8819214000,,,352408000
2151,2011,DLR,2011-12-31,0.34,0.33,6098566000,3518155000,2940210000,2522917000,6098566000,,,285532000
2152,2025,DLTR,2025-02-01,-14.05,-14.03,18644000000,14666600000,3431200000,2200000,18644000000,,,
2153,2024,DLTR,2024-02-03,-4.55,-4.55,10315900000,14710400000,3426300000,2200000,22023500000,,,
2154,2023,DLTR,2023-01-28,7.24,7.21,9914600000,14270600000,,2200000,23022100000,,,
2155,2022,DLTR,2022-01-29,5.83,5.80,9358400000,14003300000,,2200000,21721800000,,,
2156,2021,DLTR,2021-01-30,5.68,5.65,8669300000,13410700000,,2300000,20696000000.0,,,
2157,2020,DLTR,2020-02-01,3.49,3.47,7694000000.0,13319800000,,2400000,19574600000,,,
2158,2019,DLTR,2019-02-02,-6.69,-9.66,13501200000,7858300000,4300000000,,13501200000,,,
2159,2018,DLTR,2018-02-03,7.24,4.37,16332800000,9150500000,5732700000,,16332800000,,,
2160,2017,DLTR,2017-01-28,3.80,1.36,15701600000,10312100000,6391800000,,15701600000,,,
2161,2016,DLTR,2016-01-30,1.27,0.97,15901200000,11494300000,7465500000,,15901200000,,,
2162,2015,DLTR,2015-01-31,2.91,1.00,3567000000,1782000000,,,3567000000,,,
2163,2014,DLTR,2014-02-01,2.74,2.72,2771900000,1601200000,,,2771900000,,,
2164,2013,DLTR,2013-02-02,2.70,2.68,2752000000,1084700000,,,2752000000,,,
2165,2012,DLTR,2012-01-28,,,,,,,,,,
2166,2011,DLTR,2011-01-29,3.13,3.10,2380500000,921500000,,1459000000,2380500000,,,
2167,2024,DOC,2024-12-31,0.36,0.36,19938255000,10880631000,0,8401276000,19938255000,794783000,1.20,795560000
2168,2023,DOC,2023-12-31,0.56,0.56,14042446000,8773980000,500000000,6350446000,15698850000,657021000,1.20,658181000
2169,2022,DOC,2022-12-31,0.92,0.92,14047793000,8482952000,500000000,6654701000,15771229000,648047000,1.20,649364000
2170,2021,DOC,2021-12-31,0.93,0.93,13518463000,8111415000,0,6515470000,15257519000,650082000,1.20,650082000
2171,2020,DOC,2020-12-31,0.77,0.77,11924130000,8575517000,215000000,6788345000,15920089000,787072000,1.48,787072000
2172,2019,DOC,2019-12-31,0.09,0.09,2789757000,7365417000,552824000,6085058000,14032891000,720123000,1.480,720123000
2173,2018,DOC,2018-12-31,0.08,0.08,382000000,6205962000,5477123000,5944439000,12718553000,696913000,1.48,696913000
2174,2017,DOC,2017-12-31,0.98,0.97,14088461000,8493523000,7786301000,5301005000,14088461000,694955000,1.48,694955000
2175,2016,DOC,2016-12-31,0.250,0.250,5272348000,47592000,9097110000,5547595000,15759265000,979542000,2.095,979542000
2176,2015,DOC,2015-12-31,-0.520,-0.520,21449849000,11703532000,10974558000,9343643000,21449849000,1046638000,2.26,1046638000
2177,2014,DOC,2014-12-31,0.560,0.560,21369940000,10372841000,9662751000,10735297000,21369940000,1001559000,2.18,1001559000
2178,2013,DOC,2013-12-31,2.13,2.13,19124448000,9144736000,6963375000,10723300000,20075870000,956685000,2.10,956685000
2179,2012,DOC,2012-12-31,1.90,1.90,19915555000,9161778000,6712624000,10551237000,19915555000,865306000,2.00,858627000
2180,2011,DOC,2011-12-31,1.29,1.29,17408475000,8187853000,7634634000,9033482000,17408475000,787689000,1.92,766559000
2181,2024,DOV,2024-12-31,19.58,19.45,1063292000,,399411000,260031000,12509160000,,,
2182,2023,DOV,2023-12-31,7.56,7.52,1797242000,,398737000,259842000,11348513000,,,
2183,2022,DOV,2022-12-31,7.47,7.42,1771689000,,398063000,259644000,10896519000,,,
2184,2021,DOV,2021-12-31,7.81,7.74,1678317000,,397389000,,10403627000,,,
2185,2020,DOV,2020-12-31,4.74,4.70,9152074000,,396716000,,9152074000,,,
2186,2019,DOV,2019-12-31,4.67,4.61,8669477000,,0,,8669477000,,,
2187,2018,DOV,2018-12-31,3.80,3.75,8365771000,,0,,8365771000,,,
2188,2017,DOV,2017-12-31,5.21,5.15,10657653000,,3336713000,,10657653000,,,
2189,2016,DOV,2016-12-31,0.64,0.64,10115991000,,3223123000,,10115991000,,,
2190,2015,DOV,2015-12-31,1.30,1.28,8619763000,,2617464000,,8619763000,,,
2191,2014,DOV,2014-12-31,0.94,0.93,9090385000,,2552997000,,9090385000,,,
2192,2013,DOV,2013-12-31,5.86,5.78,10838172000,,2601979000,,10838172000,,,
2193,2012,DOV,2012-12-31,4.47,4.41,10443943000,,345511000,,10443943000,,,
2194,2011,DOV,2011-12-31,4.82,4.74,9501450000,,2187252000,4930555000,9501450000,,,
2195,2024,DOW,2024-12-31,1.57,1.57,57281000000,23000000000,16208000000,17355000000,57312000000,,2.80,1966000000
2196,2023,DOW,2023-12-31,0.82,0.82,58015000000,22284000000,15024000000,18607000000,57967000000,,2.80,1972000000
2197,2022,DOW,2022-12-31,6.32,6.28,60621000000,22753000000,15060000000,20718000000,60603000000,,2.80,2006000000
2198,2021,DOW,2021-12-31,8.44,8.38,62952000000,24029000000,9600000000,18165000000,62990000000,,2.80,2073000000
2199,2020,DOW,2020-12-31,1.64,1.64,61345000000,24086000000,16951000000,12435000000,61470000000,,2.80,2071000000
2200,2019,DOW,2019-12-31,-1.84,-1.84,60390000000,196000000,10800000000,13541000000,60524000000,535000000,2.10,1550000000
2201,2024,DOW,2024-12-31,1.57,1.57,57281000000,23000000000,16208000000,17355000000,57312000000,,2.80,1966000000
2202,2023,DOW,2023-12-31,0.82,0.82,58015000000,22284000000,15024000000,18607000000,57967000000,,2.80,1972000000
2203,2022,DOW,2022-12-31,6.32,6.28,60621000000,22753000000,15060000000,20718000000,60603000000,,2.80,2006000000
2204,2021,DOW,2021-12-31,8.44,8.38,62952000000,24029000000,9600000000,18165000000,62990000000,,2.80,2073000000
2205,2020,DOW,2020-12-31,1.64,1.64,61345000000,24086000000,16951000000,12435000000,61470000000,,2.80,2071000000
2206,2019,DOW,2019-12-31,-1.84,-1.84,60390000000,196000000,10800000000,13541000000,60524000000,535000000,2.10,1550000000
2207,2024,DPZ,2024-12-29,16.83,16.69,816776000,5699304000,,-3962291000,1737013000,210700000,6.04,210676000
2208,2023,DPZ,2023-12-31,14.8,14.66,232336000,5745266000,,-4070367000,1674899000,170400000,4.4,-157479000
2209,2023,DPZ,2023-01-01,12.66,12.53,288149000,5791286000,,-4189065000,1602221000,157500000,4.40,-157479000
2210,2022,DPZ,2022-01-02,13.72,13.54,340984000,5881352000,,-4209536000,1671816000,139600000,3.76,-139588000
2211,2021,DPZ,2021-01-03,12.61,12.39,308088000,4867573000,,-3300405000,1567168000,122200000,3.12,-122183000
2212,2019,DPZ,2019-12-29,9.83,9.56,251844000,4797851000,,-3415759000,1382092000,105715000,2.60,-105605000
2213,2018,DPZ,2018-12-30,8.65,8.35,907385000,3947306000,,-3039921000,907385000,92166000,2.20,92211000
2214,2017,DPZ,2017-12-31,1.52,1.48,716295000,2599438000,,-1883143000,716295000,73925000,0.38,74000000
2215,2017,DPZ,2017-01-01,1.52,1.48,716295000,2599438000,,-1883143000,716295000,73925000,0.46,74000000
2216,2016,DPZ,2016-01-03,1.21,1.18,799845000,2600096000,,-1800251000,799845000,,0.38,66500000
2217,2014,DPZ,2014-12-28,0.88,0.85,619280000,1838745000,,-1219465000,619280000,,0.25,55300000
2218,2013,DPZ,2013-12-29,0.81,0.78,525255000,1815457000,,-1290202000,525255000,,0.20,44200000
2219,2012,DPZ,2012-12-30,0.54,0.52,480543000,1690282000,1451273000,-1209739000,480543000,,3.00,
2220,2012,DPZ,2012-01-01,1.79,1.71,480543000,1690282000,1451273000,-1209739000,480543000,,,
2221,2011,DPZ,2011-01-02,,,,,,,,,,
2222,2025,DRI,2025-05-25,8.93,8.86,2880500000,10275700000,2128900000,2295600000,12587000000,658500000,5.60,
2223,2024,DRI,2024-05-26,8.57,8.51,2862400000,9080500000,1370400000,2252400000,11323000000,628400000,5.24,
2224,2023,DRI,2023-05-28,8.06,7.99,2835500000,8040000000,884900000,2230800000,10241500000,589800000,4.84,
2225,2022,DRI,2022-05-29,7.46,7.39,2718000000,7937600000,901000000.0,2226000000,10135800000,563000000.0,4.40,
2226,2021,DRI,2021-05-30,4.83,4.77,2663500000,7843000000.0,929800000,2286600000,10656100000,202600000,1.55,
2227,2020,DRI,2020-05-31,-0.43,-0.43,2757500000,7614900000,928800000,2205300000,9946100000,322300000,2.64,
2228,2019,DRI,2019-05-26,5.78,5.69,1063700000,3500200000,927700000,1685000000.0,5892800000,370800000,3.00,
2229,2018,DRI,2018-05-27,1.76,1.73,5469600000,3274800000,926500000,2194800000,5469600000,313500000,2.52,
2230,2017,DRI,2017-05-28,1.33,1.32,5504200000,3402500000,936600000,2101700000,5504200000,279100000,2.24,
2231,2016,DRI,2016-05-29,0.83,0.82,4582600000,2630600000,440000000,1952000000,4582600000,268200000,2.1,
2232,2015,DRI,2015-05-31,1.07,1.05,5994700000,3661200000,1467300000,2333500000,5994700000,278900000,2.2,
2233,2014,DRI,2014-05-25,2.18,2.15,7100700000,4943800000,2496400000,2156900000,7100700000,288300000,2.2,
2234,2013,DRI,2013-05-26,3.19,3.13,6936900000,4877400000,2496200000,2059500000,6936900000,258200000,2.00,
2235,2012,DRI,2012-05-27,3.65,3.57,5944200000,4102200000,1803600000,1842000000,5944200000,223900000,1.72,
2236,2011,DRI,2011-05-29,3.48,3.39,5466600000,3530400000,1408000000,1936200000,5466600000,175500000,1.28,
2237,2024,DTE,2024-12-31,6.78,6.77,35221000000,791000000,884000000,11699000000,48846000000,,4.15,
2238,2023,DTE,2023-12-31,6.77,6.76,32185000000,854000000,883000000,11050000000,44755000000,297000000,3.88,
2239,2022,DTE,2022-12-31,5.53,5.52,30236000000,306000000,883000000,10397000000,42683000000,,3.61,
2240,2021,DTE,2021-12-31,4.68,4.67,28405000000,80000000,883000000,8705000000,39719000000,,3.88,
2241,2020,DTE,2020-12-31,7.09,7.08,26513000000,7000000,1175000000,12425000000,45496000000,,4.12,
2242,2019,DTE,2019-12-31,6.32,6.31,24588000000,9000000,1146000000,11672000000,41882000000,,3.85,
2243,2018,DTE,2018-12-31,2.01,2.00,36288000000,41000000,13746000000,10237000000,36288000000,,3.60,
2244,2017,DTE,2017-12-31,2.23,2.23,33767000000,68000000,12407000000,9512000000,33767000000,,3.36,
2245,2016,DTE,2016-12-31,1.38,1.37,32041000000,57000000,11372000000,9011000000,32041000000,,3.06,
2246,2015,DTE,2015-12-31,1.53,1.53,28737000000,37000000,9300000000,8772000000,28737000000,,2.84,508000000
2247,2014,DTE,2014-12-31,1.84,1.84,27974000000,42000000,8620000000,8327000000,27974000000,,2.69,475000000
2248,2013,DTE,2013-12-31,3.76,3.76,25935000000,66000000,8094000000,7921000000,25935000000,,2.59,453000000
2249,2012,DTE,2012-12-31,3.56,3.55,26339000000,547000000,7813000000,7373000000,26339000000,,2.42,
2250,2011,DTE,2011-12-31,4.19,4.18,26009000000,719000000,7700000000,7009000000,26009000000,,2.32,
2251,2024,DUK,2024-12-31,5.71,5.71,164010000000,2000000,80689000000,50127000000,186343000000,,4.14,
2252,2023,DUK,2023-12-31,1.01,1.01,52110000000,9000000,75252000000,49112000000,176893000000,,4.06,
2253,2022,DUK,2022-12-31,1.08,1.08,50346000000,106000000,71215000000,49322000000,178086000000,3179000000,3.98,
2254,2021,DUK,2021-12-31,4.94,4.94,47162000000,101000000,63835000000,49296000000,169587000000,3114000000,3.90,
2255,2020,DUK,2020-12-31,,,45048000000,936000000,59863000000,47964000000,162388000000,2812000000,3.82,
2256,2019,DUK,2019-12-31,,,44053000000,,58126000000,46822000000,158838000000,2668000000,3.75,
2257,2018,DUK,2018-12-31,0.88,0.88,145392000000,,54529000000,43817000000,145392000000,2471000000,3.6350,
2258,2017,DUK,2017-12-31,1.02,1.02,137914000000,,52279000000,41739000000,137914000000,2450000000,3.49,
2259,2016,DUK,2016-12-31,1.01,1.01,132761000000,,47895000000,41033000000,132761000000,2332000000,3.36,
2260,2015,DUK,2015-12-31,1.22,1.22,121156000000,,39569000000,39727000000,121156000000,2254000000,3.24,
2261,2014,DUK,2014-12-31,-0.14,-0.14,120709000000,,40020000000,40875000000,120709000000,2234000000,3.15,
2262,2013,DUK,2013-12-31,3.77,3.76,114779000000,,40256000000,41330000000,114779000000,2188000000,3.09,
2263,2012,DUK,2012-12-31,3.07,3.07,113856000000,,39461000000,40863000000,113856000000,1752000000,3.03,
2264,2011,DUK,2011-12-31,0.38,0.38,62526000000,,20573000000,22772000000,62526000000,1329000000,0.99,
2265,2024,DVA,2024-12-31,11.02,10.73,17285268000,15193917000,,121122000,17285268000,,,
2266,2023,DVA,2023-12-31,7.62,7.42,16893578000,14150228000,,1056097000,16893578000,,,
2267,2022,DVA,2022-12-31,6.03,5.85,316639000,14703452000,,712326000,16928252000,,,
2268,2021,DVA,2021-12-31,9.30,8.90,299953000,14750508000,,755508000,17121488000,,,
2269,2020,DVA,2020-12-31,6.46,6.31,310190000,14091736000,,1383566000,16988516000,,,
2270,2019,DVA,2019-12-31,5.29,5.27,15778880000,13811776000,,-1433000,12420006000,,,
2271,2018,DVA,2018-12-31,0.93,0.92,12333641000,14077213000,,-8961000,14166041000,,,
2272,2017,DVA,2017-12-31,2.33,2.29,18948193000,13050767000,,4690029000,18948193000,,,
2273,2016,DVA,2016-12-31,4.36,4.29,18741257000,12918258000,,4648047000,18741257000,,,
2274,2015,DVA,2015-12-31,1.27,1.25,18514875000,12566637000,,4870780000,18514875000,,,
2275,2014,DVA,2014-12-31,3.41,3.33,17942715000,11752439000,8503434000,5170513000,17942715000,,,
2276,2013,DVA,2013-12-31,3.02,2.95,17098877000,11796036000,,4432479000,17098877000,,,
2277,2012,DVA,2012-12-31,5.58,5.47,16018596000,11509856000,8554325000,3763137000,16018596000,,,
2278,2011,DVA,2011-12-31,5.05,4.96,8892172000,6145831000,4504969000,2141075000,8892172000,,,
2279,2024,DVN,2024-12-31,4.58,4.56,30489000000,,8883000000,14496000000,30489000000,143000000,,920000000
2280,2023,DVN,2023-12-31,5.86,5.84,24490000000,,6155000000,12061000000,24490000000,133000000,,1849000000
2281,2022,DVN,2022-12-31,9.15,9.12,23721000000,,6440000000,11167000000,23721000000,109000000,,3410000000
2282,2021,DVN,2021-12-31,4.20,4.19,21025000000,,,9262000000,21025000000,76000000,,1329000000
2283,2020,DVN,2020-12-31,-7.12,-7.12,9912000000,,,2885000000,9912000000,,,260000000
2284,2019,DVN,2019-12-31,-0.74,-0.74,13717000000,,,5802000000,13717000000,,,140000000
2285,2018,DVN,2018-12-31,-0.38,-0.38,19566000000,,,9186000000,19566000000,,,149000000
2286,2017,DVN,2017-12-31,1.71,1.70,30241000000,,,9254000000,30241000000,,,127000000
2287,2016,DVN,2016-12-31,-6.52,-6.52,25913000000,,,5927000000,25913000000,,,96000000
2288,2015,DVN,2015-12-31,-8.88,-8.88,29532000000,,,7049000000,29532000000,,,396000000
2289,2014,DVN,2014-12-31,0.80,0.79,50637000000,,,21539000000,50637000000,,,386000000
2290,2013,DVN,2013-12-31,-3.34,-3.34,42877000000,,,20499000000,42877000000,,,348000000
2291,2012,DVN,2012-12-31,0.97,0.97,43326000000,,,21278000000,43326000000,,,324000000
2292,2011,DVN,2011-12-31,0.97,0.97,41117000000,,,21430000000,41117000000,,,278000000
2293,2025,DXC,2025-03-31,2.15,2.10,13205000000,9715000000,0,3229000000,13205000000,,,
2294,2024,DXC,2024-03-31,0.46,0.46,13871000000,10805000000,700000000,2811000000,13871000000,,,
2295,2023,DXC,2023-03-31,-2.48,-2.48,15845000000,12025000000,704000000,3497000000,15845000000,0,,
2296,2022,DXC,2022-03-31,2.87,2.81,20139000000,14764000000,720000000,5052000000,20139000000,0,,
2297,2021,DXC,2021-03-31,-0.59,-0.59,22038000000,16730000000,0,4973000000,22038000000,53000000,,
2298,2020,DXC,2020-03-31,-20.76,-20.76,26006000000,20877000000,489000000,4785000000,26006000000,214000000,0.84,
2299,2019,DXC,2019-03-31,4.53,4.47,29574000000,17849000000,,11402000000,29574000000,210000000,0.76,
2300,2018,DXC,2018-03-31,6.15,6.04,33921000000,20084000000,7516000000,13487000000,33921000000,174000000,0.72,
2301,2025,DXC,2025-03-31,2.15,2.10,13205000000,9715000000,0,3229000000,13205000000,,,
2302,2024,DXC,2024-03-31,0.46,0.46,13871000000,10805000000,700000000,2811000000,13871000000,,,
2303,2023,DXC,2023-03-31,-2.48,-2.48,15845000000,12025000000,704000000,3497000000,15845000000,0,,
2304,2022,DXC,2022-03-31,2.87,2.81,20139000000,14764000000,720000000,5052000000,20139000000,0,,
2305,2021,DXC,2021-03-31,-0.59,-0.59,22038000000,16730000000,0,4973000000,22038000000,53000000,,
2306,2020,DXC,2020-03-31,-20.76,-20.76,26006000000,20877000000,489000000,4785000000,26006000000,214000000,0.84,
2307,2019,DXC,2019-03-31,4.53,4.47,29574000000,17849000000,,11402000000,29574000000,210000000,0.76,
2308,2018,DXC,2018-03-31,6.15,6.04,33921000000,20084000000,7516000000,13487000000,33921000000,174000000,0.72,
2309,2024,DXCM,2024-12-31,1.46,1.42,6484500000,4381900000,,400000,6484500000,,,
2310,2023,DXCM,2023-12-31,1.40,1.30,6264500000,4195900000,,400000,6264500000,,,
2311,2022,DXCM,2022-12-31,0.72,0.70,5391700000,3259900000,,400000,5391700000,,,
2312,2021,DXCM,2021-12-31,1.60,1.55,4863600000,2612100000,,100000,4863600000,,,
2313,2020,DXCM,2020-12-31,5.23,5.06,4290500000,2464000000.0,,,4290500000,,,
2314,2019,DXCM,2019-12-31,1.11,1.10,2395000000.0,1512400000,1059700000,,2395000000.0,,,
2315,2018,DXCM,2018-12-31,-0.28,-0.28,1916000000,1252700000,1010300000,,1916000000,,,
2316,2017,DXCM,2017-12-31,,,904100000,484700000,,,904100000,,,
2317,2016,DXCM,2016-12-31,,,402800000,119000000,,,402800000,,,
2318,2015,DXCM,2015-12-31,,,292000000,70800000,,,292000000,,,
2319,2014,DXCM,2014-12-31,,,184600000,44400000,4600000,,184600000,,,
2320,2013,DXCM,2013-12-31,,,122500000,38400000,6800000,,122500000,,,
2321,2012,DXCM,2012-12-31,,,106000000,29000000,7000000,,106000000,,,
2322,2011,DXCM,2011-12-31,,,120475000,15985000,,,120475000,,,
2323,2025,EA,2025-03-31,4.28,4.25,12368000000,5982000000,400000000,3000000,12368000000,199000000,,
2324,2024,EA,2024-03-31,4.71,4.68,13420000000,5907000000,400000000,3000000,13420000000,205000000,,
2325,2023,EA,2023-03-31,2.90,2.88,13459000000,6166000000,400000000,3000000,13459000000,210000000,,
2326,2022,EA,2022-03-31,2.78,2.76,13800000000,6175000000,400000000,3000000,13800000000,193000000,,
2327,2021,EA,2021-03-31,2.90,2.87,13288000000,5448000000,750000000,3000000,13288000000,-98000000,0.34,
2328,2020,EA,2020-03-31,10.37,10.30,11112000000,3651000000,,3000000,11112000000,,,
2329,2019,EA,2019-03-31,0.70,0.69,8957000000,3626000000,,5331000000,8957000000,,,
2330,2018,EA,2018-03-31,1.98,1.95,8584000000,3989000000,,4595000000,8584000000,,,
2331,2017,EA,2017-03-31,1.84,1.81,7718000000,3658000000,,4060000000,7718000000,,,
2332,2016,EA,2016-03-31,2.93,2.79,7050000000,3652000000,600000000,3396000000,7050000000,,,
2333,2015,EA,2015-03-31,1.27,1.19,6147000000,3080000000,,3036000000,6147000000,,,
2334,2014,EA,2014-03-31,0.03,0.03,5716000000,3294000000,,2422000000,5716000000,,,
2335,2013,EA,2013-03-31,0.32,0.31,5070000000,2803000000,,2267000000,5070000000,,,
2336,2012,EA,2012-03-31,0.23,0.23,5491000000,3033000000,,2458000000,5491000000,,,
2337,2011,EA,2011-03-31,,,4928000000,2364000000,,2564000000,4928000000,,,
2338,2024,EBAY,2024-12-31,0.12,0.12,19365000000,14207000000,,2000000,19365000000,533000000,,
2339,2023,EBAY,2023-12-31,5.22,5.19,21620000000,15224000000,,2000000,21620000000,528000000,,
2340,2022,EBAY,2022-12-31,-2.27,-2.27,20850000000,15697000000,7721000000,2000000,20850000000,489000000,,
2341,2021,EBAY,2021-12-31,20.87,20.54,26626000000,16848000000,7727000000,2000000,26626000000,466000000,,
2342,2020,EBAY,2020-12-31,7.98,7.89,19310000000,15749000000,7745000000,2000000,19310000000,447000000,,
2343,2019,EBAY,2019-12-31,2.10,2.09,18174000000,15304000000,6738000000,2000000,18174000000,473000000,,
2344,2018,EBAY,2018-12-31,2.58,2.55,22819000000,16538000000,7685000000,2000000,22819000000,,,
2345,2017,EBAY,2017-12-31,-0.95,-0.95,25981000000,17918000000,9234000000,2000000,25981000000,,,
2346,2016,EBAY,2016-12-31,0.42,0.41,23847000000,13308000000,7509000000,10539000000,23847000000,,,
2347,2015,EBAY,2015-12-31,0.51,0.51,17785000000,11209000000,6750000000,6576000000,17785000000,,,
2348,2014,EBAY,2014-12-31,-1.82,-1.82,45132000000,25226000000,7600000000,19906000000,45132000000,,,
2349,2013,EBAY,2013-12-31,2.20,2.18,41488000000,17841000000,4119000000,23647000000,41488000000,,,
2350,2012,EBAY,2012-12-31,2.02,1.99,37074000000,16209000000,4532000000,20865000000,37074000000,,,
2351,2011,EBAY,2011-12-31,2.50,2.46,27320218000,9390339000,2094396000,17929879000,27320218000,,,
2352,2024,ECL,2024-12-31,7.43,7.37,22387800000,13598600000,,8757300000,22387800000,,2.36,
2353,2023,ECL,2023-12-31,4.82,4.79,21846600000,13774400000,,8044700000,21846600000,,2.16,
2354,2022,ECL,2022-12-31,3.83,3.81,21464300000,14205700000,,7236100000,21464300000,,2.06,
2355,2021,ECL,2021-12-31,3.95,3.91,21206400000,13953300000,3000000000.0,7224200000,21206400000,,1.95,
2356,2020,ECL,2020-12-31,-4.20,-4.15,18126000000.0,11924500000,,6166500000,18126000000.0,,1.89,
2357,2019,ECL,2019-12-31,5.41,5.33,20869100000,12143300000,,8685300000,20869100000,,1.85,
2358,2018,ECL,2018-12-31,0.86,0.84,20074500000,12020900000,,8003200000,20074500000,,1.690,
2359,2017,ECL,2017-12-31,0.87,0.86,19962400000,12273700000,,7618500000,19962400000,,1.520,
2360,2016,ECL,2016-12-31,0.78,0.77,18330200000,11359300000,,6901100000,18330200000,,1.420,
2361,2015,ECL,2015-12-31,0.78,0.77,18641700000,11661300000,,6909900000,18641700000,,1.3400,
2362,2014,ECL,2014-12-31,0.64,0.62,19466700000,12084600000,,7315900000,19466700000,,1.1550,
2363,2013,ECL,2013-12-31,3.23,3.16,19636500000,12227100000,,7344300000,19636500000,,0.9650,
2364,2012,ECL,2012-12-31,2.41,2.35,17572300000,11412200000,,6077000000,17572300000,,0.8300,
2365,2011,ECL,2011-12-31,1.95,1.91,18240800000,,7600000000,5666700000,18240800000,,0.7250,
2366,2024,ED,2024-12-31,5.26,5.24,65650000000,1040000000,0,589000000,70562000000,,3.32,1149000000
2367,2023,ED,2023-12-31,7.25,7.21,61600000000,846000000,0,21158000000,66331000000,,3.24,1127000000
2368,2022,ED,2022-12-31,4.68,4.66,57445000000,2143000000,650000000,20687000000,69065000000,,3.16,1120000000
2369,2021,ED,2021-12-31,3.86,3.85,52655000000,936000000,0,20037000000,63116000000,,3.10,1079000000
2370,2020,ED,2020-12-31,3.29,3.28,50967000000,1713000000,0,18847000000,62895000000,,3.06,1023000000
2371,2019,ED,2019-12-31,4.09,4.08,46557000000,1147000000,0,18022000000,58079000000,,2.96,971000000
2372,2018,ED,2018-12-31,4.43,4.42,53920000000,1621000000,18145000000,16726000000,53920000000,,2.86,889000000
2373,2017,ED,2017-12-31,4.97,4.94,48111000000,617000000,16029000000,15418000000,48111000000,,2.76,849000000
2374,2016,ED,2016-12-31,4.15,4.12,48255000000,696000000,14774000000,14298000000,48255000000,,2.68,809000000
2375,2015,ED,2015-12-31,4.07,4.05,45642000000,595000000,12745000000,13052000000,45642000000,,2.60,761000000
2376,2014,ED,2014-12-31,3.73,3.71,44308000000,446000000,12191000000,12576000000,44308000000,,2.52,739000000
2377,2013,ED,2013-12-31,3.62,3.61,40647000000,1287000000,10974000000,12245000000,40647000000,,2.46,721000000
2378,2012,ED,2012-12-31,3.88,3.86,41209000000,482000000,10768000000,11869000000,41209000000,,2.42,709000000
2379,2011,ED,2011-12-31,3.59,3.57,39214000000,389000000,10673000000,11649000000,39214000000,,2.40,703000000
2380,2024,EFX,2024-12-31,4.88,4.84,4104900000,6839800000,5037700000,4796900000,11759400000,,1.56,
2381,2023,EFX,2023-12-31,4.44,4.40,4144700000,7592500000,5741600000,4534100000,12280000000,,,
2382,2022,EFX,2022-12-31,5.69,5.65,4156500000,7574600000,5817200000,3956500000,11547900000,,,
2383,2021,EFX,2021-12-31,6.11,6.02,3888300000,7439700000,5325100000,3584400000,11040900000,,,
2384,2020,EFX,2020-12-31,0.77,0.77,2177100000,6401500000,4402200000,3168400000,9611800000,,,
2385,2019,EFX,2019-12-31,-3.30,-3.27,7808400000,5185500000,3403100000,2578600000,7909000000.0,,,
2386,2018,EFX,2018-12-31,0.76,0.75,7153200000,3997500000,2654900000,3107800000,7153200000,,,
2387,2017,EFX,2017-12-31,1.28,1.26,7233400000,3994400000,2715300000,3174400000,7233400000,,,
2388,2016,EFX,2016-12-31,0.86,0.85,6664000000,3942700000,2685400000,2662700000,6664000000,,,
2389,2015,EFX,2015-12-31,0.74,0.73,4509000000,2158600000,1196800000,2310900000,4509000000,,,
2390,2014,EFX,2014-12-31,0.69,0.67,4674200000,2439600000,1527900000,2200100000,4674200000,,,
2391,2013,EFX,2013-12-31,2.90,2.84,4539900000,2198900000,1100000000,2300700000,4539900000,,,
2392,2012,EFX,2012-12-31,,,,,,,,,,
2393,2011,EFX,2011-12-31,1.91,1.88,3508600000,1786500000,999200000,1702400000,3508600000,,,
2394,2024,EG,2024-12-31,31.78,31.78,56341000000,42466000000,,1000000,56341000000,,7.75,334000000
2395,2023,EG,2023-12-31,60.19,60.19,49399000000,36197000000,,1000000,49399000000,,6.80,288000000
2396,2022,EG,2022-12-31,15.19,15.19,39966000000,31525000000,,1000000,39966000000,,6.50,255000000
2397,2021,EG,2021-12-31,34.66,34.62,38185283000,28046103000,,698000,38185283000,,6.20,246699000
2398,2020,EG,2020-12-31,12.81,12.78,32788357000,23062181000,,696000,32788357000,,6.20,249056000
2399,2019,EG,2019-12-31,24.77,24.70,27324051000,18191126000,,694000,27324051000,,5.75,234322000
2400,2018,EG,2018-12-31,5.14,5.11,24793999000,16890195000,,7903804000,24793999000,,5.3,216221000
2401,2017,EG,2017-12-31,7.12,7.07,23591792000,15222560000,,8369232000,23591792000,,5.05,207242000
2402,2016,EG,2016-12-31,4.03,4.00,21321504000,13246108000,,8075396000,21321504000,,4.7,195384000
2403,2015,EG,2015-12-31,7.26,7.19,21426175000,13060729000,,7608585000,21426175000,,4,
2404,2014,EG,2014-12-31,6.26,6.21,20817824000,12945152000,,7451120000,20817824000,,3.2,
2405,2013,EG,2013-12-31,7.56,7.50,19808036000,12746382000,,6968276000,19808036000,106681000,2.19,
2406,2012,EG,2012-12-31,5.70,5.68,19777907000,13044440000,,6733467000,19777907000,100402000,1.92,
2407,2011,EG,2011-12-31,-5.81,-5.81,18893555000,12822180000,,6071375000,18893555000,103848000,1.92,
2408,2024,EIX,2024-12-31,3.33,3.31,85579000000,67839000000,35583000000,15565000000,85579000000,,3.1675,1221000000
2409,2023,EIX,2023-12-31,3.12,3.11,81758000000,63814000000,33013000000,15501000000,81758000000,,2.9925,1147000000
2410,2022,EIX,2022-12-31,1.61,1.60,78041000000,60519000000,29639000000,15621000000,78041000000,,2.8375,1083000000
2411,2021,EIX,2021-12-31,2.00,2.00,74745000000,56956000000,25247000000,15888000000,74745000000,,2.6875,1021000000
2412,2020,EIX,2020-12-31,1.98,1.98,69372000000,53423000000,20337000000,-69000000,69372000000,,2.5750,325000000
2413,2019,EIX,2019-12-31,3.78,3.77,64382000000,48886000000,18343000000,,64382000000,,2.4750,200000000
2414,2018,EIX,2018-12-31,0.67,0.67,56715000000,44063000000,14711000000,-23000000,56715000000,,0.6050,212000000
2415,2017,EIX,2017-12-31,1.11,1.10,52580000000,38695000000,12123000000,-19000000,52580000000,,0.5425,191000000
2416,2016,EIX,2016-12-31,0.86,0.85,51319000000,37127000000,11156000000,-20000000,51319000000,,0.4800,170000000
2417,2015,EIX,2015-12-31,0.92,0.91,50310000000,36916000000,11259000000,,50310000000,,0.4175,147000000
2418,2014,EIX,2014-12-31,0.54,0.54,50186000000,37198000000,10738000000,,50186000000,,0.3550,126000000
2419,2013,EIX,2013-12-31,2.81,2.78,46646000000,34955000000,10022000000,,46646000000,,1.3675,120000000
2420,2012,EIX,2012-12-31,-0.56,-0.56,44394000000,33203000000,9231000000,,44394000000,,1.3125,116000000
2421,2011,EIX,2011-12-31,-0.11,-0.11,48039000000,36953000000,13746000000,,48039000000,,1.285,
2422,2025,EL,2025-06-30,-3.15,-3.15,19892000000,,,-255000000,19892000000,,1.71,-6000000
2423,2024,EL,2024-06-30,1.09,1.08,13985000000,,,-268000000,21677000000,,2.64,-6000000
2424,2023,EL,2023-06-30,2.81,2.79,13292000000,,,-235000000,23415000000,,2.58,-4000000
2425,2022,EL,2022-06-30,6.64,6.55,10989000000,,,5590000000,20910000000,,2.33,-3000000
2426,2021,EL,2021-06-30,7.91,7.79,11387000000,,,6057000000,21971000000,,2.07,-3000000
2427,2020,EL,2020-06-30,1.90,1.86,9189000000,,,3935000000,17781000000,,1.39,-3000000
2428,2019,EL,2019-06-30,4.91,4.82,13156000000,8745000000,,4386000000,13156000000,,1.67,612000000
2429,2018,EL,2018-06-30,3.01,2.95,12567000000,,,4688000000,12567000000,,1.48,552000000
2430,2017,EL,2017-06-30,3.40,3.35,11568000000,,,4384000000,11568000000,,1.32,490000000
2431,2016,EL,2016-06-30,3.01,2.96,9223300000,,,3571900000,9223300000,,1.14,425400000
2432,2015,EL,2015-06-30,2.87,2.82,8239200000,,,3643200000,8239200000,,0.92,350600000
2433,2014,EL,2014-06-30,3.12,3.06,4346200000,,,3854900000,7868800000,,0.20,302400000
2434,2013,EL,2013-06-30,2.63,2.58,7145200000,,,3286900000,7145200000,,1.08,420600000
2435,2012,EL,2012-06-30,2.20,2.16,6593000000,,,2733200000,6593000000,,0.525,204100000
2436,2011,EL,2011-06-30,3.56,3.48,6273900000,,,2629400000,6273900000,,0.75,148300000
2437,2024,ELV,2024-12-31,25.81,25.68,116889000000,75463000000,0,41315000000,116889000000,1508000000,,1518000000
2438,2023,ELV,2023-12-31,25.38,25.22,108928000000,69523000000,0,39306000000,108928000000,1395000000,5.92,1404000000
2439,2022,ELV,2022-12-31,25.10,24.81,102772000000,66378000000,0,36307000000,102772000000,1229000000,5.12,1234000000
2440,2021,ELV,2021-12-31,25.04,24.73,97460000000,61332000000,0,36060000000,97460000000,1104000000,4.52,1111000000
2441,2020,ELV,2020-12-31,18.23,17.98,86615000000,53416000000,0,3000000,86615000000,954000000,3.80,961000000
2442,2019,ELV,2019-12-31,18.81,18.47,77453000000,45725000000,0,3000000,77453000000,818000000,3.20,822000000
2443,2018,ELV,2018-12-31,5.13,4.99,71571000000,43030000000,18066000000,28541000000,71571000000,192000000,3.00,785000000
2444,2017,ELV,2017-12-31,3.82,3.73,70540000000,44037100000,18656800000,26502900000,70540000000,172200000,2.70,707400000
2445,2016,ELV,2016-12-31,2.69,2.63,65083100000,39982700000,15286900000,25100400000,65083100000,170700000,2.60,687700000
2446,2015,ELV,2015-12-31,3.25,3.09,61717800000,38673700000,15324500000,23044100000,61717800000,166600000,2.50,662400000
2447,2014,ELV,2014-12-31,2.46,2.40,62065000000,37813700000,14752200000,24251300000,62065000000,123400000,1.75,486100000
2448,2013,ELV,2013-12-31,8.34,8.20,59574500000,34809300000,0,24765200000,59574500000,448000000,1.50,452400000
2449,2012,ELV,2012-12-31,8.26,8.18,58955400000,35152700000,0,23802700000,58955400000,367100000,1.15,-371200000
2450,2011,ELV,2011-12-31,2.48,2.44,52018800000,28730600000,9695400000,23288200000,52018800000,357800000,1.00,361400000
2451,2024,EMN,2024-12-31,7.75,7.67,5735000000,9361000000,0,5779000000,15213000000,379000000,3.26,
2452,2023,EMN,2023-12-31,7.54,7.49,5423000000,9103000000,0,5458000000,14633000000,376000000,3.18,
2453,2022,EMN,2022-12-31,6.42,6.35,4967000000,9431000000,0,5153000000,14667000000,381000000,3.07,
2454,2021,EMN,2021-12-31,6.35,6.25,4643000000,9731000000,0,5704000000,15519000000,375000000,2.83,
2455,2020,EMN,2020-12-31,3.53,3.50,6238000000,9975000000,0,6023000000,16083000000,358000000,2.67,
2456,2019,EMN,2019-12-31,5.52,5.48,6387000000,9976000000,185000000,5958000000,16008000000,343000000,2.52,
2457,2018,EMN,2018-12-31,2.03,2.00,15995000000,10117000000,566000000,5803000000,15995000000,318000000,2.30,
2458,2017,EMN,2017-12-31,1.90,1.89,15999000000,10519000000,592000000,5403000000,15999000000,296000000,2.09,
2459,2016,EMN,2016-12-31,1.70,1.69,15457000000,10849000000,519000000,4532000000,15457000000,272000000,1.89,
2460,2015,EMN,2015-12-31,1.15,1.14,15611000000,11590000000,799000000,3941000000,15611000000,238000000,1.66,
2461,2014,EMN,2014-12-31,1.54,1.52,16072000000,12482000000,235000000,3510000000,16072000000,210000000,1.45,
2462,2013,EMN,2013-12-31,7.57,7.44,11845000000,7970000000,497000000,3796000000,11845000000,140000000,1.25,
2463,2012,EMN,2012-12-31,3.00,2.93,11619000000,8591000000,4000000,2943000000,11619000000,192000000,1.080,
2464,2011,EMN,2011-12-31,4.98,4.86,6184000000,4314000000,147000000,1870000000,6184000000,136000000,0.990,
2465,2025,EMR,2025-09-30,0.86,0.86,5889000000,,0,20282000000,41964000000,,,
2466,2024,EMR,2024-09-30,0.88,0.87,5706000000,,0,21636000000,44246000000,,,
2467,2023,EMR,2023-09-30,1.39,1.38,5614000000,,0,20689000000,42746000000,,,
2468,2022,EMR,2022-09-30,1.13,1.13,13184000000,,240000000,10364000000,35672000000,,,
2469,2021,EMR,2021-09-30,0.94,0.93,15823000000,,,9883000000,24715000000,,,
2470,2020,EMR,2020-09-30,0.85,0.84,14250000000,,,8405000000,22882000000,,,
2471,2019,EMR,2019-09-30,0.85,0.84,13996000000,,,8233000000,20497000000,,,
2472,2018,EMR,2018-09-30,0.76,0.76,20390000000,,,8947000000,20390000000,,,
2473,2017,EMR,2017-09-30,0.45,0.45,19589000000,,,8718000000,19589000000,,,
2474,2016,EMR,2016-09-30,0.57,0.57,21743000000,,,7568000000,21743000000,,,
2475,2015,EMR,2015-09-30,1.42,1.42,22088000000,,,8081000000,22088000000,,,
2476,2014,EMR,2014-09-30,3.05,3.03,24177000000,,,10119000000,24177000000,,,
2477,2013,EMR,2013-09-30,2.78,2.76,24711000000,,,10585000000,24711000000,,,
2478,2012,EMR,2012-09-30,2.68,2.67,23818000000,,,10295000000,23818000000,,,
2479,2011,EMR,2011-09-30,3.29,3.27,23861000000,,,10399000000,23861000000,,,
2480,2024,ENPH,2024-12-31,0.76,0.75,3249676000,2416660000,1302380000,1000,3249676000,,,
2481,2023,ENPH,2023-12-31,,,3383012000,2399388000,569592000,1000,3383012000,,,
2482,2022,ENPH,2022-12-31,,,3084280000,2258707000,568295000,1000,3084280000,,,
2483,2021,ENPH,2021-12-31,,,2079256000,1649088000,425589000,1000,2079256000,,,
2484,2020,ENPH,2020-12-31,,,1200102000,716109000,255021000,1000,1200102000,,,
2485,2019,ENPH,2019-12-31,,,713223000,441011000,96185000,1000,713223000,,,
2486,2018,ENPH,2018-12-31,,,339937000,332161000,109783000,7776000,339937000,,,
2487,2017,ENPH,2017-12-31,,,169147000,178273000,49751000,-9126000,169147000,,,
2488,2016,ENPH,2016-12-31,,,163576000,162276000,23800000,1300000,163576000,,,
2489,2015,ENPH,2015-12-31,,,165528000,124079000,,41449000,165528000,,,
2490,2014,ENPH,2014-12-31,,,152192000,105240000,0,46952000,152192000,,,
2491,2013,ENPH,2013-12-31,,,116669000,76463000,7400000,40206000,116669000,,,
2492,2012,ENPH,2012-12-31,,,122291000,65636000,7400000,56655000,122291000,,,
2493,2024,EOG,2024-12-31,11.31,11.25,45776000000,,,206000000,47186000000,,3.705,2096000000
2494,2023,EOG,2023-12-31,13.07,13.00,42674000000,,,206000000,43857000000,,5.8850,3432000000
2495,2022,EOG,2022-12-31,13.31,13.22,40349000000,,,206000000,41371000000,,0.75,5206000000
2496,2021,EOG,2021-12-31,8.03,7.99,37436000000,,,,38236000000,,4.9875,0
2497,2020,EOG,2020-12-31,-1.04,-1.04,35047485000,,,,35804601000,,1.50,0
2498,2019,EOG,2019-12-31,4.73,4.71,36274942000,,,,37124608000,,1.083,0
2499,2018,EOG,2018-12-31,1.11,1.10,33934474000,,,,33934474000,,0.810,469443000
2500,2017,EOG,2017-12-31,0.05,0.05,29833078000,,,,29833078000,,0.670,387164000
2501,2016,EOG,2016-12-31,-0.86,-0.86,29459433000,,,,29459433000,,0.670,376012000
2502,2015,EOG,2015-12-31,-0.31,-0.31,26975244000,,,,26975244000,,0.670,-367767000
2503,2014,EOG,2014-12-31,1.22,1.21,34762687000,,,,34762687000,,0.585,-320666000
2504,2013,EOG,2013-12-31,8.13,8.04,30574238000,,,,30574238000,,0.75,204463000
2505,2012,EOG,2012-12-31,2.13,2.11,27336578000,,,,27336578000,,0.68,0
2506,2011,EOG,2011-12-30,4.15,4.10,24838797000,,,,24838797000,,0.64,0
2507,2024,EP,2024-12-31,-0.54,-0.54,123868471,61103287,11266127,,123868471,,,
2508,2023,EP,2023-12-31,-0.55,-0.55,92615616,57659156,,,92615616,,,
2509,2022,EP,2022-12-31,0.34,0.30,71545075,48309194,,,71545075,,,
2510,2021,EP,2021-12-31,,,50089651,40255498,,79362,50089651,,,
2511,2020,EP,2020-12-31,,,11249601,29690639,,-18441038,11249601,,,
2512,2019,EP,2019-12-31,,,11014580,15953235,,-4938655,11014580,,,
2513,2018,EP,2018-12-31,,,1997273,2147456,,-150183,1997273,,,
2514,2017,EP,2017-12-31,,,377780,,,128194,377780,,,
2515,2016,EP,2016-12-31,,,382743,,,301381,382743,,,
2516,2015,EP,2015-12-31,,,,,,,,,,
2517,2014,EP,2014-12-31,-236585,,82,,,-146,82,,,
2518,2013,EP,2013-12-31,,,228591,,,136439,228591,,,
2519,2012,EP,2012-12-31,,,,,,,,,,
2520,2011,EP,2011-12-31,,,326930,,,215443,326930,,,
2521,2024,EPAM,2024-12-31,7.93,7.84,4750473000,1119322000,,3629211000,4750473000,,,
2522,2023,EPAM,2023-12-31,7.21,7.06,4352365000,880895000,,3470891000,4352365000,,,
2523,2022,EPAM,2022-12-31,7.32,7.09,4009151000,1006141000,,3001532000,4009151000,,,
2524,2021,EPAM,2021-12-31,8.52,8.15,3523227000,1027390000,,2487117000,3523227000,,,
2525,2020,EPAM,2020-12-31,5.87,5.60,2721332000,738314000,,56000,2721332000,,,
2526,2019,EPAM,2019-12-31,4.77,4.53,2244208000,648063000,,1596145000,2244208000,,,
2527,2018,EPAM,2018-12-31,1.21,1.15,1611802000,349206000,,1262596000,1611802000,,,
2528,2017,EPAM,2017-12-31,0.46,0.44,1250256000,275309000,,974947000,1250256000,,,
2529,2016,EPAM,2016-12-31,0.48,0.45,925811000,144399000,,781412000,925811000,,,
2530,2015,EPAM,2015-12-31,0.31,0.29,778536000,165313000,35000000,613223000,778536000,,,
2531,2014,EPAM,2014-12-31,0.37,0.35,594026000,129976000,,464050000,594026000,,,
2532,2013,EPAM,2013-12-31,1.35,1.28,432877000,56776000,,376101000,432877000,,,
2533,2012,EPAM,2012-12-31,1.27,1.17,350814000,64534000,,286280000,350814000,,,
2534,2011,EPAM,2011-12-31,,,,,,,,,,
2535,2024,EQIX,2024-12-31,8.54,8.50,35085000000,21533000000,625000000,13528000000,35085000000,1643000000,17.04,1624000000
2536,2023,EQIX,2023-12-31,10.35,10.31,32650724000,20137225000,636200000,12488894000,32650724000,1374168000,,1359305000
2537,2022,EQIX,2022-12-31,7.69,7.67,30310742000,18804910000,603000000,11505966000,30310742000,1151459000,,1137203000
2538,2021,EQIX,2021-12-31,5.57,5.53,27918698000,17036934000,549300000,10882082000,27918698000,1042909000,,
2539,2020,EQIX,2020-12-31,4.22,4.18,27006841000,16372723000,9168463000,10633988000,27006841000,947933000,,
2540,2019,EQIX,2019-12-31,6.03,5.99,23965615000,15125233000,8952897000,8840606000,23965615000,836164000,,
2541,2018,EQIX,2018-12-31,0.79,0.79,20244638000,13025359000,9890531000,7219279000,20244638000,738600000,2.28,
2542,2017,EQIX,2017-12-31,0.58,0.57,18691457000,11841667000,8470275000,6849790000,18691457000,621497000,2.00,
2543,2016,EQIX,2016-12-31,-0.46,-0.46,12608371000,8242542000,5309826000,4365829000,12608371000,499463000,1.75,
2544,2015,EQIX,2015-12-31,1.35,1.34,10356695000,7611309000,5245768000,2745386000,10356695000,,1.69,125486000
2545,2014,EQIX,2014-12-31,-4.96,-4.96,7817433000,5547302000,3503637000,2270131000,7817433000,,224.45,83266000
2546,2013,EQIX,2013-12-31,0.14,0.14,7492359000,4909393000,3272918000,2459064000,7492359000,,,
2547,2012,EQIX,2012-12-31,3.01,2.92,6132964000,3713513000,2449688000,2335273000,6132964000,,,
2548,2011,EQIX,2011-12-31,0.54,0.53,5785324000,3765511000,2697319000,1952212000,5785324000,,,
2549,2024,EQR,2024-12-31,2.73,2.72,20834176000,9249829000,8193052000,11044560000,20834176000,,2.70,
2550,2023,EQR,2023-12-31,2.2,2.2,20034564000,8456188000,7464657000,11085828000,20034564000,,2.65,
2551,2022,EQR,2022-12-31,2.06,2.05,20218262000,8517310000,7494250000,11173439000,20218262000,,2.50,
2552,2021,EQR,2021-12-31,3.56,3.54,21169241000,9483056000,8421172000,10954948000,21169241000,,2.41,
2553,2020,EQR,2020-12-31,2.45,2.45,20286891000,9184454000,8126903000,10525651000,20286891000,,2.41,
2554,2019,EQR,2019-12-31,2.61,2.60,21172769000,10164843000,9130979000,10315506000,21172769000,,2.27,
2555,2018,EQR,2018-12-31,1.78,1.77,20394209000,9615454000,8912761000,10173204000,20394209000,,2.16,
2556,2017,EQR,2017-12-31,1.64,1.63,20570599000,9729781000,9071074000,10242464000,20570599000,,2.015,
2557,2016,EQR,2016-12-31,9.84,9.76,20704148000,9801072000,,10229078000,20704148000,3000000000,8,
2558,2015,EQR,2015-12-31,0.49,0.49,23157328000,11894190000,,10470368000,23157328000,,2.210,
2559,2014,EQR,2014-12-31,0.22,0.22,22950614000,11742105000,,10368456000,22950614000,,2.000,
2560,2013,EQR,2013-12-31,5.155,5.155,22834545000,11626205000,,10507201000,22834545000,,1.850,
2561,2012,EQR,2012-12-31,2.729,2.705,17201000000,9275521000,29800000,7289813000,17201000000,,1.780,
2562,2011,EQR,2011-12-31,2.984,2.950,16659303000,10380042000,,5669015000,16659303000,,1.580,
2563,2024,EQT,2024-12-31,0.45,0.45,22546098000,15552119000,8900000000,20597628000,39830255000,,0.63,327237000
2564,2023,EQT,2023-12-31,4.56,4.22,25285098000,10504281000,4500000000,14773200000,25285098000,,,228339000
2565,2022,EQT,2022-12-31,4.79,4.38,22669926000,11456598000,5600000000,11172474000,22669926000,,,203629000
2566,2021,EQT,2021-12-31,-3.58,-3.58,21607388000,11561625000,5400000000,10029527000,21607388000,,,
2567,2020,EQT,2020-12-31,,,18113469000,8850739000,4500000000,9255240000,18113469000,,,7664000
2568,2019,EQT,2019-12-31,-4.79,-4.79,18809227000,9005639000,3900000000,9803588000,18809227000,,,30655000
2569,2018,EQT,2018-12-31,-5.99,-5.99,20721344000,9763115000,4697381000,10958229000,20721344000,,,31375000
2570,2017,EQT,2017-12-31,0.95,0.95,29522604000,11107991000,5570554000,13319618000,29522604000,,,20827000
2571,2016,EQT,2016-12-31,0.04,0.04,15472922000,6353675000,3289459000,5860281000,15472922000,,,20156000
2572,2015,EQT,2015-12-31,1.14,1.14,13976172000,5948130000,2793343000,5077791000,13976172000,,,18310000
2573,2014,EQT,2014-12-31,1.27,1.26,12064900000,5691837000,2988900000,4582815000,12064900000,,,18207000
2574,2013,EQT,2013-12-31,2.59,2.57,6359065000,4927925000,2501516000,4034788000,9792053000,,,18094000
2575,2012,EQT,2012-12-31,1.23,1.22,5675534000,4961060000,32973000,3603820000,8849862000,,,131803000
2576,2011,EQT,2011-12-31,3.21,3.19,8772719000,5178889000,53742000,1261779000,8772719000.0,,,131625000
2577,2024,EQT,2024-12-31,0.45,0.45,22546098000,15552119000,8900000000,20597628000,39830255000,,0.63,327237000
2578,2023,EQT,2023-12-31,4.56,4.22,25285098000,10504281000,4500000000,14773200000,25285098000,,,228339000
2579,2022,EQT,2022-12-31,4.79,4.38,22669926000,11456598000,5600000000,11172474000,22669926000,,,203629000
2580,2021,EQT,2021-12-31,-3.58,-3.58,21607388000,11561625000,5400000000,10029527000,21607388000,,,
2581,2020,EQT,2020-12-31,,,18113469000,8850739000,4500000000,9255240000,18113469000,,,7664000
2582,2019,EQT,2019-12-31,-4.79,-4.79,18809227000,9005639000,3900000000,9803588000,18809227000,,,30655000
2583,2018,EQT,2018-12-31,-5.99,-5.99,20721344000,9763115000,4697381000,10958229000,20721344000,,,31375000
2584,2017,EQT,2017-12-31,0.95,0.95,29522604000,11107991000,5570554000,13319618000,29522604000,,,20827000
2585,2016,EQT,2016-12-31,0.04,0.04,15472922000,6353675000,3289459000,5860281000,15472922000,,,20156000
2586,2015,EQT,2015-12-31,1.14,1.14,13976172000,5948130000,2793343000,5077791000,13976172000,,,18310000
2587,2014,EQT,2014-12-31,1.27,1.26,12064900000,5691837000,2988900000,4582815000,12064900000,,,18207000
2588,2013,EQT,2013-12-31,2.59,2.57,6359065000,4927925000,2501516000,4034788000,9792053000,,,18094000
2589,2012,EQT,2012-12-31,1.23,1.22,5675534000,4961060000,32973000,3603820000,8849862000,,,131803000
2590,2011,EQT,2011-12-31,3.21,3.19,8772719000,5178889000,53742000,1261779000,8772719000.0,,,131625000
2591,2024,ES,2024-12-31,2.27,2.27,16839845000,,5108200000,1878622000,59594529000,,2.86,1025027000
2592,2023,ES,2023-12-31,-1.27,-1.26,15849624000,,4814400000,1799920000,55612245000,,,942398000
2593,2022,ES,2022-12-31,4.05,4.05,14758796000,,4216500000,1799920000,53230900000,,,883113000
2594,2021,ES,2021-12-31,3.55,3.54,13949656000,,4215400000,1789092000,48492144000,,,828337000
2595,2020,ES,2020-12-31,3.56,3.55,13455974000,,3914800000,1789092000,46099598000,,,767500000
2596,2019,ES,2019-12-31,2.83,2.81,12185191000,,3518100000,1729292000,41123915000,,,685979000
2597,2018,ES,2018-12-31,3.25,3.25,38241256000,,2944800000,11486817000,38241256000,,,640110000
2598,2017,ES,2017-12-31,0.82,0.82,36220400000,,700000000,11086242000,36220386000,,,602083000
2599,2016,ES,2016-12-31,0.77,0.77,32053200000,,2078100000,10711734000,32053173000,,,564486000
2600,2015,ES,2015-12-31,2.77,2.76,30580309000,,,10352215000,30580309000,,,-529791000
2601,2014,ES,2014-12-31,2.59,2.58,29777975000,,,9976815000,29777975000,,,-496524000
2602,2013,ES,2013-12-31,2.49,2.49,27795537000,,,9611528000,27795537000,,,-462741000
2603,2012,ES,2012-12-31,1.90,1.89,28302824000,,,9237050000,28302824000,,,-375527000
2604,2011,ES,2011-12-31,2.22,2.22,15647066000,,,4012670000,15647066000,,,-195595000
2605,2024,ESS,2024-12-31,11.55,11.54,12927359000,7176120000,5500000000,5537046000,12927359000,,9.80,629648000
2606,2023,ESS,2023-12-31,6.32,6.32,12361427000,6735244000,5350000000,5422746000,12361427000,,,593185000
2607,2022,ESS,2022-12-31,6.27,6.27,12372905000,6450639000,5350000000,5716372000,12372905000,,8.80,571658000
2608,2021,ESS,2021-12-31,7.51,7.51,12997873000,6786699000,5350000000,5993603000,12997873000,,8.36,544194000
2609,2020,ESS,2020-12-31,8.69,8.69,12936177000,6720746000,4900000000,6000410000,12936177000,,8.31,542254000
2610,2019,ESS,2019-12-31,6.67,6.66,12705405000,6264491000,4800000000,6220427000,12705405000,,7.80,514109000
2611,2018,ESS,2018-12-31,1.38,1.38,12383596000,5954277000,1806626000,6267073000,12383596000,,1.86,491108000
2612,2017,ESS,2017-12-31,2.73,2.72,12495706000,6059675000,2008417000,6277406000,12495706000,,1.75,461376000
2613,2016,ESS,2016-12-31,1.19,1.19,12217408000,5880487000,2191481000,6192178000,12217408000,,1.60,420518000
2614,2015,ESS,2015-12-31,0.92,0.92,12005091000,5622616000,2215077000,6237733000,12005091000,,1.44,378652000
2615,2014,ESS,2014-12-31,0.58,0.58,11562874000,5403550000,2245944000,6022672000,11562874000,,1.21,-298521000
2616,2013,ESS,2013-12-31,4.05,4.04,5186839000,3184252000,167601000,1884619000,5186839000,,1.21,186243000
2617,2012,ESS,2012-12-31,3.42,3.41,4847223000,2962758000,1363731000,1764804000,4847223000,,1.10,0
2618,2011,ESS,2011-12-31,1.24,1.24,4036964000,2478887000,1502208000,1437527000,4036964000,,1.04,0
2619,2024,ETN,2024-12-31,9.54,9.50,4933000000,,9152000000,18488000000,38381000000,1500000000,3.76,
2620,2023,ETN,2023-12-31,8.06,8.02,4163000000,,9261000000,19036000000,38432000000,1379000000,3.44,
2621,2022,ETN,2022-12-31,6.17,6.14,3655000000,,8331000000,17038000000,35014000000,1299000000,3.24,
2622,2021,ETN,2021-12-31,5.38,5.34,3002000000,,8566000000,16413000000,34027000000,1219000000,3.04,
2623,2020,ETN,2020-12-31,3.51,3.49,2333000000,,8057000000,14930000000,31824000000,1175000000,2.92,
2624,2019,ETN,2019-12-31,5.28,5.25,2201000000,,8067000000,16082000000,17204000000,1201000000,2.84,
2625,2018,ETN,2018-12-31,4.93,4.91,31092000000,,7107000000,16107000000,31092000000,1149000000,2.64,
2626,2017,ETN,2017-12-31,0.97,0.96,32623000000,,7745000000,17253000000,32623000000,1068000000,2.40,
2627,2016,ETN,2016-12-31,4.22,4.21,30419000000,,8263000000,14897000000,30419000000,1037000000,2.28,
2628,2015,ETN,2015-12-31,4.25,4.23,31031000000,,8023000000,15186000000,31031000000,1026000000,2.20,
2629,2014,ETN,2014-12-31,3.78,3.76,33529000000,,9032000000,15786000000,33529000000,929000000,1.96,
2630,2013,ETN,2013-12-31,3.93,3.90,35491000000,,9536000000,16791000000,35491000000,796000000,1.68,
2631,2012,ETN,2012-12-31,3.54,3.46,35848000000,,10076000000,15086000000,35848000000,512000000,,
2632,2024,ETR,2024-12-31,2.47,2.45,68951564000,,27991595000,15083908000,64790032000,,2.30,107906000
2633,2023,ETR,2023-12-31,11.14,11.10,63887038000,,25107896000,14622647000,59703396000,,4.34,
2634,2022,ETR,2022-12-31,5.40,5.37,58595191000,,25932549000,12966985000,58595191000,,4.10,
2635,2021,ETR,2021-12-31,5.57,5.54,59454242000,,25880901000,11637284000,59454242000,,3.86,
2636,2020,ETR,2020-12-31,6.94,6.90,58239212000,,22369776000,10926142000,58239212000,,3.74,
2637,2019,ETR,2019-12-31,6.36,6.30,51723912000,,17873655000,10223675000,51723912000,,3.66,
2638,2018,ETR,2018-12-31,0.73,0.73,48275066000,,16168312000,8844305000,48275066000,,3.58,
2639,2017,ETR,2017-12-31,0.46,0.46,46707149000,,15075266000,7992515000,46707149000,,3.50,
2640,2016,ETR,2016-12-31,1.29,1.28,45904434000,,14832555000,8081809000,45904434000,,3.42,
2641,2015,ETR,2015-12-31,1.66,1.65,44647681000,,13325930000,9256791000,44647681000,,3.34,
2642,2014,ETR,2014-12-31,2.24,2.24,46527854000,,13399484000,10007725000,46527854000,,3.32,
2643,2013,ETR,2013-12-31,3.99,3.99,43406446000,,225944000,9632466000,43406446000,,3.32,
2644,2012,ETR,2012-12-31,-0.86,-0.86,43202502000,,12638834000,9197089000,43202502000,,3.32,
2645,2011,ETR,2011-12-31,1.39,1.38,40701699000,,12236446000,8961270000,40701699000,,3.32,
2646,2024,ETSY,2024-12-31,2.64,2.35,2417782000,3176648000,2288083000,109000,2417782000,,,
2647,2023,ETSY,2023-12-31,2.51,2.24,2685400000,3229115000,2283817000,119000,2685400000,,,
2648,2022,ETSY,2022-12-31,-5.48,-5.48,2634961000,3182235000,2279640000,125000,2634961000,,,0
2649,2021,ETSY,2021-12-31,3.88,3.40,3831809000,3203190000,2275418000,127000,3831809000,,,0
2650,2020,ETSY,2020-12-31,2.88,2.69,2404489000,1662065000,1062299000,126000,2404489000,,,0
2651,2019,ETSY,2019-12-31,0.80,0.76,1542352000,1135718000,785126000,119000,1542352000,,,0
2652,2018,ETSY,2018-12-31,0.64,0.61,901851000,500953000,276486000,400898000,901851000,,,0
2653,2017,ETSY,2017-12-31,0.69,0.68,605583000,208689000,,396894000,605583000,,,0
2654,2016,ETSY,2016-12-31,,,581193000,236436000,,344757000,581193000,,,0
2655,2015,ETSY,2015-12-31,,,553061000,222563000,,330498000,553061000,,,0
2656,2024,EVRG,2024-12-31,3.79,3.79,32282100000,,,9955000000,32282100000,596700000,2.595,
2657,2023,EVRG,2023-12-31,3.18,3.17,30976100000,,,9663100000,30976100000,569600000,2.48,
2658,2022,EVRG,2022-12-31,3.27,3.27,29489900000,,,9483700000,29489900000,534800000,2.33,
2659,2021,EVRG,2021-12-31,3.84,3.83,28520500000,,,9244400000,28520500000,497900000,2.178,
2660,2020,EVRG,2020-12-31,2.72,2.72,27114800000,,,8733400000,27114800000,465000000.0,2.05,
2661,2019,EVRG,2019-12-31,2.80,2.79,25975900000,,,8571900000,25975900000,462500000,1.93,
2662,2018,EVRG,2018-12-31,2.50,2.50,25598100000,,,10028200000,25598100000,245900000,1.735,
2663,2024,EW,2024-12-31,6.98,6.97,13055300000,2992400000,597700000,9998400000,13055300000,,,
2664,2023,EW,2023-12-31,2.31,2.30,9363200000,2643800000,597000000.0,6650000000,9363200000,,,
2665,2022,EW,2022-12-31,2.46,2.44,8292500000,2485800000,596300000,646300000,8292500000,,,
2666,2021,EW,2021-12-31,2.41,2.38,8502600000,2666700000,595700000,642000000.0,8502600000,,,
2667,2020,EW,2020-12-31,1.32,1.30,7237100000,,595000000.0,636400000,7237100000,,,
2668,2019,EW,2019-12-31,5.03,4.93,6488100000,,594400000,218100000,6488100000,,,
2669,2018,EW,2018-12-31,0.98,0.96,5323700000,,370000000,3140400000,5323700000,,,
2670,2017,EW,2017-12-31,1.09,1.06,5695800000,,370000000,2956200000,5695800000,,,
2671,2016,EW,2016-12-31,0.67,0.66,4510000000,,597300000,2619000000,4510000000,,,
2672,2015,EW,2015-12-31,0.57,0.56,4059300000,,599900000,2503100000,4059300000,,,
2673,2014,EW,2014-12-31,0.57,0.56,3524300000,,598100000,2191400000,3524300000,,,
2674,2013,EW,2013-12-31,3.51,3.44,2724700000,,600000000,1559200000,2724700000,,,
2675,2012,EW,2012-12-31,2.55,2.48,2221500000,,,1479300000,2221500000,,,
2676,2011,EW,2011-12-31,2.07,1.98,1980500000,,,1337900000,1980500000,,,
2677,2024,EXC,2024-12-31,,,44750000000,80863000000,44668000000,26921000000,107784000000,,1.52,
2678,2023,EXC,2023-12-31,,,42827000000,75791000000,41279000000,25755000000,101546000000,,1.44,
2679,2022,EXC,2022-12-31,,,95349000000,70605000000,37169000000,24744000000,95349000000,,1.35,
2680,2021,EXC,2021-12-31,1.74,1.74,133013000000,98218000000,38756000000,34393000000,133013000000,,1.53,
2681,2020,EXC,2020-12-31,2.01,2.01,129317000000,94449000000,36906000000,32585000000,129317000000,,1.53,
2682,2019,EXC,2019-12-31,3.02,3.01,124977000000,90404000000,35950000000,32224000000,124977000000,,1.45,
2683,2018,EXC,2018-12-31,0.61,0.60,119666000000,86596000000,35301000000,30764000000,119666000000,,1.38,
2684,2017,EXC,2017-12-31,1.07,1.07,116700000000,84568000000,34047000000,29857000000,116700000000,,,
2685,2016,EXC,2016-12-31,0.19,0.19,114904000000,87292000000,33959000000,25837000000,114904000000,,,
2686,2015,EXC,2015-12-31,0.80,0.80,95384000000,68062000000,25761000000,25793000000,95384000000,,,
2687,2014,EXC,2014-12-31,0.10,0.10,86814000000,62681000000,131000000,22608000000,86814000000,,,
2688,2013,EXC,2013-12-31,0.60,2.00,79924000000,56984000000,19408000000,22732000000,79924000000,,,
2689,2012,EXC,2012-12-31,0.44,1.42,78554000000,56737000000,18945000000,21431000000,78554000000,,,
2690,2011,EXC,2011-12-31,0.91,3.75,55092000000,40617000000,13034000000,14385000000,55092000000,,,
2691,2024,EXPD,2024-12-31,5.75,5.72,2565372000,,,2223012000,4754458000,,,
2692,2023,EXPD,2023-12-31,5.05,5.01,2595576000,,,2390350000,4523809000,,,
2693,2022,EXPD,2022-12-31,8.33,8.26,3070697000,,,3110021000,5590434000,,,
2694,2021,EXPD,2021-12-31,8.37,8.27,3699748000,,,3494426000,7609929000,,,
2695,2020,EXPD,2020-12-31,4.14,4.07,2532324000,,,2659637000,4927503000,,,
2696,2019,EXPD,2019-12-31,3.45,3.39,1978307000,,,2195028000,3691884000,,,
2697,2018,EXPD,2018-12-31,0.77,0.76,3314559000,,,1986838000,3314559000,,,
2698,2017,EXPD,2017-12-31,0.52,0.51,3117008000,,,1991858000,3117008000,,,
2699,2016,EXPD,2016-12-31,0.53,0.53,2790871000,,,1844638000,2790871000,,,
2700,2015,EXPD,2015-12-31,0.56,0.55,2582438000,,,1691993000,2582438000,,,
2701,2014,EXPD,2014-12-31,0.42,0.42,2890905000,,,1868408000,2890905000,,,
2702,2013,EXPD,2013-12-31,1.69,1.68,3014812000,,,2084783000,3014812000,,,
2703,2012,EXPD,2012-12-31,1.58,1.57,2954125000,,,2027699000,2954125000,,,
2704,2011,EXPD,2011-12-31,1.82,1.79,2866827000,,,2003638000,2866827000,,,
2705,2024,EXPE,2024-12-31,9.39,8.95,22388000000,,1043000000,1557000000,22388000000,,,
2706,2023,EXPE,2023-12-31,5.50,5.31,21642000000,,1039000000,1534000000,21642000000,,,
2707,2022,EXPE,2022-12-31,2.24,2.17,21561000000,,0,2283000000,21561000000,,,
2708,2021,EXPE,2021-12-31,-1.80,-1.80,21548000000,,735000000,2057000000,21548000000,,,
2709,2020,EXPE,2020-12-31,-19.00,-19.00,18690000000,,0,1510000000,18690000000,,0.34,
2710,2019,EXPE,2019-12-31,3.84,3.77,11788000000,,749000000,3967000000,11788000000,,1.32,
2711,2018,EXPE,2018-12-31,-0.91,-0.91,18033000000,,3717000000,4104000000,18033000000,,1.24,
2712,2017,EXPE,2017-12-31,2.49,2.42,18515628000,,4249054000,4522335000,18515628000,,1.16,
2713,2016,EXPE,2016-12-31,1.87,1.82,15777546000,,48820000,4132301000,15777546000,,1,
2714,2015,EXPE,2015-12-31,5.87,5.70,15503812000,,,4864394000,15503812000,,0.84,
2715,2014,EXPE,2014-12-31,3.09,2.99,9020538000,,,1784267000,9020538000,,0.66,
2716,2013,EXPE,2013-12-31,1.73,1.67,7739481000,,,2145464000,7739481000,,0.56,
2717,2012,EXPE,2012-12-31,2.09,2.00,7085195000,,,2280259000,7085195000,,0.96,
2718,2011,EXPE,2011-12-31,0.38,0.37,6505258000,,,2199864000,6505258000,76550000,0.56,
2719,2024,EXR,2024-12-31,4.03,4.03,28847926000,13988564000,10960016000,13947535000,28847926000,,,1375003000
2720,2023,EXR,2023-12-31,4.74,4.74,27456262000,12042313000,,14390921000,27456262000,,,1046341000
2721,2022,EXR,2022-12-31,6.41,6.41,12167458000,8089184000,,3259597000,12167458000,,,805311000
2722,2021,EXR,2021-12-31,6.20,6.19,10474477000,6688501000,,3116496000,10474477000,,,600994000
2723,2020,EXR,2020-12-31,3.71,3.71,9395848000,6459724000,0,2547779000,9395848000,,,467765000
2724,2019,EXR,2019-12-31,3.27,3.24,8532377000,5610683000,569513000,2539961000,8532377000,,,458114000
2725,2018,EXR,2018-12-31,0.70,0.70,7847978000,5062556000,562374000,2413724000,7847978000,,,424907000
2726,2017,EXR,2017-12-31,0.65,0.64,7455137000,4731330000,604276000,2350751000,7455137000,,,393040000
2727,2016,EXR,2016-12-31,0.66,0.66,7091446000,4495280000,610314000,2244892000,7091446000,,,367818000
2728,2015,EXR,2015-12-31,1.58,1.56,6071407000,3698803000,623863000,2089077000,6071407000,,,269302000
2729,2014,EXR,2014-12-31,1.54,1.53,4402107000,2490124000,236946000,1737425000,4402107000,,,210091000
2730,2013,EXR,2013-12-31,1.54,1.53,301001000,2045245000,25504000,1758470000,3977140000,,,163014000
2731,2012,EXR,2012-12-31,1.15,1.14,3223477000,1678146000,62458000,1491807000,3223477000,,,88287000
2732,2011,EXR,2011-12-31,0.09,0.09,634782000,1442489000,87219000,1018947000,2516250000,,,52027000
2733,2024,F,2024-12-31,1.48,1.46,34568000000,240338000000,,42000000,285196000000,,0.78,
2734,2023,F,2023-12-31,1.09,1.08,28130000000,230512000000,,42000000,273310000000,,1.25,
2735,2022,F,2022-12-31,-0.49,-0.49,21503000000,212717000000,,43242000000,255884000000,,0.10,
2736,2021,F,2021-12-31,4.49,4.45,68969000000,208413000000,,48519000000,257035000000,,0.10,
2737,2020,F,2020-12-31,-0.32,-0.32,109963000000,236450000000,,30690000000,267261000000,,0.15,
2738,2019,F,2019-12-31,0.01,0.01,101348000000,225307000000,,33185000000,258537000000,,0.60,
2739,2018,F,2018-12-31,0.93,0.92,256540000000,220474000000,,35932000000,256540000000,,0.73,
2740,2017,F,2017-12-31,1.91,1.90,257808000000,222792000000,,34890000000,257808000000,,0.65,
2741,2016,F,2016-12-31,1.16,1.15,237951000000,208668000000,,29170000000,237951000000,,0.85,
2742,2015,F,2015-12-31,1.86,1.84,224925000000,196174000000,,28642000000,224925000000,,0.60,
2743,2014,F,2014-12-31,0.81,0.80,208527000000,183353000000,,24805000000,208527000000,,0.50,
2744,2013,F,2013-12-31,1.82,1.76,202026000000,175279000000,,26383000000,202026000000,,0.40,
2745,2012,F,2012-12-31,1.48,1.42,190554000000,174243000000,,15947000000,190554000000,,0.15,
2746,2011,F,2011-12-31,5.33,4.94,178348000000,163277000000,,15028000000,178348000000,,0.05,
2747,2024,FANG,2024-12-31,15.53,15.53,67292000000,27430000000,12075000000,37736000000,67292000000,,,
2748,2023,FANG,2023-12-31,17.34,17.34,28362000000,11571000000,6641000000,16625000000,29001000000,,,
2749,2022,FANG,2022-12-31,24.61,24.61,24452000000,10519000000,6238000000,15009000000,26209000000,,11.3100,
2750,2021,FANG,2021-12-31,12.35,12.30,21329000000,9653000000,6642000000,12088000000,22898000000,,1.95,
2751,2020,FANG,2020-12-31,-28.59,-28.59,16128000000,7815000000,5624000000,8794000000,17619000000,,1.5250,
2752,2019,FANG,2019-12-31,1.47,1.47,22125000000,4256000000,5371000000,11589000000,15845000000,,0.9375,
2753,2018,FANG,2018-12-31,1.65,1.65,21595687000,7429425000,4464338000,13699287000,21595687000,,,
2754,2017,FANG,2017-12-31,1.46,1.46,7770985000,2189248000,1477347000,5254860000,7770985000,,,
2755,2016,FANG,2016-12-31,-0.46,-0.46,5349680000,1331388000,1105912000,3697462000,5349680000,,,
2756,2015,FANG,2015-12-31,0.10,0.10,2758412000,649439000,495500000,1875972000,2758412000,,,
2757,2014,FANG,2014-12-31,0.49,0.48,3095481000,1110268000,673500000,1751011000,3095481000,,,
2758,2013,FANG,2013-12-31,1.30,1.29,1521614000,676073000,450000000,845541000,1521614000,,,
2759,2012,FANG,2012-12-31,0.05,0.06,606701000,144633000,,,606701000,,,
2760,2024,FAST,2024-12-31,2.01,2.00,4698000000,,0,5700000,4698000000,893300000,,
2761,2023,FAST,2023-12-31,2.02,2.02,4462900000,,0,5700000,4462900000,1016800000,,
2762,2022,FAST,2022-12-31,1.89,1.89,4548600000,,225000000.0,5700000,4548600000,711300000,,
2763,2021,FAST,2021-12-31,1.61,1.60,4299000000,,25000000.0,5800000,4299000000,643700000,,
2764,2020,FAST,2020-12-31,0.35,0.35,3964700000,,0,2900000,3964700000,803400000,,
2765,2019,FAST,2019-12-31,0.34,0.34,3799900000,,210000000.0,2900000,3799900000,498600000,,
2766,2018,FAST,2018-12-31,0.61,0.61,3321500000,,500000000,2302700000,3321500000,441900000,,
2767,2017,FAST,2017-12-31,0.46,0.46,2910500000,,415000000,2096900000,2910500000,369100000,,
2768,2016,FAST,2016-12-31,0.44,0.44,2668884000,,390000000,1933094000,2668884000,346588000,,
2769,2015,FAST,2015-12-31,0.43,0.43,2532462000,,365000000,1801289000,2532462000,327101000,,
2770,2014,FAST,2014-12-31,0.38,1.66,2359102000,,,1915217000,2359102000,296581000,,
2771,2013,FAST,2013-12-31,1.51,1.51,2075784000,,,1772697000,2075784000,237456000,,
2772,2012,FAST,2012-12-31,1.42,1.42,1815832000,,,1560360000,1815832000,367306000,,
2773,2011,FAST,2011-12-31,0.27,1.21,1684948000,,,1458976000,1684948000,191741000,,
2774,2024,FCPT,2024-12-31,1.07,1.07,2631171000,1202236000,1137889000,,2653026000,128107000,1.39,131926000
2775,2023,FCPT,2023-12-31,1.08,1.07,2429136000,1191771000,1121000000,,2451634000,119717000,1.3650,122192000
2776,2022,FCPT,2022-12-31,1.20,1.20,2176336000,1060277000,,,2198587000,107540000,1.3375,109949000
2777,2021,FCPT,2021-12-31,1.12,1.11,1880192000,939088000,,,1902980000,96903000,1.2850,99500000
2778,2020,FCPT,2020-12-31,1.08,1.08,1651878000,823678000,400000000,,1668179000,86328000,1.2325,89061000
2779,2019,FCPT,2019-12-31,1.06,1.06,1431003000,719329000,400000000,,1446070000,78488000,1.1675,80233000
2780,2018,FCPT,2018-12-31,0.27,0.26,1343098000,644134000,,698964000,1343098000,69494000,0.275,72687000
2781,2017,FCPT,2017-12-31,0.26,0.26,1068659000,546391000,75000000,522268000,1068659000,58695000,0.275,61479000
2782,2016,FCPT,2016-12-31,1.95,1.61,937151000,467034000,,470117000,937151000,121604000,0.2425,58047000
2783,2015,FCPT,2015-12-31,0.85,0.84,929437000,487795000,,441642000,929437000,,,
2784,2024,FCX,2024-12-31,,,3228000000,26070000000,0,17581000000,54848000000,1500000000,0.60,
2785,2023,FCX,2023-12-31,,,3195000000,25196000000,0,16693000000,52506000000,400000000,0.60,
2786,2022,FCX,2022-12-31,,,3052000000,26222000000,995000000,15555000000,51093000000,2500000000,0.60,
2787,2021,FCX,2021-12-31,2.93,2.90,2708000000,25003000000,0,13980000000,48022000000,1300000000,0.375,
2788,2020,FCX,2020-12-31,0.41,0.41,2574000000,23476000000,523000000,10174000000,42144000000,,0,
2789,2019,FCX,2019-12-31,-0.17,-0.17,2880000000,46000000,826000000,-686000000,18801000000,291000000,0.20,
2790,2018,FCX,2018-12-31,0.47,0.47,42216000000,24324000000,1023000000,9798000000,42216000000,496000000,0.2,
2791,2017,FCX,2017-12-31,0.72,0.16,37302000000,26006000000,1269000000,7977000000,37302000000,176000000,0,
2792,2016,FCX,2016-12-31,,,37317000000,28060000000,1390000000,6051000000,37317000000,699000000,0,
2793,2015,FCX,2015-12-31,-2.38,-2.38,46577000000,33769000000,,7828000000,46577000000,725000000,0.2605,
2794,2014,FCX,2014-12-31,0.49,0.49,58795000000,35570000000,,18287000000,58795000000,1729000000,1.25,
2795,2013,FCX,2013-12-31,2.65,2.64,63473000000,37526000000,,20934000000,63473000000,411000000,2.25,
2796,2012,FCX,2012-12-31,3.20,3.19,35440000000,14129000000,,17543000000,35440000000,,1.25,
2797,2011,FCX,2011-12-31,4.81,4.78,32070000000,13517000000,,15642000000,32070000000,,1.50,
2798,2025,FDS,2025-08-31,15.74,15.55,3523467000,2117859000,1368260000,430000,4304272000,159973000,1.10,162137000
2799,2024,FDS,2024-08-31,14.11,13.91,3178800000,2142580000,1365973000,426000,4055040000,150667000,1.04,153718000
2800,2023,FDS,2023-08-31,12.26,12.04,3148192000,2342992000,1612700000,421000,3962922000,138601000,,142816000
2801,2022,FDS,2022-08-31,10.48,10.25,3191313000,2682897000,1982424000,417000,4014305000,125934000,,129693000
2802,2021,FDS,2021-08-31,10.56,10.36,1144693000,1208587000,574535000,412000,2224940000,117927000,,120224000
2803,2020,FDS,2020-08-31,9.83,9.65,1111600000,1187013000,574354000,408000,2083388000,110439000,,113014000
2804,2019,FDS,2019-08-31,9.25,9.08,851014000,887874000,574174000,401000,1560130000,100052000,,103710000
2805,2018,FDS,2018-08-31,6.90,1.33,724259000,893547000,574775000,525900000,1419447000,89408000,,92710000
2806,2017,FDS,2017-08-31,6.55,1.68,703941000,853624000,575000000,559691000,1413315000,80898000,,83363000
2807,2016,FDS,2016-08-31,8.29,1.63,654796000,501780000,300000000,517381000,1019161000,74218000,,76539000
2808,2015,FDS,2015-08-31,5.80,5.71,736671000,205087000,35000000,531584000,736671000,66551000,,68904000
2809,2014,FDS,2014-08-31,4.98,4.92,663212000,152130000,,511082000,663212000,61007000,,
2810,2013,FDS,2013-08-31,4.53,4.45,690197000,148418000,,541779000,690197000,56002000,,
2811,2012,FDS,2012-08-31,4.22,4.12,694143000,141879000,,552264000,694143000,49983000,,
2812,2011,FDS,2011-08-31,3.72,3.61,657440000,142252000,,515188000,657440000,43949000,,
2813,2025,FDX,2025-05-31,16.96,16.81,74154000000,,729000000,32000000,87627000000,1339000000,5.52,
2814,2024,FDX,2024-05-31,17.41,17.21,48699000000,,780000000,32000000,87007000000,1259000000,3.78,
2815,2023,FDX,2023-05-31,15.60,15.48,47754000000,,831000000,32000000,87143000000,1177000000,5.86,
2816,2022,FDX,2022-05-31,14.54,14.33,47604000000,,881000000,32000000,85994000000,793000000,3.00,
2817,2021,FDX,2021-05-31,19.79,19.45,46356000000,,932000000,32000000,82777000000,686000000,2.60,
2818,2020,FDX,2020-05-31,4.92,4.90,41252000000,,498000000,32000000,73537000000,679000000,2.60,
2819,2019,FDX,2019-05-31,2.06,2.03,54403000000,,400000000,17757000000,54403000000,683000000,2.60,
2820,2018,FDX,2018-05-31,17.08,16.79,52330000000,,750000000,19416000000,52330000000,535000000,2.00,
2821,2017,FDX,2017-05-31,11.24,11.07,48552000000,,749000000,16073000000,48552000000,426000000,1.60,
2822,2016,FDX,2016-05-31,6.59,6.51,46064000000,,240000000,13784000000,46064000000,277000000,1.00,
2823,2015,FDX,2015-05-31,3.70,3.65,37069000000,,7217000000,14993000000,37069000000,227000000,0.80,
2824,2014,FDX,2014-05-31,6.82,6.75,33070000000,,4726000000,15277000000,33070000000,187000000,0.60,
2825,2013,FDX,2013-05-31,4.95,4.91,33567000000,,250000000,17398000000,33567000000,177000000,0.56,
2826,2012,FDX,2012-05-31,6.44,6.41,29903000000,,,14727000000,29903000000,164000000,0.52,
2827,2011,FDX,2011-05-31,4.61,4.57,27385000000,,1539000000,15220000000,27385000000,151000000,0.48,
2828,2024,FE,2024-12-31,1.70,1.70,12000000000,38324000000,23594000000,12455000000,52044000000,,0.425,
2829,2023,FE,2023-12-31,1.92,1.92,11024000000,37851000000,24254000000,10437000000,48767000000,,1.60,
2830,2022,FE,2022-12-31,0.71,0.71,31749000000,,21641000000,10166000000,46108000000,,1.56,
2831,2021,FE,2021-12-31,2.35,2.35,30812000000,,23946000000,0,45432000000,,1.56,
2832,2020,FE,2020-12-31,1.99,1.99,30855000000,,22377000000,0,44464000000,,1.56,
2833,2019,FE,2019-12-31,1.70,1.68,186000000,186000000,20074000000,0,42301000000,,1.53,
2834,2018,FE,2018-12-31,2.55,2.54,40063000000,,190000000,6814000000,40063000000,,0.38,
2835,2017,FE,2017-12-31,0.46,0.46,42257000000,,2836000000,-2070000000,42257000000,,1.44,
2836,2016,FE,2016-12-31,0.78,0.77,43148000000,,3000000000,6241000000,43148000000,,1.44,
2837,2015,FE,2015-12-31,0.53,0.53,52187000000,,3027000000,12421000000,52187000000,,1.44,
2838,2014,FE,2014-12-31,0.50,0.49,52166000000,,3097000000,12420000000,52166000000,,1.44,
2839,2013,FE,2013-12-31,0.94,0.94,50424000000,,17957000000,12692000000,50424000000,,1.65,
2840,2012,FE,2012-12-31,1.85,1.84,50406000000,,350000000,13084000000,50406000000,,2.2,
2841,2011,FE,2011-12-31,2.22,2.21,47326000000,,,13280000000,47326000000,,2.20,
2842,2025,FFIV,2025-09-30,11.96,11.80,6319492000,,,,6319492000,,,
2843,2024,FFIV,2024-09-30,9.65,9.55,5613004000,,,,5613004000,,,
2844,2023,FFIV,2023-09-30,6.59,6.55,5248333000,,,,5248333000,,,
2845,2022,FFIV,2022-09-30,5.34,5.27,5276194000,,350000000,,5276194000,,,
2846,2021,FFIV,2021-09-30,5.46,5.34,4997280000,,370000000,,4997280000,,,
2847,2020,FFIV,2020-09-30,5.05,5.01,4677920000,,390000000.0,,4677920000,,,
2848,2019,FFIV,2019-09-30,7.12,7.08,3390275000,1628778000,,,3390275000,,,
2849,2018,FFIV,2018-09-30,1.79,1.77,2605476000,,,,2605476000,,,
2850,2017,FFIV,2017-09-30,1.44,1.43,2480800000,,,,2480800000,,,
2851,2016,FFIV,2016-09-30,1.12,1.11,2306323000,,,,2306323000,,,
2852,2015,FFIV,2015-09-30,1.19,1.18,2312290000,,,,2312290000,,,
2853,2014,FFIV,2014-09-30,4.13,4.09,2184950000,,,,2184950000,,,
2854,2013,FFIV,2013-09-30,3.53,3.50,2230554000,,,,2230554000,,,
2855,2012,FFIV,2012-09-30,3.48,3.45,1911201000,,,,1911201000,,,
2856,2011,FFIV,2011-09-30,2.99,2.96,1568549000,,,,1568549000,,,
2857,2024,FHN,2024-12-31,1.37,1.36,82152000000,73041000000,,8816000000,82152000000,,0.60,
2858,2023,FHN,2023-12-31,1.58,1.54,81661000000,72370000000,,8996000000,81661000000,,0.60,
2859,2022,FHN,2022-12-31,1.62,1.53,78953000000,70406000000,,8252000000,78953000000,,0.60,
2860,2021,FHN,2021-12-31,1.76,1.74,89092000000,80598000000,,8199000000,89092000000,,0.60,
2861,2020,FHN,2020-12-31,1.90,1.89,84209000000,75902000000,,8012000000,84209000000,,0.60,
2862,2019,FHN,2019-12-31,1.39,1.38,43310900000,38234892000,,4780577000,43310900000,,0.56,
2863,2018,FHN,2018-12-31,1.66,1.65,40832258000,36046878000,,4489949000,40832258000,,0.48,
2864,2017,FHN,2017-12-31,0.66,0.65,41423388000,36842900000,,4285057000,41423388000,,0.36,
2865,2016,FHN,2016-12-31,0.95,0.94,74160000,54746000,,2409653000,28555231000,,0.28,
2866,2015,FHN,2015-12-31,0.34,0.34,26195136000,23555550000,,2344155000,26195136000,,0.24,
2867,2014,FHN,2014-12-31,0.91,0.9,25672887000,23081919000,,2295537000,25672887000,,0.2,
2868,2013,FHN,2013-12-31,0.10,0.10,23789833000,21289082000,,2205320000,23789833000,,0.20,
2869,2012,FHN,2012-12-31,-0.11,-0.11,25520140000,23010934000,904000000,2214041000,25520140000,,0.04,
2870,2011,FHN,2011-12-31,0.50,0.50,24789384000,22104747000,500000000,2389472000,24789384000,,0.04,
2871,2025,FICO,2025-09-30,26.90,26.54,1868133000,3613917000,3055691000,238000,1868133000,,,
2872,2024,FICO,2024-09-30,20.78,20.45,1717884000,2680563000,,244000,1717884000,,,
2873,2023,FICO,2023-09-30,17.18,16.93,1575281000,2263271000,1300000000,248000,1575281000,,,
2874,2022,FICO,2022-09-30,14.34,14.18,1442034000,2243981000,1300000000,252000,1442034000,,,
2875,2021,FICO,2021-09-30,13.65,13.40,1567776000,1678718000,750000000,276000,1567776000,,,
2876,2020,FICO,2020-09-30,8.13,7.90,1606240000,1275158000,750000000,291000,1606240000,,,
2877,2019,FICO,2019-09-30,6.63,6.34,1433448000,1143681000,485000000,289000,1433448000,,,
2878,2018,FICO,2018-09-30,1.08,1.03,1255079000,991342000,513000000,263737000,1255079000,,,
2879,2017,FICO,2017-09-30,0.81,0.78,1255620000,829083000,244000000,426537000,1255620000,,,
2880,2016,FICO,2016-09-30,0.74,0.72,1221052000,774224000,316000000,446828000,1221052000,,,
2881,2015,FICO,2015-09-30,0.60,0.58,1230163000,793165000,376000000,436998000,1230163000,,,
2882,2014,FICO,2014-09-30,2.80,2.72,1192298000,737684000,447000000,454614000,1192298000,,,
2883,2013,FICO,2013-09-30,2.55,2.48,1161547000,630870000,455000000,530677000,1161547000,,,
2884,2012,FICO,2012-09-30,2.64,2.55,1158611000,684205000,504000000,474406000,1158611000,,,
2885,2011,FICO,2011-09-30,1.82,1.79,1129468000,663974000,512000000,465494000,1129468000,,,
2886,2024,FIS,2024-12-31,2.62,2.61,33784000000,18084000000,10654000000,15698000000,33784000000,800000000,1.44,
2887,2023,FIS,2023-12-31,-11.26,-11.26,55105000000,36006000000,14318000000,19093000000,55105000000,1231000000,2.08,
2888,2022,FIS,2022-12-31,-27.68,-27.68,63278000000,35872000000,16340000000,27218000000,63278000000,1138000000,1.88,
2889,2021,FIS,2021-12-31,0.68,0.67,82931000000,35399000000,16442000000,47347000000,82931000000,961000000,1.56,
2890,2020,FIS,2020-12-31,0.26,0.25,83842000000,34355000000,17265000000,49300000000,83842000000,868000000,1.40,
2891,2019,FIS,2019-12-31,0.67,0.66,83806000000,34350000000,17369000000,49440000000,83806000000,656000000,1.40,
2892,2018,FIS,2018-12-31,2.58,2.55,23770000000,13548000000,8718000000,10215000000,23770000000,421000000,1.28,
2893,2017,FIS,2017-12-31,4.00,3.93,24517000000,13573000000,8763000000,10835000000,24517000000,385000000,1.16,
2894,2016,FIS,2016-12-31,1.74,1.72,26031000000,16186000000,10478000000,9741000000,26031000000,341000000,1.04,
2895,2015,FIS,2015-12-31,2.22,2.19,26268800000,16862000000,11513100000,9321000000,26268800000,304700000,1.04,
2896,2014,FIS,2014-12-31,2.38,2.35,14520500000,7829000000,5067700000,6556700000,14520500000,275100000,0.96,
2897,2013,FIS,2013-12-31,1.70,1.68,13960100000,7222800000,700000000,6580500000,13960100000,256300000,0.88,
2898,2012,FIS,2012-12-31,1.58,1.55,13549700000,6756100000,,6640900000,13549700000,234800000,0.80,
2899,2011,FIS,2011-12-31,1.56,1.53,13848300000,7197100000,4809800000,6503000000,13848300000,60400000,0.20,
2900,2024,FISV,2024-12-31,5.41,5.38,77176000000,49490000000,35000000,27068000000,77176000000,,,
2901,2023,FISV,2023-12-31,5.02,4.98,90890000000,60221000000,24000000,29857000000,90890000000,,,
2902,2022,FISV,2022-12-31,3.94,3.91,83869000000,52181000000,0,30828000000,83869000000,,,
2903,2021,FISV,2021-12-31,2.01,1.99,76249000000,44299000000,17700000000,30952000000,76249000000,,,
2904,2020,FISV,2020-12-31,1.42,1.40,74619000000,41290000000,,32330000000,74619000000,,,
2905,2019,FISV,2019-12-31,1.74,1.71,77539000000,42682000000,2000000000.0,32979000000,77539000000,,,
2906,2018,FISV,2018-12-31,2.93,2.87,11262000000,8969000000,1129000000,2293000000,11262000000,,,
2907,2017,FISV,2017-12-31,5.90,5.78,10289000000,7558000000,1068000000,2731000000,10289000000,,,
2908,2016,FISV,2016-12-31,4.22,4.15,9743000000,7202000000,647000000,2541000000,9743000000,,,
2909,2015,FISV,2015-12-31,3.04,2.99,9340000000,6680000000,379000000,2660000000,9340000000,,,
2910,2014,FISV,2014-12-31,3.03,2.98,9337000000,6042000000,,3295000000,9337000000,,,
2911,2013,FISV,2013-12-31,2.47,2.44,9513000000,5928000000,,3585000000,9513000000,,,
2912,2012,FISV,2012-12-31,4.50,4.44,8497000000,5080000000,3230000000,3417000000,8497000000,,,
2913,2011,FISV,2011-12-31,3.31,3.28,8548000000,5290000000,3395000000,3258000000,8548000000,,,
2914,2024,FITB,2024-12-31,3.16,3.14,212927000000,193282000000,889000000,3804000000,212927000000,1176000000,1.44,
2915,2023,FITB,2023-12-31,3.23,3.22,214574000000,195402000000,1409000000,3757000000,214574000000,1060000000,1.36,
2916,2022,FITB,2022-12-31,3.38,3.35,207452000000,190125000000,118000000,,207452000000,927000000,1.26,
2917,2021,FITB,2021-12-31,3.78,3.73,211116000000,188906000000,263000000,,211116000000,897000000,1.14,
2918,2020,FITB,2020-12-31,1.84,1.83,204680000000,181569000000,656000000,,204680000000,858000000,1.08,
2919,2019,FITB,2019-12-31,3.38,3.33,169369000000,148166000000,1253000000,21203000000,169369000000,,0.94,
2920,2018,FITB,2018-12-31,3.11,3.06,146069000000,129819000000,14426000000,16250000000,146069000000,,0.74,
2921,2017,FITB,2017-12-31,2.88,2.83,142193000000,125808000000,14904000000,16365000000,142193000000,,0.6,
2922,2016,FITB,2016-12-31,1.95,1.93,142177000000,125945000000,14388000000,16205000000,142177000000,,0.53,
2923,2015,FITB,2015-12-31,2.03,2.01,141082000000,125212000000,15844000000,15839000000,141082000000,,0.52,
2924,2014,FITB,2014-12-31,1.68,1.66,138706000000,123041000000,14967000000,15626000000,138706000000,,0.51,
2925,2013,FITB,2013-12-31,2.05,2.02,130443000000,115817000000,9633000000,14589000000,130443000000,,0.47,
2926,2012,FITB,2012-12-31,1.69,1.66,121894000000,108130000000,7085000000,13716000000,121894000000,,0.36,
2927,2011,FITB,2011-12-31,1.20,1.18,116967000000,103716000000,9682000000,13201000000,21112000000,,0.28,
2928,2024,FLR,2024-12-31,12.48,12.30,1472000000,,,3949000000,9143000000,,,
2929,2023,FLR,2023-12-31,,,1053000000,,,1940000000,6973000000,,,
2930,2022,FLR,2022-12-31,,,967000000,,,1786000000,6827000000,,,
2931,2021,FLR,2021-12-31,-0.62,-0.62,1158000000,,,1392453000,7279563000,,16.25,19175000
2932,2020,FLR,2020-12-31,-3.10,-3.10,1004600000,703000000,,1030247000,7309812000,,0.10,14120000
2933,2019,FLR,2019-12-31,-10.87,-10.87,1139300000,727000000,,1487752000,7966658000,,0.73,-304000
2934,2018,FLR,2018-12-31,-0.13,-0.13,8913637000,,,2963181000,8913637000,,0.84,118716000
2935,2017,FLR,2017-12-31,0.43,0.43,9327692000,,,3342310000,9327692000,,0.84,118222000
2936,2016,FLR,2016-12-31,0.75,0.74,9216417000,,,3125191000,9216417000,,0.84,117995000
2937,2015,FLR,2015-12-31,0.98,0.96,7631506000,,,2997347000,7631506000,,0.84,122609000
2938,2014,FLR,2014-12-31,0.93,0.92,8194429000,,18324000,3110871000,8194429000,,0.84,132608000
2939,2013,FLR,2013-12-31,1.02,1.02,8323850000,,18398000,3756987000,8323850000,,0.64,104488000
2940,2012,FLR,2012-12-31,2.73,2.71,8276043000,,,3341295000,8276043000,,0.64,107522000
2941,2011,FLR,2011-12-31,3.44,3.40,8270276000,,,3395525000,8270276000,,0.50,86669000
2942,2024,FLS,2024-12-31,2.15,2.14,3042859000,,496118000,2007665000,5500821000,110440000,0.84,
2943,2023,FLS,2023-12-31,1.42,1.42,3191726000,,495521000,1936100000,5108719000,104955000,0.80,
2944,2022,FLS,2022-12-31,1.44,1.44,3110733000,,494945000,1824993000,4790634000,104549000,0.80,
2945,2021,FLS,2021-12-31,0.97,0.96,2927346000,,0,1804319000,4749768000,104604000,0.80,
2946,2020,FLS,2020-12-31,0.89,0.89,3039069000,,410243000,1732470000,5314677000,104159000,0.80,
2947,2019,FLS,2019-12-31,1.94,1.93,2974161000,,557847000,1790357000,4919642000,99557000,0.76,
2948,2018,FLS,2018-12-31,0.12,0.12,4616277000,,1483047000,1642315000,4616277000,99416000,0.76,
2949,2017,FLS,2017-12-31,0.15,0.15,4910474000,,1575257000,1654587000,4910474000,99233000,0.76,
2950,2016,FLS,2016-12-31,0.29,0.29,4742762000,,1570623000,1648234000,4742762000,97746000,0.19,
2951,2015,FLS,2015-12-31,0.21,0.20,5103850000,,1631270000,1666477000,5103850000,93650000,0.72,
2952,2014,FLS,2014-12-31,0.78,0.78,4968020000,3026177000,1154922000,1931562000,4968020000,85118000,0.64,
2953,2013,FLS,2013-12-31,3.43,3.41,5036733000,1363105000,370000000,1870379000,5036733000,76897000,0.56,
2954,2012,FLS,2012-12-31,8.58,8.51,4810958000,1263012000,395000000,1890219000,4810958000,73765000,1.44,
2955,2011,FLS,2011-12-31,7.72,7.64,4622614000,,505216000,2269813000,4622614000,69557000,1.28,
2956,2024,FMC,2024-12-31,2.73,2.72,11653300000,,3104000000,4487500000,11653300000,,2.32,
2957,2023,FMC,2023-12-31,10.55,10.53,11926200000,,49900000,4410900000,11926200000,,2.32,
2958,2022,FMC,2022-12-31,5.78,5.76,11079500000,,49900000,3286100000,11079500000,,2.17,
2959,2021,FMC,2021-12-31,5.72,5.70,10581300000,,49900000,3032500000,10581300000,,1.96,
2960,2020,FMC,2020-12-31,4.24,4.22,10186400000,,51600000,2961800000,10186400000,,1.80,
2961,2019,FMC,2019-12-31,3.64,3.62,9872700000,,51600000,2532300000,9872700000,,1.640,
2962,2018,FMC,2018-12-31,1.98,1.96,9974300000,,2565000000,3121100000,9974300000,,0.9,
2963,2017,FMC,2017-12-31,-0.93,-0.92,4000000,,3094200000,2681800000,9206300000,,0.66,
2964,2016,FMC,2016-12-31,0.36,0.36,6139300000,,1801200000,1957700000,6139300000,,0.66,
2965,2015,FMC,2015-12-31,-0.35,-0.35,6325900000,,2037800000,1865700000,6325900000,,0.66,
2966,2014,FMC,2014-12-31,0.49,0.49,5340500000,,1155400000,1530500000,5340500000,,0.6,
2967,2013,FMC,2013-12-31,2.16,2.16,5235200000,,174000000,1519800000,5235200000,,0.54,
2968,2012,FMC,2012-12-31,3.01,3.00,4373900000,,176700000,1480300000,4373900000,,0.405,
2969,2011,FMC,2011-12-31,5.13,5.10,3743500000,,0,1240600000,3743500000,,0.60,
2970,2024,FOSL,2024-12-28,-1.94,-1.94,763567000,,164800000,148703000,763567000,,,
2971,2023,FOSL,2023-12-30,-3.00,-3.00,266691000,,207500000,254232000,978030000,,,
2972,2022,FOSL,2022-12-31,-0.85,-0.85,343556000,,216400000,405932000,1238128000,,,
2973,2022,FOSL,2022-01-01,0.49,0.48,332822000,,150000000,463226000,1368719000,,,
2974,2021,FOSL,2021-01-02,-1.88,-1.88,319586000,,200000000,439090000,1478505000,,,
2975,2019,FOSL,2019-12-28,-1.04,-1.04,474428000,,20100000,503054000,1604732000,,,
2976,2018,FOSL,2018-12-29,-0.07,-0.07,1575198000,,392700000,585543000,1575198000,,,
2977,2017,FOSL,2017-12-30,-9.87,-9.87,1658372000,,441200000,576133000,1658372000,,,
2978,2016,FOSL,2016-12-31,4.52,4.51,2355661000,,801600000,921388000,2355661000,,,
2979,2016,FOSL,2016-01-02,4.52,4.51,2355661000,,801600000,921388000,2355661000,,,
2980,2015,FOSL,2015-01-03,7.12,7.10,2207552000,,623600000,977860000,2207552000,,,
2981,2013,FOSL,2013-12-28,1.22,6.56,535261000,,250000000,1068677000,2230414000,,,
2982,2012,FOSL,2012-12-29,0.94,0.93,1841989000,,75140000,1233535000,1841989000,,,
2983,2011,FOSL,2011-12-31,3.83,3.77,1467573000,,4513000,,1467573000,,,
2984,2011,FOSL,2011-01-01,3.83,3.77,1467573000,,4513000,,1467573000,,,
2985,2025,FOX,2025-06-30,4.97,4.91,2895000000,,6602000000,11962000000,23195000000,277000000,0.54,246000000
2986,2024,FOX,2024-06-30,3.14,3.13,2792000000,,7197000000,10714000000,21972000000,281000000,0.52,
2987,2023,FOX,2023-06-30,2.34,2.33,2658000000,,7210000000,10378000000,21866000000,299000000,0.50,
2988,2022,FOX,2022-06-30,2.13,2.11,2682000000,,7206000000,11339000000,22185000000,307000000,0.48,
2989,2021,FOX,2021-06-30,3.64,3.61,2577000000,,7951000000,11123000000,22926000000,330000000,0.46,
2990,2020,FOX,2020-06-30,1.63,1.62,2591000000,,7946000000,10094000000,21750000000,335000000,0.46,
2991,2019,FOX,2019-06-30,,,19509000000,,6751000000,9947000000,19509000000,188000000,0.23,
2992,2025,FOXA,2025-06-30,4.97,4.91,2895000000,,6602000000,11962000000,23195000000,277000000,0.54,246000000
2993,2024,FOXA,2024-06-30,3.14,3.13,2792000000,,7197000000,10714000000,21972000000,281000000,0.52,
2994,2023,FOXA,2023-06-30,2.34,2.33,2658000000,,7210000000,10378000000,21866000000,299000000,0.50,
2995,2022,FOXA,2022-06-30,2.13,2.11,2682000000,,7206000000,11339000000,22185000000,307000000,0.48,
2996,2021,FOXA,2021-06-30,3.64,3.61,2577000000,,7951000000,11123000000,22926000000,330000000,0.46,
2997,2020,FOXA,2020-06-30,1.63,1.62,2591000000,,7946000000,10094000000,21750000000,335000000,0.46,
2998,2019,FOXA,2019-06-30,,,19509000000,,6751000000,9947000000,19509000000,188000000,0.23,
2999,2024,FRT,2024-12-31,3.42,3.42,8524757000,5100327000,515844000,3171594000,8524757000,,4.38,
3000,2023,FRT,2023-12-31,2.80,2.80,8436512000,5210990000,519144000,2963509000,8436512000,,4.34,
3001,2022,FRT,2022-12-31,4.71,4.71,8233991000,5021606000,322317000,2954012000,8233991000,,4.30,
3002,2021,FRT,2021-12-31,3.26,3.26,7622320000,4745464000,341579000,2580602000,7622320000,,4.26,
3003,2020,FRT,2020-12-31,1.62,1.62,7607624000,4921157000,486035000,2464157000,7607624000,,4.22,
3004,2019,FRT,2019-12-31,4.61,4.61,6794992000,4019102000,547247000,2535341000,6794992000,,4.140,
3005,2018,FRT,2018-12-31,0.81,0.81,6289644000,3686106000,3173900000,2345891000,6289644000,,1.02,
3006,2017,FRT,2017-12-31,0.78,0.78,6275755000,3743084000,3231580000,2266706000,6275755000,,3.960,
3007,2016,FRT,2016-12-31,1.10,1.10,5423279000,3203750000,2740752000,1976733000,5423279000,,0.98,
3008,2015,FRT,2015-12-31,0.67,0.67,4911709000,2992462000,2559794000,1663749000,4911709000,,0.94,
3009,2014,FRT,2014-12-31,0.58,0.57,4546870000,2735261000,2339584000,1604401000,4546870000,,0.87,
3010,2013,FRT,2013-12-31,2.47,2.46,4219294000,2643572000,2248513000,1448160000,4219294000,,0.78,
3011,2012,FRT,2012-12-31,2.36,2.35,3898565000,2493552000,299575000,1286812000,3898565000,,2.840,
3012,2011,FRT,2011-12-31,2.29,2.28,3659908000,2333979000,1004200000,1216092000,3659908000,,2.720,
3013,2024,FSLR,2024-12-31,12.07,12.02,12124361000,4146784000,464550000,107000,12124361000,,,
3014,2023,FSLR,2023-12-31,7.78,7.74,10365132000,3677663000,500000000,107000,10365132000,,,
3015,2022,FSLR,2022-12-31,-0.41,-0.41,8251228000,2415173000,185000000,107000,8251228000,,,
3016,2021,FSLR,2021-12-31,4.41,4.38,7413746000,1454195000,246737000,106000,7413746000,,,
3017,2020,FSLR,2020-12-31,3.76,3.73,7108931000,1588003000,287149000,106000,7108931000,,,
3018,2019,FSLR,2019-12-31,-1.09,-1.09,7515689000,2418922000,482892000,105000,7515689000,,,
3019,2018,FSLR,2018-12-31,1.38,1.36,7121362000,1908959000,479157000,5212403000,7121362000,,,
3020,2017,FSLR,2017-12-31,-1.59,-1.59,6864501000,1765804000,406388000,5098697000,6864501000,,,
3021,2016,FSLR,2016-12-31,-3.48,-3.48,6867213000,1654526000,196691000,5212687000,6867213000,,,
3022,2015,FSLR,2015-12-31,5.42,5.37,7316331000,1767844000,299327000,5548487000,7316331000,,,
3023,2014,FSLR,2014-12-31,3.97,3.91,6724439000,1696952000,223954000,5027487000,6724439000,,,
3024,2013,FSLR,2013-12-31,3.77,3.70,6883502000,2380385000,223323000,2646022000,6883502000,,0.00,
3025,2012,FSLR,2012-12-31,-1.11,-1.11,6348692000,2743166000,562572000,10179000,6348692000,,0.00,
3026,2011,FSLR,2011-12-31,-0.46,-0.46,5777614000,2133751000,663648000,2022743000,5777614000,,0.00,
3027,2024,FSLR,2024-12-31,12.07,12.02,12124361000,4146784000,464550000,107000,12124361000,,,
3028,2023,FSLR,2023-12-31,7.78,7.74,10365132000,3677663000,500000000,107000,10365132000,,,
3029,2022,FSLR,2022-12-31,-0.41,-0.41,8251228000,2415173000,185000000,107000,8251228000,,,
3030,2021,FSLR,2021-12-31,4.41,4.38,7413746000,1454195000,246737000,106000,7413746000,,,
3031,2020,FSLR,2020-12-31,3.76,3.73,7108931000,1588003000,287149000,106000,7108931000,,,
3032,2019,FSLR,2019-12-31,-1.09,-1.09,7515689000,2418922000,482892000,105000,7515689000,,,
3033,2018,FSLR,2018-12-31,1.38,1.36,7121362000,1908959000,479157000,5212403000,7121362000,,,
3034,2017,FSLR,2017-12-31,-1.59,-1.59,6864501000,1765804000,406388000,5098697000,6864501000,,,
3035,2016,FSLR,2016-12-31,-3.48,-3.48,6867213000,1654526000,196691000,5212687000,6867213000,,,
3036,2015,FSLR,2015-12-31,5.42,5.37,7316331000,1767844000,299327000,5548487000,7316331000,,,
3037,2014,FSLR,2014-12-31,3.97,3.91,6724439000,1696952000,223954000,5027487000,6724439000,,,
3038,2013,FSLR,2013-12-31,3.77,3.70,6883502000,2380385000,223323000,2646022000,6883502000,,0.00,
3039,2012,FSLR,2012-12-31,-1.11,-1.11,6348692000,2743166000,562572000,10179000,6348692000,,0.00,
3040,2011,FSLR,2011-12-31,-0.46,-0.46,5777614000,2133751000,663648000,2022743000,5777614000,,0.00,
3041,2024,FTI,2024-12-31,1.96,1.91,6894000000,6730800000,885200000,3093800000,9869200000,85900000,0.20,
3042,2023,FTI,2023-12-31,0.13,0.12,6403400000,6484500000,1067300000,3136700000,9656600000,43500000,,
3043,2022,FTI,2022-12-31,-0.24,-0.24,6455100000,6167600000,1366600000,3240200000,9444300000,0,,
3044,2021,FTI,2021-12-31,0.03,0.03,6532500000,6601700000,2004900000,3402700000,10020100000,0,,
3045,2020,FTI,2020-12-31,-7.33,-7.33,6796600000,15434600000,3953900000,4154200000,19692600000,59200000,0.13,
3046,2019,FTI,2019-12-31,-5.39,-5.39,10824200000,15789600000,4475400000,7659300000,23518800000,232800000,0.52,
3047,2018,FTI,2018-12-31,0.20,0.20,24784500000,14315100000,4191700000,10399600000,24784500000,238100000,0.52,
3048,2017,FTI,2017-12-31,-0.04,-0.04,28263700000,,3855000000,13387900000,28263700000,60600000,,
3049,2016,FTI,2016-12-31,-11932.42,,74100,,,74100,74100,,,
3050,2024,FTNT,2024-12-31,2.28,2.26,9763100000,8269300000,,1493800000,9763100000,,,
3051,2023,FTNT,2023-12-31,1.47,1.46,7258900000,7722300000,,-463400000,7258900000,,,
3052,2022,FTNT,2022-12-31,1.08,1.06,6228000000,6509600000,,-281600000,6228000000,,,
3053,2021,FTNT,2021-12-31,3.72,3.63,5919100000,5120700000,,781700000,5919100000,,,
3054,2020,FTNT,2020-12-31,2.98,2.91,4044500000,3188500000,,200000,4044500000,,,
3055,2019,FTNT,2019-12-31,1.91,1.87,3885500000,2563600000,,200000,3885500000,,,
3056,2018,FTNT,2018-12-31,1.96,1.91,3078000000,2067800000,,1010200000,3078000000,,,
3057,2017,FTNT,2017-12-31,0.18,0.18,2257916000,1668539000,,589377000,2257916000,,,
3058,2016,FTNT,2016-12-31,0.01,0.01,2139941000,1302260000,,837681000,2139941000,,,
3059,2015,FTNT,2015-12-31,0.05,0.05,1790510000,1035133000,,755377000,1790510000,,,
3060,2014,FTNT,2014-12-31,0.15,0.15,1424774000,748808000,,675966000,1424774000,,,
3061,2013,FTNT,2013-12-31,0.27,0.26,1168464000,582704000,,585760000,1168464000,,,
3062,2012,FTNT,2012-12-31,0.42,0.40,975497000,464563000,,510934000,975497000,,,
3063,2011,FTNT,2011-12-31,,,,,,,,,,
3064,2024,FTV,2024-12-31,2.39,2.36,6320100000,,3707300000,10188600000,17016100000,111200000,,
3065,2023,FTV,2023-12-31,2.46,2.43,6550000000,,3646200000,10318900000,16911800000,,,
3066,2022,FTV,2022-12-31,2.12,2.10,6583100000,,3251300000,9683400000,15890600000,,,
3067,2021,FTV,2021-12-31,1.64,1.63,6769300000,,364900000,9512200000,16465500000,,,
3068,2020,FTV,2020-12-31,4.58,4.49,5662100000,,0,8964200000,16051500000,,,
3069,2019,FTV,2019-12-31,1.99,1.97,13005500000,,1100000000,7387000000.0,17439000000.0,,,
3070,2018,FTV,2018-12-31,8.33,8.21,8592600000,,663300000,6595500000,12905600000,96600000,,
3071,2017,FTV,2017-12-31,0.58,0.57,10500600000,,4056200000,3790300000,10500600000,97200000,,
3072,2016,FTV,2016-12-31,0.53,0.53,8189800000,,3358000000,2687900000,8189800000,3000000000,,
3073,2025,GD,2025-12-31,15.65,15.45,16815000000,,8074000000,482000000,57249000000,1593000000,,
3074,2024,GD,2024-12-31,13.81,13.63,16192000000,,8826000000,482000000,55880000000,1529000000,,
3075,2023,GD,2023-12-31,12.14,12.02,15099000000,,9340000000,482000000,54810000000,1428000000,,
3076,2022,GD,2022-12-31,12.31,12.19,12676000000,,10590000000,482000000,51585000000,1369000000,,
3077,2021,GD,2021-12-31,11.61,11.55,11748000000,,11606000000,482000000,50073000000,1315000000,,
3078,2020,GD,2020-12-31,11.04,11.00,12050000000,,13117000000,482000000,51308000000,1240000000,,
3079,2019,GD,2019-12-31,12.09,11.98,12324000000,,12005000000,482000000,30452000000,1152000000,,
3080,2018,GD,2018-12-31,11.33,11.18,45408000000,,12518000000,11732000000,45408000000,1075000000,,
3081,2017,GD,2017-12-31,9.73,9.56,35046000000,,4032000000,11435000000,35046000000,986000000,,
3082,2016,GD,2016-12-31,9.70,9.52,32872000000,,3924000000,10976000000,32872000000,911000000,,
3083,2015,GD,2015-12-31,9.23,9.08,31997000000,,3425000000,10738000000,31997000000,873000000,,
3084,2014,GD,2014-12-31,7.56,7.42,35355000000,,3911000000,11829000000,35355000000,822000000,,
3085,2013,GD,2013-12-31,6.72,6.67,35448000000,,3909000000,14501000000,35448000000,591000000,,
3086,2012,GD,2012-12-31,-0.94,-0.94,34309000000,,3909000000,11390000000,34309000000,893000000,,
3087,2011,GD,2011-12-31,6.94,6.87,34883000000,,,13232000000,34883000000,673000000,,
3088,2024,GDDY,2024-12-31,6.63,6.45,8235400000,,,,8235400000,,,
3089,2023,GDDY,2023-12-31,9.27,9.08,7564900000,,,62200000,7564900000,,,
3090,2022,GDDY,2022-12-31,2.22,2.19,6973500000,,,-331800000,6973500000,,,
3091,2021,GDDY,2021-12-31,1.44,1.42,7417100000,,,81700000,7417100000,,,
3092,2020,GDDY,2020-12-31,-2.94,-2.94,6432900000,,,-12900000,6432900000,,,
3093,2019,GDDY,2019-12-31,0.79,0.76,6301200000,,,772000000.0,6301200000,,,
3094,2018,GDDY,2018-12-31,0.02,0.02,6083400000,,,792700000,6083400000,,,
3095,2017,GDDY,2017-12-31,0.01,0.01,5738300000,,,486500000,5738300000,,,
3096,2016,GDDY,2016-12-31,-0.15,-0.15,3786900000,,,562500000,3786900000,18800000,,
3097,2015,GDDY,2015-12-31,,,3498800000,,,425800000,3498800000,800000,,
3098,2025,GE,2025-12-31,8.20,8.14,130169000000,111271000000,20469000000,18677000000,130169000000,,1.44,
3099,2024,GE,2024-12-31,6.04,5.99,123140000000,103576000000,19273000000,19342000000,123140000000,,1.12,
3100,2023,GE,2023-12-31,8.44,8.36,163045000000,134466000000,20862000000,27378000000,163045000000,,0.32,
3101,2022,GE,2022-12-31,-0.06,-0.05,187788000000,150206000000,,36366000000,187788000000,,0.32,
3102,2021,GE,2021-12-31,-6.16,-6.16,198874000000,157262000000,,40310000000,198874000000,,0.32,
3103,2020,GE,2020-12-31,0.58,0.58,253452000000,216378000000,22390000000,20006000000,253452000000,,0.04,
3104,2019,GE,2019-12-31,-0.62,-0.62,186100000000,156379000000,31368000000,28316000000,186100000000,,0.04,0
3105,2018,GE,2018-12-31,-0.14,-0.14,309129000000,257266000000,36262000000,30981000000,309129000000,,0.12,0
3106,2017,GE,2017-12-31,0.07,0.07,377945000000,292561000000,,64263000000,377945000000,,0.84,
3107,2016,GE,2016-12-31,0.22,0.89,-1187000000,17030000000,,171000000,977255000000,,0.93,
3108,2015,GE,2015-12-31,0.64,0.64,323562000000,389582000000,14900000000,98274000000,492692000000,,0.92,
3109,2015,GE,2015-02-27,,,,,,,,,,
3110,2013,GE,2013-12-31,1.28,1.27,98658000000,66535000000,,130566000000,656560000000,,0.79,
3111,2012,GE,2012-12-31,1.29,1.29,173000000000,107520000000,,123026000000,685328000000,,0.70,
3112,2011,GE,2011-12-31,1.24,1.23,717242000000,599108000000,,116438000000,717242000000,,0.61,
3113,2024,GEHC,2024-12-31,4.37,4.34,33089000000,24437000000,8951000000,8446000000,33089000000,55000000,0.125,
3114,2023,GEHC,2023-12-31,3.05,3.03,32454000000,25144000000,9442000000,7133000000,32454000000,41000000,0.12,
3115,2022,GEHC,2022-12-31,,,,,,,,,,
3116,2025,GEN,2025-03-28,1.04,1.03,15495000000,13226000000,8259000000,2066000000,15495000000,313000000,0.50,
3117,2024,GEN,2024-03-29,0.97,0.96,15772000000,13575000000,8604000000,2227000000,15772000000,323000000,0.50,
3118,2023,GEN,2023-03-31,2.20,2.16,15947000000,13747000000,9762000000,2800000000,15947000000,314000000,0.50,
3119,2022,GEN,2022-04-01,1.44,1.41,6943000000,7036000000,3736000000,1851000000,6943000000,303000000,0.50,
3120,2021,GEN,2021-04-02,0.94,0.92,6361000000,6861000000,3601000000,2229000000,6361000000,373000000,0.50,
3121,2020,GEN,2020-04-03,6.32,6.05,7735000000,7725000000,4221000000,3356000000,7735000000,7481000000,12.40,
3122,2019,GEN,2019-03-29,0.05,0.05,15938000000,10200000000,4452000000,5738000000,15938000000,217000000,0.075,
3123,2018,GEN,2018-03-30,1.85,1.70,15759000000,10736000000,5026000000,5023000000,15759000000,211000000,0.075,
3124,2017,GEN,2017-03-31,-0.17,-0.17,18174000000,14687000000,8186000000,3487000000,18174000000,222000000,0.075,
3125,2016,GEN,2016-04-01,3.71,3.71,11767000000,8091000000,2207000000,3676000000,11767000000,3030000000,0.075,
3126,2015,GEN,2015-04-03,1.27,1.26,13233000000,7298000000,2096000000,3000000,13233000000,413000000,0.15,
3127,2014,GEN,2014-03-28,1.29,1.28,13539000000,7742000000,2100000000,5797000000,13539000000,418000000,0.60,
3128,2013,GEN,2013-03-29,1.09,1.08,14379000000,8958000000,3100000000,5421000000,14379000000,,,
3129,2012,GEN,2012-03-30,1.58,1.57,13020000000,7848000000,,5094000000,13020000000,,,
3130,2011,GEN,2011-04-01,0.77,0.76,12719000000,8114000000,,4528000000,12719000000,,,
3131,2025,GEV,2025-12-31,17.92,17.69,13363000000,50720000000,,11178000000,63016000000,275000000,1.25,341000000
3132,2024,GEV,2024-12-31,5.65,5.58,19941000000,40892000000,,9546000000,51485000000,,0.25,70000000
3133,2024,GHC,2024-12-31,164.62,163.40,7677205000,3346569000,,4256661000,7677205000,,6.88,30347000
3134,2023,GHC,2023-12-31,43.96,43.82,1557413000,3161677000,,3975737000,7187730000,,6.60,30953000
3135,2022,GHC,2022-12-31,13.83,13.79,1993261000,2807727000,,3731383000,6582215000,,6.32,30712000
3136,2021,GHC,2021-12-31,70.65,70.45,2067958000,2999545000,,4399583000,7425525000,,6.04,30136000
3137,2020,GHC,2020-12-31,58.30,58.13,6444119000,2665798000,,3759302000,6444119000,,5.80,29970000
3138,2019,GHC,2019-12-31,61.70,61.21,5931236000,2598785000,,3319239000,5931236000,,5.56,29553000
3139,2018,GHC,2018-12-31,7.84,7.78,4764041000,1842913000,,,4764041000,,5.32,28617000
3140,2017,GHC,2017-12-31,3.77,3.75,4937823000,2018071000,,,4937823000,,5.08,28329000
3141,2016,GHC,2016-12-31,6.63,6.59,4432670000,1979679000,,,4432670000,,4.84,27325000
3142,2015,GHC,2015-12-31,3.51,3.48,4352951000,1836296000,,2490698000,4352951000,,9.1,53090000
3143,2014,GHC,2014-12-31,17.85,17.79,5752319000,2579130000,,3140299000,5752319000,,10.20,67267000
3144,2013,GHC,2013-12-31,32.10,32.05,5811046000,2494197000,,3300067000,5811046000,,,
3145,2012,GHC,2012-12-31,17.39,17.39,5105069000,2495100000,,2586028000,5105069000,,9.80,146432000
3146,2011,GHC,2011-12-31,14.70,14.70,5016986000,2397055000,,,5016986000,,9.40,-81168000
3147,2011,GHC,2011-01-02,31.06,31.04,5158367000,2325744000,,2814364000,5158367000,,,
3148,2024,GILD,2024-12-31,0.38,0.38,58995000000,,0,19330000000,58995000000,3918000000,3.08,
3149,2023,GILD,2023-12-31,4.54,4.50,62125000000,,0,22833000000,62125000000,3809000000,3.00,
3150,2022,GILD,2022-12-31,3.66,3.64,63171000000,,0,21240000000,63171000000,3709000000,0.73,
3151,2021,GILD,2021-12-31,4.96,4.93,67952000000,,0,21069000000,67952000000,3605000000,0.71,
3152,2020,GILD,2020-12-31,0.10,0.10,68407000000,,0,18202000000,68407000000,3449000000,0.68,
3153,2019,GILD,2019-12-31,4.24,2.40,61627000000,,0,22525000000,61627000000,3222000000,0.63,
3154,2018,GILD,2018-12-31,1.18,1.17,63675000000,,750000000,21387000000,63675000000,2971000000,0.57,
3155,2017,GILD,2017-12-31,2.07,2.05,70283000000,,,20442000000,70283000000,2731000000,0.52,
3156,2016,GILD,2016-12-31,2.58,2.53,56977000000,,311000000,18887000000,56977000000,2455000000,0.43,
3157,2015,GILD,2015-12-31,2.91,2.76,51839000000,,22178000000,18534000000,51839000000,1874000000,0.43,
3158,2014,GILD,2014-12-31,1.45,1.33,34664000000,,12404000000,15426000000,34664000000,,,
3159,2013,GILD,2013-12-31,2.01,1.81,22496785000,,6635678000,11369067000,22496785000,,,
3160,2012,GILD,2012-12-31,1.71,1.64,21239838000,,8223988000,9309739000,21239838000,,,
3161,2011,GILD,2011-12-31,0.82,0.80,17303134000,,,6738856000,17303134000,,,
3162,2025,GIS,2025-05-25,4.12,4.10,33071100000,23859900000,,9199200000,33071100000,1338700000,2.40,
3163,2024,GIS,2024-05-26,4.34,4.31,31469900000,21821400000,,9396700000,31469900000,1363400000,2.36,
3164,2023,GIS,2023-05-28,4.36,4.31,31451700000,20751700000,,10449600000,31451700000,1287900000,2.16,
3165,2022,GIS,2022-05-29,4.46,4.42,31090100000,20302100000,,10542400000,31090100000,1244500000,2.04,
3166,2021,GIS,2021-05-30,3.81,3.78,31841900000,21463800000,,9470400000,31841900000,1246400000,2.02,
3167,2020,GIS,2020-05-31,3.59,3.56,30806700000,21912600000,,8058500000,30806700000,1195800000,1.96,
3168,2019,GIS,2019-05-26,2.92,2.9,30111200000,22191800000,,7054500000,30111200000,1181700000,1.96,
3169,2018,GIS,2018-05-27,3.69,3.64,30624000000,23355400000,,6141100000,30624000000,1139700000,1.96,
3170,2017,GIS,2017-05-28,2.82,2.77,21812600000,16216200000,,4327900000,21812600000,1135100000,1.92,
3171,2016,GIS,2016-05-29,2.83,2.77,21712300000,15559600000,,4930200000,21712300000,1071700000,1.78,
3172,2015,GIS,2015-05-31,2.02,1.97,21964500000,15792900000,,4996700000,,1017700000,1.67,
3173,2014,GIS,2014-05-25,2.90,2.83,23145700000,15156200000,,6534800000,,983300000,1.17,
3174,2013,GIS,2013-05-26,2.86,2.79,22658000000,14562000000,,6672200000,,867600000,1.70,
3175,2012,GIS,2012-05-27,2.42,2.35,21096800000,13366300000,,6421700000,,800100000,,
3176,2011,GIS,2011-05-29,2.80,2.70,18674500000,12062300000,6573800000,6365500000,18674500000,729400000,,
3177,2024,GL,2024-12-31,11.99,11.94,29076181000,23770661000,150000000,0,29076181000,85485000,0.96,84539000
3178,2023,GL,2023-12-31,10.21,10.07,5581384000,23076038000,1629559000,0,28051499000,84116000,0.90,85139000
3179,2022,GL,2022-12-31,7.55,7.47,4827186000,20641298000,1793452000,0,25537159000,80547000,0.83,80956000
3180,2021,GL,2021-12-31,7.30,7.22,4546010000,21125242000,1696246000,0,29768048000,80043000,0.79,80247000
3181,2020,GL,2020-12-31,6.90,6.82,4291767000,20275639000,164954000,0,29046731000,78192000,,79067000
3182,2019,GL,2019-12-31,6.97,6.83,4078406000,18683153000,164713000,0,25977460000,74188000,0.69,75060000
3183,2018,GL,2018-12-31,1.52,1.49,23095722000,17680545000,1364060000,5415177000,23095722000,71421000,0.64,71941000
3184,2017,GL,2017-12-31,1.13,1.11,23474985000,17243564000,1136576000,6231421000,23474985000,68831000,0.6,69494000
3185,2016,GL,2016-12-31,1.02,1.01,21436087000,16869226000,1135040000,4566861000,21436087000,66931000,0.56,66968000
3186,2015,GL,2015-12-31,0.96,0.95,19853213000,15797661000,743733000,4055552000,19853213000,66899000,0.54,67182000
3187,2014,GL,2014-12-31,4.15,4.09,20214730000,15517264000,992130000,4697466000,20214730000,65006000,0.51,65998000
3188,2013,GL,2013-12-31,5.76,5.68,18191744000,14415402000,990865000,3776342000,18191744000,60911000,0.68,61991000
3189,2012,GL,2012-12-31,5.48,5.41,18776910000,14415124000,989686000,4361786000,18776910000,55527000,0.60,57592000
3190,2011,GL,2011-12-31,0.90,0.89,17156391000,12927483000,,4228908000,17156391000,49125000,0.46,49815000
3191,2024,GLW,2024-12-31,0.59,0.58,15151000000,16665000000,156000000,10686000000,27735000000,,1.12,
3192,2023,GLW,2023-12-31,0.69,0.68,16271000000,16632000000,149000000,11551000000,28500000000,,1.12,
3193,2022,GLW,2022-12-31,1.56,1.54,16741000000,17224000000,45000000,12008000000,29499000000,,1.08,
3194,2021,GLW,2021-12-31,1.30,1.28,16930000000,17609000000,,12333000000,30154000000,,0.96,
3195,2020,GLW,2020-12-31,0.54,0.54,16865000000,17327000000,63000000,13257000000,30775000000,,0.88,
3196,2019,GLW,2019-12-31,1.11,1.07,16998000000,15901000000,64000000,12907000000,28898000000,,0.18,
3197,2018,GLW,2018-12-31,-0.72,-0.72,27505000000,13619000000,226000000,13792000000,27505000000,,0.72,
3198,2017,GLW,2017-12-31,0.07,0.07,27494000000,11724000000,375000000,15698000000,27494000000,,0.62,
3199,2016,GLW,2016-12-31,3.53,3.23,27899000000,9939000000,,17893000000,27899000000,,0.54,
3200,2015,GLW,2015-12-31,1.02,1.00,28547000000,9684000000,64000000,18788000000,28547000000,,0.36,
3201,2014,GLW,2014-12-31,1.82,1.73,30063000000,8411000000,66000000,21579000000,30063000000,,0.52,
3202,2013,GLW,2013-12-31,1.35,1.34,28478000000,7267000000,67000000,21162000000,28478000000,,0.39,
3203,2012,GLW,2012-12-31,1.16,1.15,29375000000,7842000000,3458000000,21486000000,29375000000,,0.32,
3204,2011,GLW,2011-12-31,1.80,1.77,27848000000,6719000000,2391000000,21078000000,27848000000,,0.23,
3205,2025,GM,2025-12-31,3.33,3.27,18663000000,218116000000,164000000,61119000000,281284000000,657000000,0.57,1500000000
3206,2024,GM,2024-12-31,6.45,6.37,17721000000,214171000000,,63072000000,279761000000,653000000,0.48,1800000000
3207,2023,GM,2023-12-31,7.35,7.32,27548000000,204757000000,,64286000000,273064000000,597000000,0.36,1800000000
3208,2022,GM,2022-12-31,6.17,6.13,30163000000,191752000000,,67792000000,264037000000,397000000,0.18,1700000000
3209,2021,GM,2021-12-31,6.78,6.70,32124000000,178903000000,,59744000000,244718000000,186000000,,3500000000
3210,2020,GM,2020-12-31,4.36,4.33,32479000000,185517000000,,45030000000,235194000000,669000000,0.38,800000000
3211,2019,GM,2019-12-31,4.62,4.57,109290000000,182080000000,,41792000000,228037000000,2350000000,1.52,400000000
3212,2018,GM,2018-12-31,5.61,5.53,227339000000,184562000000,,38860000000,227339000000,2242000000,1.52,375000000
3213,2017,GM,2017-12-31,-2.65,-2.60,212482000000,176282000000,,35001000000,212482000000,2233000000,1.52,
3214,2016,GM,2016-12-31,1.26,1.24,221690000000,177615000000,,43836000000,221690000000,2368000000,1.52,
3215,2015,GM,2015-12-31,0.58,0.56,194520000000,154197000000,,39871000000,194520000000,,1.38,2174000000
3216,2014,GM,2014-12-31,0.08,0.06,177677000000,141653000000,,35457000000,177677000000,,,1928000000
3217,2013,GM,2013-12-31,2.71,2.38,166344000000,123170000000,,42607000000,166344000000,1687000000,,
3218,2012,GM,2012-12-31,3.10,2.92,149422000000,112422000000,,36244000000,149422000000,939000000,,
3219,2011,GM,2011-12-31,4.94,4.58,13043000000,105612000000,,38120000000,144603000000,,,
3220,2025,GME,2025-02-01,0.33,0.33,5875400000,945600000,16900000,,5875400000,,,
3221,2024,GME,2024-02-03,0.02,0.02,2709000000,1370400000,28500000,,2709000000,,,
3222,2023,GME,2023-01-28,-1.03,-1.03,3113400000,1791100000,39500000,,3113400000,0,,
3223,2022,GME,2022-01-29,-5.25,-5.25,3499300000,1896800000,44600000,,3499300000,0,,
3224,2021,GME,2021-01-30,-3.31,-3.31,2472600000,2035900000,73100000,,2472600000,300000,0.00,
3225,2020,GME,2020-02-01,-5.38,-5.38,2819700000,2208200000,419800000,,2819700000,40500000,0.38,
3226,2019,GME,2019-02-02,-1.84,-1.84,4044300000,2708100000,820800000,,4044300000,157400000,0.38,
3227,2018,GME,2018-02-03,-1.04,-1.04,5041600000,2827100000,817900000,,5041600000,155200000,0.38,
3228,2017,GME,2017-01-28,2.04,2.04,4975900000,2721800000,815000000,,4975900000,155500000,0.37,
3229,2016,GME,2016-01-30,2.38,2.36,4334900000,2253900000,,,4334900000,154100000,1.44,
3230,2015,GME,2015-01-31,2.25,2.23,4246300000,2178600000,,,4246300000,148800000,1.32,
3231,2014,GME,2014-02-01,3.02,2.99,4091400000,1840000000,,,4091400000,130900000,1.10,
3232,2013,GME,2013-02-02,-2.13,-2.13,4133600000,1847300000,,2286300000,4133600000,102000000,0.275,
3233,2012,GME,2012-01-28,2.43,2.41,4847400000,1807200000,,3042100000,4847400000,,0.15,
3234,2011,GME,2011-01-29,2.69,2.65,5063800000,2167900000,,2897300000,5063800000,,,
3235,2024,GNRC,2024-12-31,5.46,5.39,3873904000,2611888000,710715000,2494278000,5109331000,,,
3236,2023,GNRC,2023-12-31,3.31,3.27,3770883000,2743693000,524946000,2340252000,5093312000,,,
3237,2022,GNRC,2022-12-31,5.55,5.42,4032086000,2799736000,523305000,2257381000,5169462000,,,
3238,2021,GNRC,2021-12-31,8.51,8.30,3742101000,2605643000,768119000,2213774000,4877780000,,,
3239,2020,GNRC,2020-12-31,5.61,5.48,2659597000,1779012000,815260000,1390293000,3235423000,,,
3240,2019,GNRC,2019-12-31,4.09,4.03,2123251000,1571591000,812953000,1032382000,2665669000,,,
3241,2018,GNRC,2018-12-31,0.42,0.42,2426314000,1604049000,857851000,760549000,2426314000,,,
3242,2017,GNRC,2017-12-31,0.22,0.21,2019964000,1416204000,902959000,559552000,2019964000,,,
3243,2016,GNRC,2016-12-31,0.15,0.15,1861684000,1427434000,903673000,401122000,1861684000,,,
3244,2015,GNRC,2015-12-31,0.29,0.28,1792816000,1326945000,937060000,465871000,1792816000,,,
3245,2014,GNRC,2014-12-31,2.55,2.49,1882542000,1392743000,1080599000,489799000,1882542000,,0,
3246,2013,GNRC,2013-12-31,2.56,2.51,1798205000,1481134000,1197000000,317071000,1798205000,,5.00,
3247,2012,GNRC,2012-12-31,1.38,1.35,1603847000,1140219000,0,463628000,1603847000,,6.00,
3248,2011,GNRC,2011-12-31,4.84,4.79,1552793000,783904000,,768889000,1552793000,,,
3249,2024,GNW,2024-12-31,0.69,0.68,86871000000,77440000000,775000000,8494000000,86871000000,91000000,,
3250,2023,GNW,2023-12-31,0.16,0.16,2667000000,82482000000,839000000,7480000000,90817000000,174000000,,
3251,2022,GNW,2022-12-31,1.21,1.19,2230000000,75703000000,868000000,9984000000,86442000000,251000000,,
3252,2021,GNW,2021-12-31,1.78,1.76,1829000000,82905000000,1159000000,15510000000,99171000000,,,
3253,2020,GNW,2020-12-31,0.35,0.35,1018000000,89927000000,2665000000,15318000000,105747000000,,,
3254,2019,GNW,2019-12-31,0.68,0.67,47000000,30000000,3137000000,14185000000,14215000000,,,
3255,2018,GNW,2018-12-31,0.24,0.24,62000000,149000000,3567000000,12450000000,12599000000,,,
3256,2017,GNW,2017-12-31,1.64,1.63,105297000000,89969000000,4224000000,13418000000,105297000000,,,
3257,2016,GNW,2016-12-31,-0.56,-0.56,104658000000,90191000000,4180000000,12644000000,104658000000,,,
3258,2015,GNW,2015-12-31,-1.24,-1.24,106431000000,91794000000,4570000000,12824000000,106431000000,,,
3259,2014,GNW,2014-12-31,-2.51,-2.51,111358000000,94561000000,4639000000,14923000000,111358000000,,,
3260,2013,GNW,2013-12-31,1.13,1.12,108045000000,92425000000,5161000000,14393000000,108045000000,,,
3261,2012,GNW,2012-12-31,0.66,0.65,113312000000,95487000000,4776000000,16537000000,113312000000,,,
3262,2011,GNW,2011-12-31,0.17,0.17,114302000000,96637000000,4726000000,16541000000,114302000000,,,
3263,2024,GOOG,2024-12-31,8.13,8.05,450256000000,125172000000,12000000000,84800000000,450256000000,7363000000,0.60,
3264,2023,GOOG,2023-12-31,5.84,5.80,402392000000,119013000000,14862000000,76534000000,402392000000,,,
3265,2022,GOOG,2022-12-31,4.59,4.56,365264000000,109120000000,15312000000,68184000000,365264000000,,,
3266,2021,GOOG,2021-12-31,113.88,112.20,359268000000,107633000000,15440000000,61774000000,359268000000,,,
3267,2020,GOOG,2020-12-31,59.15,58.61,319616000000,97072000000,15319000000,58510000000,319616000000,,,
3268,2019,GOOG,2019-12-31,49.59,49.16,275909000000,74467000000,4685000000,50552000000,275909000000,,,
3269,2018,GOOG,2018-12-31,44.22,43.70,232792000000,55164000000,4062000000,177628000000,232792000000,,,
3270,2017,GOOG,2017-12-31,18.27,18.00,197295000000,44793000000,4026000000,152502000000,197295000000,0,,
3271,2016,GOOG,2016-12-31,28.32,27.85,167497000000,28461000000,4000000000,139036000000,167497000000,0,,
3272,2015,GOOG,2015-12-31,24.63,24.34,147461000000,,3225000000,120331000000,147461000000,47000000,,
3273,2024,GOOGL,2024-12-31,8.13,8.05,450256000000,125172000000,12000000000,84800000000,450256000000,7363000000,0.60,
3274,2023,GOOGL,2023-12-31,5.84,5.80,402392000000,119013000000,14862000000,76534000000,402392000000,,,
3275,2022,GOOGL,2022-12-31,4.59,4.56,365264000000,109120000000,15312000000,68184000000,365264000000,,,
3276,2021,GOOGL,2021-12-31,113.88,112.20,359268000000,107633000000,15440000000,61774000000,359268000000,,,
3277,2020,GOOGL,2020-12-31,59.15,58.61,319616000000,97072000000,15319000000,58510000000,319616000000,,,
3278,2019,GOOGL,2019-12-31,49.59,49.16,275909000000,74467000000,4685000000,50552000000,275909000000,,,
3279,2018,GOOGL,2018-12-31,44.22,43.70,232792000000,55164000000,4062000000,177628000000,232792000000,,,
3280,2017,GOOGL,2017-12-31,18.27,18.00,197295000000,44793000000,4026000000,152502000000,197295000000,0,,
3281,2016,GOOGL,2016-12-31,28.32,27.85,167497000000,28461000000,4000000000,139036000000,167497000000,0,,
3282,2015,GOOGL,2015-12-31,24.63,24.34,147461000000,,3225000000,120331000000,147461000000,47000000,,
3283,2024,GPC,2024-12-31,6.49,6.47,10843729000,,4284345000,4337407000,19282705000,554931000,4.00,
3284,2023,GPC,2023-12-31,9.38,9.33,9845644000,,3906228000,4401047000,17968454000,526674000,3.80,
3285,2022,GPC,2022-12-31,8.36,8.31,8755363000,,3328823000,3790363000,16495379000,495917000,3.58,
3286,2021,GPC,2021-12-31,6.27,6.23,8981913000,,2409363000,3490742000,14352102000,465649000,3.26,
3287,2020,GPC,2020-12-31,-0.20,-0.20,7858334000,,2677145000,3204796000,13440215000,453277000,3.16,
3288,2019,GPC,2019-12-31,4.26,4.24,7376571000,,3426099000,3674707000,14645629000,438890000,3.05,
3289,2018,GPC,2018-12-31,5.53,5.50,12683040000,,3143280000,3450451000,12683040000,415983000,2.88,
3290,2017,GPC,2017-12-31,4.19,0.07,12412381000,,3245009000,3412152000,12412381000,395475000,2.70,
3291,2016,GPC,2016-12-31,4.61,4.59,8859400000,,875000000,3193728000,8859400000,386863000,2.63,
3292,2015,GPC,2015-12-31,4.65,4.63,8144771000,,625000000,3146567000,8144771000,368284000,2.46,
3293,2014,GPC,2014-12-31,4.64,4.61,8246238000,,765466000,3301248000,8246238000,347271000,2.30,
3294,2013,GPC,2013-12-31,4.43,4.40,7680297000,,764658000,3349074000,7680297000,326217000,2.15,
3295,2012,GPC,2012-12-31,4.17,4.14,6807061000,,500000000,2997887000,6807061000,300983000,1.98,
3296,2011,GPC,2011-12-31,3.61,3.58,5879591000,,500000000,2783235000,5879591000,276369000,1.80,
3297,2024,GPN,2024-12-31,6.18,6.16,46890255000,23873688000,16326073000,22280686000,46890255000,,1.00,
3298,2023,GPN,2023-12-31,3.78,3.77,50570186000,26782671000,16368080000,22999210000,50570186000,,,
3299,2022,GPN,2022-12-31,0.41,0.40,44809014000,22268804000,13496885000,22303506000,44809014000,,,
3300,2021,GPN,2021-12-31,3.30,3.29,45279713000,19410296000,11408600000,25628201000,45279713000,,,
3301,2020,GPN,2020-12-31,1.95,1.95,44201545000,16714501000,7100000000,27332370000,44201545000,,,
3302,2019,GPN,2019-12-31,2.17,2.16,44480162000,16425173000,9125501000,27855747000,44480162000,23240000,,
3303,2018,GPN,2018-12-31,0.57,0.57,13230774000,9044431000,5130243000,3991407000,13230774000,,0.01,
3304,2017,GPN,2017-12-31,0.32,0.32,12998069000,9032838000,4659716000,3794527000,12998069000,,0.01,
3305,2016,GPN,2016-05-31,0.53,0.53,10509952000,7632548000,4515286000,2746476000,10509952000,,0.01,
3306,2015,GPN,2015-05-31,0.94,0.93,5793548000,4929995000,508125000,757976000,5793548000,,,
3307,2014,GPN,2014-05-31,3.40,3.37,4018650000,2885851000,140000000,997227000,4018650000,,,
3308,2013,GPN,2013-05-31,2.78,2.76,3125056000,1838449000,647500000,1146085000,3125056000,,,
3309,2012,GPN,2012-05-31,2.39,2.37,2688143000,1242800000,528376000,1172184000,2688143000,,,
3310,2011,GPN,2011-05-31,2.62,2.60,3350531000,1878856000,,1184535000,3350531000,6388000,,
3311,2024,GRMN,2024-12-28,7.35,7.3,9630527000,,,19490000,9630527000,572355000,0.75,
3312,2023,GRMN,2023-12-30,6.74,6.71,8603569000,,,19588000,8603569000,558769000,0.73,
3313,2022,GRMN,2022-12-31,5.06,5.04,7731170000,,,17979000,7731170000,679096000,0.73,
3314,2021,GRMN,2021-12-25,5.63,5.61,7854427000,,,17979000,7854427000,491457000,2.68,
3315,2020,GRMN,2020-12-26,5.19,5.17,7031373000,,,17979000,7031373000,450631000,2.44,
3316,2019,GRMN,2019-12-28,5.01,4.99,6166799000,,,17979000,6166799000,417264000,,
3317,2018,GRMN,2018-12-29,3.68,3.66,5382858000,,,4162974000,5382858000,296148000,,
3318,2017,GRMN,2017-12-30,3.70,3.68,5010260000,,,3802466000,5010260000,382976000,,
3319,2016,GRMN,2016-12-31,2.71,2.70,4525133000,,,3418003000,4525133000,481452000,,
3320,2015,GRMN,2015-12-26,2.39,2.39,4499391000,,,3345126000,4499391000,378117000,,
3321,2014,GRMN,2014-12-27,1.89,1.88,4693303000,,,3403367000,4693303000,360075000,1.92,
3322,2013,GRMN,2013-12-28,3.13,3.12,4879603000,,,3659706000,4879603000,351707000,1.80,
3323,2012,GRMN,2012-12-29,2.78,2.76,4819124000,,,3531796000,4819124000,253386000,1.80,
3324,2011,GRMN,2011-12-31,2.68,2.67,4471338000,,,3256581000,4471338000,310763000,2.00,
3325,2024,GS,2024-12-31,41.07,40.54,1675972000000,1553976000000,,13253000000,1675972000000,4497000000,11.50,3801000000
3326,2023,GS,2023-12-31,23.05,22.87,1641594000000,1524689000000,,11203000000,1641594000000,4189000000,10.50,3591000000
3327,2022,GS,2022-12-31,30.42,30.06,1441799000000,1324610000000,,10703000000,1441799000000,3682000000,9.00,
3328,2021,GS,2021-12-31,60.25,59.45,1463988000000,1354062000000,,10703000000,1463988000000,2725000000,6.50,
3329,2020,GS,2020-12-31,24.94,24.74,1163028000000,1067096000000,,11203000000,1163028000000,2336000000,5.00,
3330,2019,GS,2019-12-31,21.18,21.03,992968000000,902703000000,,11203000000,992968000000,2104000000,4.15,
3331,2018,GS,2018-12-31,25.53,25.27,931796000000,841611000000,,90185000000,931796000000,1810000000,3.15,
3332,2017,GS,2017-12-31,9.12,9.01,916776000000,834533000000,,82243000000,916776000000,1769000000,2.90,
3333,2016,GS,2016-12-31,16.53,16.29,860165000000,773272000000,,86893000000,860165000000,1706000000,2.60,
3334,2015,GS,2015-12-31,12.35,12.14,861395000000,774667000000,,86728000000,861395000000,1681000000,2.55,
3335,2014,GS,2014-12-31,17.55,17.07,856240000000,773443000000,,82797000000,856240000000,1454000000,2.25,
3336,2013,GS,2013-12-31,16.34,15.46,911507000000,833040000000,,78467000000,911507000000,1302000000,,
3337,2012,GS,2012-12-31,14.63,14.13,938555000000,862839000000,,75716000000,938555000000,1086000000,,
3338,2011,GS,2011-12-31,4.71,4.51,923225000000,852846000000,,70379000000,923225000000,2771000000,,
3339,2024,GT,2024-12-31,0.24,0.24,11406000000,16058000000,6963000000,4756000000,20964000000,,0,
3340,2023,GT,2023-12-31,-2.42,-2.42,11647000000,16745000000,7012000000,4668000000,21582000000,,0,
3341,2022,GT,2022-12-31,0.71,0.71,12171000000,16965000000,7240000000,5300000000,22431000000,,0,
3342,2021,GT,2021-12-31,2.92,2.89,10874000000,16218000000,6736000000,4999000000,21402000000,,0,
3343,2020,GT,2020-12-31,-5.35,-5.35,6666000000,13247000000,5334000000,3078000000,16506000000,,0.16,
3344,2019,GT,2019-12-31,-1.33,-1.33,7606000000,9003000000,5066000000,4351000000,13354000000,,0.64,
3345,2018,GT,2018-12-31,2.92,2.89,16872000000,11802000000,5316000000,4864000000,16872000000,,0.58,
3346,2017,GT,2017-12-31,1.39,1.37,17064000000,12214000000,5427000000,4603000000,17064000000,,0.44,
3347,2016,GT,2016-12-31,4.81,4.74,16511000000,11786000000,5193000000,4507000000,16511000000,,0.31,
3348,2015,GT,2015-12-31,1.14,1.12,16439000000,12297000000,5659000000,3920000000,16439000000,,0.25,
3349,2014,GT,2014-12-31,9.13,8.78,18109000000,13682000000,6305000000,3610000000,18109000000,,0.06,
3350,2013,GT,2013-12-31,2.44,2.28,17527000000,15082000000,700000000,1606000000,17527000000,,0.05,
3351,2012,GT,2012-12-31,0.75,0.74,16973000000,15814000000,135000000,370000000,16973000000,,,
3352,2011,GT,2011-12-31,1.32,1.26,17629000000,16005000000,75000000,749000000,17629000000,,,
3353,2024,GWW,2024-12-31,38.84,38.71,8829000000,,2778000000,3358000000,8829000000,,,
3354,2023,GWW,2023-12-31,36.39,36.23,8147000000,,,3115000000,8147000000,,,
3355,2022,GWW,2022-12-31,30.22,30.06,7588000000,,,2440000000,7588000000,,,
3356,2021,GWW,2021-12-31,19.94,19.84,6592000000,,,1874000000,6592000000,,,
3357,2020,GWW,2020-12-31,3.20,3.19,2931000000,,,1828000000,6295000000,,,
3358,2019,GWW,2019-12-31,4.50,4.48,2668000000,,,1855000000,6005000000,,,
3359,2018,GWW,2018-12-31,4.09,4.07,5873000000,,,1921000000,5873000000,,,
3360,2017,GWW,2017-12-31,2.95,2.93,5804254000,,125000000,1690132000,5804254000,,,
3361,2016,GWW,2016-12-31,3.00,2.98,5694307000,,,1797935000,5694307000,,,
3362,2015,GWW,2015-12-31,3.11,3.07,5857755000,,1388414000,2266634000,5857755000,,,
3363,2014,GWW,2014-12-31,3.11,3.07,5284252000,,404536000,3209872000,5284252000,,,
3364,2013,GWW,2013-12-31,11.31,11.13,5266328000,,445513000,3250438000,5266328000,,,
3365,2012,GWW,2012-12-31,9.71,9.52,5014598000,,467048000,3023912000,5014598000,,,
3366,2011,GWW,2011-12-31,9.26,9.07,4716062000,,175055000,2628785000,4716062000,,,
3367,2024,HAL,2024-12-31,,,11987000000,15039000000,4503000000,10506000000,25587000000,,0.68,
3368,2023,HAL,2023-12-31,,,11606000000,15250000000,,9391000000,24683000000,,0.64,
3369,2022,HAL,2022-12-31,,,9311000000,15278000000,,7948000000,23255000000,,0.48,
3370,2021,HAL,2021-12-31,,,8186000000,15593000000,,6713000000,22321000000,,0.18,
3371,2020,HAL,2020-12-31,,,7924000000,15697000000,,4974000000,20680000000,,0.315,
3372,2019,HAL,2019-12-31,,-1.29,11894000000,17352000000,,8012000000,25377000000,,0.72,
3373,2018,HAL,2018-12-31,,1.89,13231000000,16438000000,,9522000000,25982000000,,0.72,
3374,2017,HAL,2017-12-31,,-0.53,25085000000,16736000000,,8322000000,25085000000,,0.72,
3375,2016,HAL,2016-12-31,-6.69,-6.69,27000000000,17552000000,12377000000,9409000000,27000000000,,0.72,
3376,2015,HAL,2015-12-31,-0.79,-0.79,36942000000,21447000000,15346000000,15462000000,36942000000,,0.72,
3377,2014,HAL,2014-12-31,4.13,4.11,32240000000,15942000000,,16267000000,32240000000,,0.525,
3378,2013,HAL,2013-12-31,2.37,2.36,29223000000,15608000000,,13581000000,29223000000,,0.525,
3379,2012,HAL,2012-12-31,2.85,2.84,27410000000,11620000000,,15765000000,27410000000,,0.36,
3380,2011,HAL,2011-12-31,3.09,3.08,23677000000,10461000000,997000000,13198000000,23677000000,,,
3381,2024,HAS,2024-12-29,2.77,2.75,7785200000,5155300000,,,6340300000,389900000,2.10,-7100000
3382,2023,HAS,2023-12-31,-10.73,-10.73,6456200000,5453900000,,,6540900000,388000000.0,2.80,
3383,2022,HAS,2022-12-25,1.47,1.46,5757700000,6434000000,,,9295900000,385300000,2.80,
3384,2021,HAS,2021-12-26,3.11,3.10,4925500000,6950800000,,,10037800000,374500000,2.72,
3385,2020,HAS,2020-12-27,1.62,1.62,3063421000,7857222000,4660015000,,10818385000,372652000,0.68,
3386,2019,HAS,2019-12-29,4.07,4.05,3244950000,5860098000,4046457000,2995530000,8855628000,336604000,0.68,
3387,2018,HAS,2018-12-30,1.75,1.74,5262988000,3508502000,1695092000,1754486000,5262988000,309258000,2.52,
3388,2017,HAS,2017-12-31,3.17,3.12,5289983000,3460026000,1693609000,1829957000,5289983000,276973000,2.28,
3389,2016,HAS,2016-12-25,4.4,4.34,5091366000,3205926000,1198679000,1862736000,5091366000,248881000,2.04,
3390,2015,HAS,2015-12-27,3.61,3.57,4720717000,3016645000,,1663902000,4720717000,225797000,1.84,
3391,2014,HAS,2014-12-28,3.24,3.20,4532142000,3023748000,,1465664000,4532142000,216855000,1.72,
3392,2013,HAS,2013-12-29,2.20,2.17,4402267000,2674479000,,1682343000,4402267000,156129000,1.60,
3393,2012,HAS,2012-12-30,2.58,2.55,4325387000,2818008000,,1507379000,4325387000,225464000,1.44,
3394,2011,HAS,2011-12-25,2.88,2.82,4130774000,2713259000,,1417515000,4130774000,154028000,1.20,
3395,2024,HBAN,2024-12-31,1.24,1.22,1386000000,184448000000,0,19740000000,204230000000,1047000000,0.62,
3396,2023,HBAN,2023-12-31,1.26,1.24,2297000000,169970000000,719000000,19353000000,189368000000,1034000000,0.62,
3397,2022,HBAN,2022-12-31,1.47,1.45,2036000000,165137000000,762000000,17731000000,182906000000,1010000000,0.62,
3398,2021,HBAN,2021-12-31,0.91,0.90,1652000000,154746000000,0,19297000000,174064000000,888000000,0.605,
3399,2020,HBAN,2020-12-31,0.71,0.69,47800000000,110045000000,802000000,2191000000,123038000000,698000000,0.60,
3400,2019,HBAN,2019-12-31,1.29,1.27,16547000000,97207000000,993000000,1203000000,109002000000,671000000,0.58,
3401,2018,HBAN,2018-12-31,0.29,0.28,108781000000,97679000000,8625000000,11102000000,108781000000,-584000000,0.5,
3402,2017,HBAN,2017-12-31,0.17,0.17,104185000000,93371000000,9206000000,10814000000,104185000000,425000000,0.35,
3403,2016,HBAN,2016-12-31,0.21,0.20,99714097000,89405951000,8309159000,10308146000,99714097000,299588000,0.29,
3404,2015,HBAN,2015-12-31,0.19,0.19,71044551000,64449945000,255000000,6594606000,71044551000,224390000,0.25,
3405,2014,HBAN,2014-12-31,0.73,0.72,66298010000,59969840000,4335962000,6328170000,66298010000,198789000,0.21,
3406,2013,HBAN,2013-12-31,0.73,0.72,59476344000,53377021000,1034266000,6099323000,59476344000,182476000,0.19,
3407,2012,HBAN,2012-12-31,0.71,0.71,56153185000,50362974000,662894000,5790211000,56153185000,169335000,0.16,
3408,2011,HBAN,2011-12-31,0.59,0.59,54450652000,49032552000,899779000,5418100000,54450652000,92404000,0.10,
3409,2024,HBI,2024-12-28,-0.91,-0.91,3840941000,3806931000,,3525000,3840941000,,,
3410,2023,HBI,2023-12-30,-0.05,-0.05,5640314000,5220961000,,3501000,5640314000,,,
3411,2022,HBI,2022-12-31,-0.36,-0.36,6503876000,6105612000,,3499000,6503876000,,0.15,
3412,2022,HBI,2022-01-01,0.22,0.22,7071436000,6368943000,,3499000,7071436000,,0.15,
3413,2021,HBI,2021-01-02,-0.95,-0.95,1198721000,6884916000,0,3488000,7698874000,,0.15,
3414,2019,HBI,2019-12-28,0.51,0.51,1352773000,6117391000,0,3624000,7353986000,,0.15,
3415,2018,HBI,2018-12-29,1.52,1.52,7255958000,6285675000,4009553000,970283000,7255958000,,,
3416,2017,HBI,2017-12-30,0.17,0.17,6894775000,6208573000,3993267000,686202000,6894775000,,0.15,
3417,2016,HBI,2016-12-31,0.30,0.30,5597590000,4321699000,2506981000,1275891000,5597590000,,0.11,
3418,2016,HBI,2016-01-02,0.30,0.30,5619040000,4343149000,2506981000,1275891000,5619040000,,0.11,
3419,2015,HBI,2015-01-03,0.89,0.88,5221781000,3835009000,1839314000,1386772000,5221781000,,,
3420,2013,HBI,2013-12-28,3.31,3.25,4090048000,2859425000,467000000,1230623000,4090048000,,0.20,
3421,2012,HBI,2012-12-29,1.67,1.64,3631700000,2744834000,1491336000,886866000,3631700000,16901000,,
3422,2011,HBI,2011-12-31,2.19,2.16,3790002000,3227328000,2080735000,562674000,3790002000,,,
3423,2011,HBI,2011-01-01,2.19,2.16,3790002000,3227328000,,562674000,3790002000,,,
3424,2024,HCA,2024-12-31,22.27,22,12855000000,,43031000000,-2499000000,59513000000,690000000,2.64,
3425,2023,HCA,2023-12-31,19.25,18.97,12487000000,,39593000000,-1774000000,56211000000,661000000,2.4,
3426,2022,HCA,2022-12-31,19.43,19.15,22863000000,,38084000000,-2767000000,52438000000,653000000,2.24,
3427,2021,HCA,2021-12-31,21.52,21.16,21205000000,,34579000000,-933000000,50742000000,624000000,1.92,
3428,2020,HCA,2020-12-31,11.10,10.93,18913000000,,31004000000,572000000,47490000000,153000000,0.43,
3429,2019,HCA,2019-12-31,10.27,10.07,18290000000,39792000000,33722000000,-2808000000,36984000000,550000000,1.60,
3430,2018,HCA,2018-12-31,10.90,10.66,39207000000,42125000000,32821000000,-4950000000,39207000000,487000000,1.40,
3431,2017,HCA,2017-12-31,6.12,5.95,36593000000,41588000000,33058000000,-6806000000,36593000000,,,
3432,2016,HCA,2016-12-31,7.53,7.30,33758000000,39391000000,31376000000,-7302000000,33758000000,,,
3433,2015,HCA,2015-12-31,5.14,4.99,32744000000,38790000000,30488000000,-7599000000,32744000000,,,
3434,2014,HCA,2014-12-31,4.30,4.16,31199000000,37697000000,29645000000,-7894000000,31199000000,,,
3435,2013,HCA,2013-12-31,3.50,3.37,28831000000,35759000000,28376000000,-8270000000,28831000000,,,
3436,2012,HCA,2012-12-31,3.65,3.49,28075000000,36416000000,28930000000,-9660000000,28075000000,,,
3437,2011,HCA,2011-12-31,0.54,0.52,26898000000,,27052000000,8258000000,26898000000,,,
3438,2025,HD,2025-02-02,14.96,14.91,96119000000,89479000000,51365000000,90000000,96119000000,,,
3439,2024,HD,2024-01-28,15.16,15.11,76530000000,75486000000,42150000000,90000000,76530000000,,,
3440,2023,HD,2023-01-29,16.74,16.69,76445000000,74883000000,41150000000,90000000,76445000000,,,
3441,2022,HD,2022-01-30,15.59,15.53,71876000000,73572000000,36400000000,90000000,71876000000,,,
3442,2021,HD,2021-01-31,11.98,11.94,70581000000,67282000000,34750000000,89000000,70581000000,,,
3443,2020,HD,2020-02-02,10.29,10.25,51236000000,54352000000,29500000000,89000000,51236000000,,,
3444,2019,HD,2019-02-03,2.10,2.09,44003000000,45881000000,,-1878000000,44003000000,,,
3445,2018,HD,2018-01-28,1.53,1.52,44529000000,43075000000,,1454000000,44529000000,,,
3446,2017,HD,2017-01-29,1.45,1.44,42966000000,38633000000,,4333000000,42966000000,,,
3447,2016,HD,2016-01-31,1.17,1.17,42549000000,36233000000,,6316000000,42549000000,,,
3448,2015,HD,2015-02-01,1.06,1.05,39946000000,30624000000,,9322000000,39946000000,,,
3449,2014,HD,2014-02-02,3.78,3.76,40518000000,27996000000,,12522000000,40518000000,,,
3450,2013,HD,2013-02-03,3.03,3.00,41084000000,23307000000,,17777000000,41084000000,,,
3451,2012,HD,2012-01-29,2.49,2.47,40518000000,22620000000,0,17898000000,40518000000,,,
3452,2011,HD,2011-01-30,2.03,2.01,40125000000,21236000000,9749000000,18889000000,40125000000,,,
3453,2024,HIG,2024-12-31,10.51,10.35,53296000000,64470000000,4366000000,334000000,80917000000,,1.930,
3454,2023,HIG,2023-12-31,8.09,7.97,49711000000,61453000000,4362000000,334000000,76780000000,,1.75,
3455,2022,HIG,2022-12-31,5.52,5.44,47234000000,59391000000,4357000000,334000000,73022000000,,1.58,
3456,2021,HIG,2021-12-31,6.71,6.62,48234000000,58735000000,4944000000,334000000,76578000000,,1.44,
3457,2020,HIG,2020-12-31,4.79,4.76,45482000000,55555000000,4352000000,334000000,74111000000,,1.30,
3458,2019,HIG,2019-12-31,5.72,5.66,42041000000,54547000000,4348000000,334000000,70817000000,,1.20,
3459,2018,HIG,2018-12-31,5.03,4.95,31693000000,49206000000,4265000000,334000000,62307000000,300000000,1.10,
3460,2017,HIG,2017-12-31,1.02,1.00,225260000000,211766000000,4678000000,13494000000,225260000000,0,0.94,
3461,2016,HIG,2016-12-31,0.81,0.79,223432000000,206529000000,,16903000000,223432000000,,0.86,
3462,2015,HIG,2015-12-31,1.11,1.08,228348000000,210706000000,,17642000000,228348000000,,0.78,
3463,2014,HIG,2014-12-31,1100000,1030000,245013000000,226293000000,,18720000000,245013000000,,0.66,
3464,2013,HIG,2013-12-31,0.37,0.34,277884000000,258979000000,6106000000,18905000000,277884000000,,0.50,
3465,2012,HIG,2012-12-31,-0.18,-0.18,298513000000,276066000000,,22447000000,298513000000,,0.40,
3466,2011,HIG,2011-12-31,1.13,1.01,304064000000,281154000000,,22910000000,304064000000,,0.10,
3467,2024,HII,2024-12-31,13.96,13.96,12141000000,7475000000,500000000,1000000,12141000000,,5.25,
3468,2023,HII,2023-12-31,17.07,17.07,1619000000,7122000000,600000000,1000000,11215000000,,5.02,
3469,2022,HII,2022-12-31,14.44,14.44,1633000000,7368000000,225000000,1000000,10857000000,,4.78,
3470,2021,HII,2021-12-31,13.50,13.50,1659000000,7819000000,625000000,1000000,10627000000,,4.60,
3471,2020,HII,2020-12-31,17.14,17.14,1612000000,6256000000,500000000,1000000,8157000000,,1.14,
3472,2019,HII,2019-12-31,13.26,13.26,1618000000,5443000000,600000000,1000000,7031000000,,1.03,
3473,2018,HII,2018-12-31,3.48,3.48,6383000000,4867000000,1283000000,1516000000,6383000000,,0.72,
3474,2017,HII,2017-12-31,2.57,2.56,6374000000,4616000000,1279000000,1758000000,6374000000,,0.60,
3475,2016,HII,2016-12-31,2.89,2.87,6352000000,4699000000,1278000000,1653000000,6352000000,,0.50,
3476,2015,HII,2015-12-31,1.80,1.79,6024000000,4534000000,1273000000,1490000000,6024000000,,0.40,
3477,2014,HII,2014-12-31,1.83,1.81,6269000000,4904000000,1700000000,1365000000,6269000000,,0.40,
3478,2013,HII,2013-12-31,5.25,5.18,6225000000,4704000000,1779000000,1925000000,6225000000,,0.50,
3479,2012,HII,2012-12-31,2.96,2.91,6392000000,5725000000,1830000000,-1226000000,6392000000,,0.10,
3480,2011,HII,2011-12-31,-1.93,-1.93,6001000000,5129000000,,872000000,6001000000,1429000000,,
3481,2024,HLT,2024-12-31,6.20,6.14,16522000000,20211000000,65000000,-3727000000,16522000000,150000000,0.60,
3482,2023,HLT,2023-12-31,4.36,4.33,15401000000,17748000000,95000000,-2360000000,15401000000,158000000,0.60,
3483,2022,HLT,2022-12-31,4.56,4.53,15512000000,16610000000,152000000,-1102000000,15512000000,123000000,0.45,
3484,2021,HLT,2021-12-31,1.47,1.46,11404000000,16260000000,179000000,-821000000,15441000000,0,0,
3485,2020,HLT,2020-12-31,-2.58,-2.56,11065000000,248000000,203000000,-1490000000,16755000000,42000000,0.15,
3486,2019,HLT,2019-12-31,3.07,3.04,7000000,260000000,194000000,3000000,-465000000,172000000,0.60,
3487,2018,HLT,2018-12-31,0.51,0.51,13995000000,13437000000,3809000000,551000000,13995000000,181000000,0.60,
3488,2017,HLT,2017-12-31,0.22,0.22,14308000000,12233000000,2575000000,2072000000,14308000000,195000000,0.60,
3489,2016,HLT,2016-12-31,0.94,0.94,26211000000,20362000000,2886000000,5899000000,26211000000,277000000,0.84,
3490,2015,HLT,2015-12-31,1.42,1.42,25716000000,19765000000,9781000000,5985000000,25716000000,138000000,0.14,
3491,2014,HLT,2014-12-31,0.68,0.68,26125000000,21411000000,10741000000,4752000000,26125000000,,,
3492,2013,HLT,2013-12-31,,,,,,,,,,
3493,2024,HOG,2024-12-31,3.46,3.44,3630710000,,2459365000,3166047000,4037434000,91224000,,
3494,2023,HOG,2023-12-31,4.96,4.87,3644016000,,2181368000,3252808000,4180724000,96310000,,
3495,2022,HOG,2022-12-31,5.01,4.96,3254309000,,2516993000,2903519000,3835713000,93180000,,
3496,2021,HOG,2021-12-31,4.23,4.19,3308292000,,1984785000,1694000,3530316000,92426000,,
3497,2020,HOG,2020-12-31,0.01,0.01,2492515000,,2310839000,1685000,2669362000,68087000,,
3498,2019,HOG,2019-12-31,2.70,2.68,2548115000,,1369512000,1828000,2753849000,237221000,,
3499,2018,HOG,2018-12-31,3.21,3.19,10665664000,,6463466000,1773949000,10665664000,245810000,,
3500,2017,HOG,2017-12-31,3.03,3.02,9972672000,,5714527000,1844277000,9972672000,251862000,,
3501,2016,HOG,2016-12-31,3.85,3.83,9890240000,,5751859000,1920158000,9890240000,252321000,,
3502,2015,HOG,2015-12-31,1.28,1.27,9991167000,,5689008000,1839654000,9991167000,249262000,,
3503,2014,HOG,2014-12-31,1.21,1.21,9528097000,,4772843000,2909286000,9528097000,238300000,,
3504,2013,HOG,2013-12-31,3.30,3.28,9405040000,,174241000,3009486000,9405040000,187688000,,
3505,2012,HOG,2012-12-31,2.75,2.72,9170773000,,4807706000,2557624000,9170773000,141681000,,
3506,2011,HOG,2011-12-31,0.51,0.51,9674164000,,4884133000,2420256000,9674164000,111011000,,
3507,2025,HOLX,2025-09-27,2.50,2.49,2244000000,,2507900000,5047900000,9014900000,,,
3508,2024,HOLX,2024-09-28,3.35,3.32,2431300000,,2534600000,5130000000,9156000000,,,
3509,2023,HOLX,2023-09-30,1.85,1.83,2596400000,,2818200000,5016900000,9139300000,,,
3510,2022,HOLX,2022-09-24,5.18,5.13,2881700000,,2823400000,4876200000,9071200000,,,
3511,2021,HOLX,2021-09-25,7.28,7.21,3348800000,,3025200000,4218600000,8919900000,,,
3512,2020,HOLX,2020-09-26,4.24,4.21,2161400000,,3038800000,2705200000,7195800000,,,
3513,2019,HOLX,2019-09-28,-0.76,-0.76,2276600000,,3055000000.0,2900000,6442100000,,,
3514,2018,HOLX,2018-09-29,-0.40,-2.46,7230900000,,3304300000,2428800000,7230900000,,,
3515,2017,HOLX,2017-09-30,2.70,1.84,7979600000,,3322900000,2784700000,7979600000,,,
3516,2016,HOLX,2016-09-24,1.18,0.24,7317000000,,3345400000,2142700000,7317000000,,,
3517,2015,HOLX,2015-09-26,0.47,0.17,7670100000,,3639800000,2079200000,7670100000,,,
3518,2014,HOLX,2014-09-27,0.06,0.06,8414700000,,4267700000,2063000000,8414700000,,,
3519,2013,HOLX,2013-09-28,-4.36,-4.36,9000823000,,4969225000,1941513000,9000823000,,,
3520,2012,HOLX,2012-09-29,-0.28,-0.28,10477108000,,5225000000,2961031000,10477108000,,,
3521,2011,HOLX,2011-09-24,0.60,0.59,6008780000,,1490000000,2936895000,6008780000,,,
3522,2024,HON,2024-12-31,8.76,8.71,16966000000,,27265000000,18619000000,75196000000,,,
3523,2023,HON,2023-12-31,8.53,8.47,12976000000,,18358000000,15856000000,61525000000,,,
3524,2022,HON,2022-12-31,7.33,7.27,12189000000,,16853000000,16697000000,62275000000,,,
3525,2021,HON,2021-12-31,8.01,7.91,11490000000,,16057000000,18569000000,64470000000,,,
3526,2020,HON,2020-12-31,6.79,6.72,11035000000,,18787000000,17549000000,64586000000,,,
3527,2019,HON,2019-12-31,8.52,8.41,5500000000,7200000000,12486000000,18494000000,58679000000,,,
3528,2018,HON,2018-12-31,1.92,2.31,11234000000,7200000000,12628000000,18180000000,57773000000,,,
3529,2017,HON,2017-12-31,2.17,2.14,10367000000,,13924000000,17276000000,59387000000,,,
3530,2016,HON,2016-12-31,1.62,1.7,11426000000,,12409000000,19369000000,54146000000,,,
3531,2015,HON,2015-12-31,6.11,6.04,11235000000,,6131000000,18283000000,49316000000,,,
3532,2014,HON,2014-12-31,5.40,5.33,45451000000,,6985000000,17657000000,45451000000,,,
3533,2013,HON,2013-12-31,4.99,4.92,45435000000,,7433000000,17467000000,45435000000,,,
3534,2012,HON,2012-12-31,3.74,3.69,41853000000,,7020000000,12975000000,41853000000,,,
3535,2011,HON,2011-12-31,2.65,2.61,9109000000,,6896000000,10806000000,39808000000,,,
3536,2025,HP,2025-09-30,-0.12,-0.12,2957139000,,347674000,296000,6705738000,,1.00,
3537,2024,HP,2024-09-30,3.43,3.43,3225410000,,347093000,11222000,5781898000,,1.00,
3538,2023,HP,2023-09-30,4.18,4.16,3320203000,,545144000,11222000,4381956000,,1.00,
3539,2022,HP,2022-09-30,0.05,0.05,3406824000,,0,11222000,4355531000,,1.00,
3540,2021,HP,2021-09-30,-3.04,-3.04,3418569000,,483486000,11222000,5034128000,,1.00,
3541,2020,HP,2020-09-30,-4.60,-4.60,3812718000,,480727000,11215000,4829621000,,1.92,
3542,2019,HP,2019-09-30,-0.34,-0.34,5099583000,,479356000,11208000,5839515000,,2.84,
3543,2018,HP,2018-09-30,4.39,4.37,6214867000,,493968000,4382735000,6214867000,,2.82,
3544,2017,HP,2017-09-30,-1.20,-1.20,6439988000,,,4164591000,6439988000,,2.8,
3545,2016,HP,2016-09-30,-0.54,-0.54,6832019000,,491800000,4560925000,6832019000,,2.775,
3546,2015,HP,2015-09-30,3.90,3.87,7152012000,,531500000,4897452000,7152012000,,2.75,
3547,2014,HP,2014-09-30,6.54,6.46,6721861000,,80000000,4890977000,6721861000,,2.625,
3548,2013,HP,2013-09-30,6.89,6.79,6264827000,,75000000,4443727000,6264827000,,1.30,
3549,2012,HP,2012-09-30,5.42,5.34,5721085000,,75000000,3834998000,5721085000,,0.28,
3550,2011,HP,2011-09-30,4.06,3.99,5003891000,,75000000,3270047000,5003891000,,0.26,
3551,2025,HPE,2025-10-31,-0.04,-0.04,75906000000,,21748000000,24688000000,75906000000,,0.52,
3552,2024,HPE,2024-10-31,1.95,1.93,71262000000,,17660000000,24816000000,71262000000,,0.52,
3553,2023,HPE,2023-10-31,1.56,1.54,16120000000,,11694000000,21182000000,57153000000,,0.48,
3554,2022,HPE,2022-10-31,0.67,0.66,16872000000,,11943000000,19864000000,57123000000,,0.48,
3555,2021,HPE,2021-10-31,2.62,2.58,16208000000,,12457000000,19971000000,57699000000,,0.48,
3556,2020,HPE,2020-10-31,-0.25,-0.25,14858000000,,14797000000,16049000000,54015000000,,0.36,
3557,2019,HPE,2019-10-31,0.78,0.77,28866000000,,,17098000000,51803000000,,0.1125,
3558,2018,HPE,2018-10-31,0.90,0.89,55493000000,,,21239000000,55493000000,,0.1125,
3559,2017,HPE,2017-10-31,0.21,0.21,61406000000,,3500000000,23466000000,61406000000,,0.26,
3560,2016,HPE,2016-10-31,1.84,1.82,79679000000,,,31448000000,79679000000,,0.22,
3561,2015,HPE,2015-10-31,1.36,1.34,81270000000,,,33535000000,81270000000,,,
3562,2025,HPQ,2025-10-31,2.67,2.65,24928000000,,0,9000000,41769000000,,1.16,
3563,2024,HPQ,2024-10-31,2.83,2.81,22378000000,,1199000000,9000000,39909000000,,1.10,
3564,2023,HPQ,2023-10-31,3.29,3.26,18791000000,,1199000000,10000000,37004000000,,1.05,
3565,2022,HPQ,2022-10-31,3.09,3.05,19710000000,,0,10000000,38587000000,,1.00,
3566,2021,HPQ,2021-10-31,5.38,5.33,18126000000,,0,11000000,38610000000,,0.78,
3567,2020,HPQ,2020-10-31,2.01,2.00,14697000000,,0,13000000,34681000000,,0.70,
3568,2019,HPQ,2019-10-31,2.08,2.07,14092000000,,648000000,9000000,33467000000,,0.53,
3569,2018,HPQ,2018-10-31,3.30,3.26,34622000000,,648000000,-1141000000,34622000000,,0.56,
3570,2017,HPQ,2017-10-31,,,,,,,,,,
3571,2016,HPQ,2016-10-31,1.44,1.43,29010000000,,,-3889000000,29010000000,,0.5,
3572,2015,HPQ,2015-10-31,2.51,2.48,106882000000,,,27768000000,106882000000,,0.67,
3573,2014,HPQ,2014-10-31,2.66,2.62,103206000000,,,26731000000,103206000000,,0.61,
3574,2013,HPQ,2013-10-31,2.64,2.62,105676000000,,,27269000000,105676000000,,0.55,
3575,2012,HPQ,2012-10-31,-6.41,-6.41,108768000000,,27132000000,22436000000,108768000000,,0.50,
3576,2011,HPQ,2011-10-31,3.38,3.32,129517000000,,26339000000,38625000000,129517000000,,0.40,
3577,2025,HRB,2025-06-30,4.45,4.39,3263898000,3175002000,1493198000,1644000,3263898000,197330000,,
3578,2024,HRB,2024-06-30,4.18,4.12,3218810000,3128216000,1491095000,1709000,3218810000,179775000,,
3579,2023,HRB,2023-06-30,3.58,3.51,3072258000,3040194000,1488975000,1789000,3072258000,177925000,,
3580,2022,HRB,2022-06-30,3.27,3.22,3269158000,3057527000,1486876000,1936000,3269158000,186476000,,
3581,2021,HRB,2021-04-30,3.11,3.08,3653646000,3301245000,1490039000,2167000,3653646000,195068000,,
3582,2020,HRB,2020-04-30,-0.04,-0.04,5112047000,5041006000,3495257000,2282000,5112047000,204870000,,
3583,2019,HRB,2019-04-30,2.05,2.04,3299945000,2758418000,1492629000,541527000,3299945000,205461000,,
3584,2018,HRB,2018-04-30,-1.18,-1.18,3140949000,2747238000,1495635000,393711000,3140949000,200469000,0.24,
3585,2017,HRB,2017-04-30,-0.50,-0.50,2694108000,2754991000,1493998000,-60883000,2694108000,187115000,0.22,
3586,2016,HRB,2016-04-30,-0.35,-0.35,2857775000,2834672000,1502751000,23103000,2857775000,201688000,0.20,
3587,2015,HRB,2015-04-30,-0.13,-0.13,4515420000,2682471000,506088000,1832949000,4515420000,219960000,0.20,
3588,2014,HRB,2014-04-30,1.73,1.72,4693529000,3136980000,906474000,1556549000,4693529000,218980000,0.20,
3589,2013,HRB,2013-04-30,1.59,1.58,4537779000,3274232000,906680000,1263547000,4537779000,217201000,0.20,
3590,2012,HRB,2012-04-30,0.89,0.89,4649567000,3323675000,1040549000,1325892000,4649567000,208801000,0.70,
3591,2011,HRB,2011-04-30,1.31,1.31,5207961000,3758387000,1053191000,1449574000,5207961000,186802000,0.6,
3592,2025,HRL,2025-10-26,0.87,0.87,13393119000,,,7901171000,13393119000,,1.16,-1255000
3593,2024,HRL,2024-10-27,1.47,1.47,13434729000,,,7993420000,13434729000,,1.13,-1083000
3594,2023,HRL,2023-10-29,1.45,1.45,13448772000,,,7734885000,13448772000,,1.10,-902000
3595,2022,HRL,2022-10-30,1.84,1.82,13306919000,,,7535284000,13306919000,,1.04,-1475000
3596,2021,HRL,2021-10-31,1.68,1.66,4711475000,,,6972883000,12696329000,,0.98,
3597,2020,HRL,2020-10-25,1.69,1.66,1713883000,,,6425548000,9908282000,,0.93,
3598,2019,HRL,2019-10-27,1.83,1.80,1774235000,,0,5921458000,8109004000,,0.84,
3599,2018,HRL,2018-10-28,0.57,0.56,8142292000,,250000000,5600811000,8142292000,,0.75,
3600,2017,HRL,2017-10-29,0.44,0.44,6975908000,,250000000,4935907000,6975908000,,0.68,
3601,2016,HRL,2016-10-30,0.44,0.43,6370067000,,250000000,4448006000,6370067000,,0.58,
3602,2015,HRL,2015-10-25,0.65,0.64,6139831000,,250000000,3998198000,6139831000,,1.00,
3603,2014,HRL,2014-10-26,0.58,0.57,5455619000,,250000000,3605678000,5455619000,,0.80,700000
3604,2013,HRL,2013-10-27,0.49,0.46,1237405000,,250000000,3311040000,4915880000,,0.68,1100000
3605,2012,HRL,2012-10-28,1.90,1.86,4563966000,,250000000,2819455000,4563966000,,0.60,
3606,2011,HRL,2011-10-30,0.56,0.55,4244391000,,250000000,2656582000,4244391000,,0.51,
3607,2024,HSIC,2024-12-28,3.07,3.05,10218000000,5381000000,43000000,3393000000,10218000000,,,
3608,2023,HSIC,2023-12-30,3.18,3.16,9083000000,5420000000,54000000,3655000000,10573000000,,,
3609,2022,HSIC,2022-12-31,3.95,3.91,7287000000,3936000000,7000000,3446000000,8607000000,,,
3610,2021,HSIC,2021-12-25,4.51,4.45,7157025000,3804587000,,3425126000,8481091000,,,
3611,2020,HSIC,2020-12-26,2.83,2.82,6503089000,3460448000,,3348172000,7772532000,,,
3612,2019,HSIC,2019-12-28,4.70,4.65,5822057000,3233706000,,2998044000,7151101000,,,
3613,2018,HSIC,2018-12-29,3.51,0.87,7375723000,4646583000,,2961332000,8500527000,,,
3614,2018,HSIC,2018-02-21,,,,,,,,,,
3615,2016,HSIC,2016-12-31,1.39,1.63,6294735000,3321956000,,2793066000,6730396000,,,
3616,2015,HSIC,2015-12-26,5.78,5.69,6504740000,3075732000,,2884256000,6504740000,,,
3617,2014,HSIC,2014-12-27,5.53,5.44,6138807000,2757835000,,2813594000,6138807000,,,
3618,2013,HSIC,2013-12-28,5.02,4.93,5624636000,2339096000,,2785197000,5624636000,,,
3619,2012,HSIC,2012-12-29,4.44,4.32,5333997000,2282958000,,2613585000,5333997000,,,
3620,2011,HSIC,2011-12-31,4.08,3.97,4740144000,1904471000,386343000,2432222000,4740144000,,,
3621,2024,HST,2024-12-31,0.99,0.99,13048000000,6271000000,0,6609000000,13048000000,,0.90,
3622,2023,HST,2023-12-31,1.04,1.04,12243000000,5417000000,0,6633000000,12243000000,,0.90,
3623,2022,HST,2022-12-31,0.89,0.88,12269000000,5390000000,24000000,6710000000,12269000000,,0.53,
3624,2021,HST,2021-12-31,-0.02,-0.02,12352000000,5780000000,25000000,6441000000,12352000000,,0,
3625,2020,HST,2020-12-31,-1.04,-1.04,12890000000,6456000000,27000000,6321000000,12890000000,,0.20,
3626,2019,HST,2019-12-31,1.26,1.26,12305000000,4838000000,26000000,7319000000,12305000000,,0.85,
3627,2018,HST,2018-12-31,1.47,1.47,12090000000,4396000000,32000000,7494000000,12090000000,,0.85,
3628,2017,HST,2017-12-31,0.76,0.76,11693000000,4524000000,1029000000,6973000000,11693000000,,0.85,
3629,2016,HST,2016-12-31,1.03,1.02,11408000000,4210000000,744000000,6994000000,11408000000,,0.85,
3630,2015,HST,2015-12-31,0.74,0.74,11784000000,4559000000,797000000,7064000000,11784000000,,0.80,
3631,2014,HST,2014-12-31,0.97,0.96,12207000000,4614000000,1186000000,7336000000,12207000000,,0.75,
3632,2013,HST,2013-12-31,0.43,0.42,12814000000,5362000000,444000000,7228000000,12814000000,,0.46,
3633,2012,HST,2012-12-31,0.02,0.02,12994000000,5977000000,34800000,6825000000,12994000000,,0.30,
3634,2011,HST,2011-12-31,0.02,0.02,13068000000,6197000000,,6677000000,13068000000,,0.14,
3635,2024,HSY,2024-12-31,11.22,10.92,12946861000,8232207000,0,0,12946861000,,,
3636,2023,HSY,2023-12-31,9.31,9.06,11902941000,7803855000,0,,11902941000,,,
3637,2022,HSY,2022-12-31,8.22,7.96,10948820000,7649276000,250000000,,10948820000,,,
3638,2021,HSY,2021-12-31,7.34,7.11,10412231000,7655002000,0,2757229000,10412231000,,,
3639,2020,HSY,2020-12-31,6.30,6.11,9131845000,6893962000,0,2234352000,9131845000,,,
3640,2019,HSY,2019-12-31,5.64,5.46,8140395000,6395401000,350000000,1739222000,8140395000,,,
3641,2018,HSY,2018-12-31,5.76,5.58,7703020000,6295754000,0,1398721000,7703020000,,,
3642,2017,HSY,2017-12-31,0.60,0.58,5553726000,4622161000,2361121000,915338000,5553726000,,,
3643,2016,HSY,2016-12-31,1.09,1.06,5524333000,4696646000,2347698000,785856000,5524333000,,,
3644,2015,HSY,2015-12-31,1.14,1.10,5344371000,4296909000,250000000,997997000,5344371000,,,
3645,2014,HSY,2014-12-31,1.04,1.03,5629516000,4109986000,1799768000,1455062000,5629516000,,,
3646,2013,HSY,2013-12-31,3.39,3.61,5357488000,3741436000,1796056000,1604834000,5357488000,,,
3647,2012,HSY,2012-12-31,3.01,2.71,4754839000,3706466000,1788701000,1036749000,4754839000,,,
3648,2011,HSY,2011-12-31,2.58,2.56,4412199000,3539551000,0,849022000,4412199000,,1.38,
3649,2024,HUBB,2024-12-31,14.46,14.37,4478200000,3396400000,1442700000,3268300000,6679100000,,4.98,267800000
3650,2023,HUBB,2023-12-31,14.14,14.05,4601100000,4024700000,2038200000,2877000000,6914000000,,4.58,246000000.0
3651,2022,HUBB,2022-12-31,10.13,10.07,3011900000,3032000000,,2360900000,5402600000,,4.27,229900000
3652,2021,HUBB,2021-12-31,7.33,7.28,2142100000,3040800000,,2229800000,5281500000,,3.99,217400000
3653,2020,HUBB,2020-12-31,6.46,6.43,2233000000.0,2999700000,0,2070000000.0,5085100000,,3.71,201800000
3654,2019,HUBB,2019-12-31,7.35,7.31,2197800000,2942500000,1540400000,1947100000,4903000000.0,,3.43,187000000.0
3655,2018,HUBB,2018-12-31,1.06,1.05,4872100000,3073200000,1762100000,1780600000,4872100000,,3.15,172800000
3656,2017,HUBB,2017-12-31,1.13,1.13,3720600000,2072700000,,1634200000,3720600000,,2.87,157900000
3657,2016,HUBB,2016-12-31,1.08,1.08,3525000000,1921800000,,1592800000,3525000000,,2.59,144300000
3658,2015,HUBB,2015-12-31,1.07,1.07,3208700000,1459700000,,1740600000,3208700000,,2.31,133800000
3659,2014,HUBB,2014-12-31,1.08,1.08,3322800000,1387100000,,1927100000,3322800000,,2.06,121400000
3660,2013,HUBB,2013-12-31,5.51,5.47,3187200000,1272400000,,1906400000,3187200000,,1.85,109600000
3661,2012,HUBB,2012-12-31,5.05,5.00,2947000000,1279100000,,1661200000,2947000000,,1.68,-99800000
3662,2011,HUBB,2011-12-31,4.47,4.42,2846500000,1373000000,,1467800000,2846500000,,1.52,-90700000
3663,2024,HUM,2024-12-31,10.01,9.98,46479000000,30034000000,,16375000000,46479000000,431000000,0.885,107000000
3664,2023,HUM,2023-12-31,20.09,20.00,47065000000,30747000000,,16262000000,47065000000,431000000,0.885,108000000
3665,2022,HUM,2022-12-31,22.20,22.08,43055000000,27685000000,,15311000000,43055000000,392000000,0.79,
3666,2021,HUM,2021-12-31,22.79,22.67,44358000000,28255000000,,16080000000,44358000000,354000000,0.70,
3667,2020,HUM,2020-12-31,25.47,25.31,34969000000,21241000000,,33000000,34969000000,323000000,0.625,
3668,2019,HUM,2019-12-31,20.20,20.10,29074000000,17037000000,,33000000,29074000000,291000000,0.55,
3669,2018,HUM,2018-12-31,3.56,3.53,25413000000,15252000000,,10161000000,25413000000,265000000,0.5,
3670,2017,HUM,2017-12-31,7.54,7.49,27178000000,17336000000,,9842000000,27178000000,220000000,0.40,
3671,2016,HUM,2016-12-31,1.70,1.68,25396000000,14711000000,,10685000000,25396000000,177000000,0.29,
3672,2015,HUM,2015-12-31,2.86,2.82,24705000000,14359000000,,10346000000,24705000000,172000000,0.29,
3673,2014,HUM,2014-12-31,2.37,2.35,23466000000,13820000000,,9646000000,23466000000,172000000,1.11,
3674,2013,HUM,2013-12-31,7.81,7.73,20735000000,11419000000,2600000000,9316000000,20735000000,168000000,0.27,
3675,2012,HUM,2012-12-31,7.56,7.47,19979000000,11132000000,2611000000,8847000000,19979000000,165000000,0.26,
3676,2011,HUM,2011-12-31,1.88,1.86,17708000000,9645000000,1659000000,8063000000,17708000000,82000000,,
3677,2024,HWM,2024-12-31,2.83,2.81,5145000000,5965000000,3315000000,55000000,10519000000,,0.26,
3678,2023,HWM,2023-12-31,1.85,1.83,4926000000,6391000000,3706000000,55000000,10428000000,,0.17,
3679,2022,HWM,2022-12-31,,,4784000000,6654000000,4162000000,3601000000,10255000000,,0.10,
3680,2021,HWM,2021-12-31,,,4663000000,6711000000,4232000000,3508000000,10219000000,,0.04,
3681,2020,HWM,2020-12-31,,,4756000000,7866000000,5075000000,3577000000,11443000000,,0.02,
3682,2019,HWM,2019-12-31,0.40,0.39,10034000000,12957000000,0,4607000000,17578000000,,0.12,
3683,2018,HWM,2018-12-31,0.30,0.29,18693000000,13108000000,6301000000,5573000000,18693000000,,0.24,
3684,2017,HWM,2017-12-31,0.69,0.65,18718000000,13794000000,6807000000,4910000000,18718000000,,0.06,
3685,2016,HWM,2016-12-31,-2.31,-2.31,20038000000,14897000000,8048000000,5115000000,20038000000,,0.36,
3686,2015,HWM,2015-12-31,-0.31,-0.31,36528000000,22397000000,9065000000,12046000000,36528000000,,0.12,
3687,2014,HWM,2014-12-31,0.21,0.21,37399000000,22605000000,575000000,12306000000,37399000000,,0.12,
3688,2013,HWM,2013-12-31,-2.14,-2.14,35742000000,22220000000,8262000000,10593000000,35742000000,,0.12,
3689,2012,HWM,2012-12-31,0.18,0.18,40179000000,23656000000,8776000000,13199000000,40179000000,,0.12,
3690,2011,HWM,2011-12-31,0.29,0.27,40120000000,22925000000,9085000000,13844000000,40120000000,,0.12,
3691,2024,IBM,2024-12-31,6.53,6.43,60707000000,109783000000,,27307000000,137175000000,,,
3692,2023,IBM,2023-12-31,0.18,0.18,61141000000,112628000000,,22533000000,135241000000,,,
3693,2022,IBM,2022-12-31,1.82,1.80,57186000000,105222000000,,21944000000,127243000000,,,
3694,2021,IBM,2021-12-31,6.41,6.35,59336000000,113005000000,,18901000000,132001000000,,,
3695,2020,IBM,2020-12-31,6.28,6.23,58752000000,135244000000,,20597000000,155971000000,,,
3696,2019,IBM,2019-12-31,10.63,10.56,58453000000,131202000000,,20841000000,152186000000,,,
3697,2018,IBM,2018-12-31,9.57,9.52,123382000000,106452000000,42656000000,16796000000,123382000000,,,
3698,2017,IBM,2017-12-31,6.17,6.14,125356000000,107631000000,45052000000,17594000000,125356000000,,,
3699,2016,IBM,2016-12-31,12.43,12.38,117470000000,99078000000,40893000000,18246000000,117470000000,,,
3700,2015,IBM,2015-12-31,13.48,13.42,110495000000,96071000000,38699000000,14262000000,110495000000,,,
3701,2014,IBM,2014-12-31,11.97,11.9,117532000000,105518000000,39675000000,11868000000,117532000000,,,
3702,2013,IBM,2013-12-31,15.06,14.94,126223000000,103294000000,36710000000,22792000000,126223000000,,,
3703,2012,IBM,2012-12-31,14.53,14.37,119213000000,100229000000,29680000000,18860000000,119213000000,,,
3704,2011,IBM,2011-12-31,13.25,13.06,15475000000,96197000000,27161000000,20138000000,116433000000,,,
3705,2024,ICE,2024-12-31,4.80,4.78,139428000000,111708000000,0,27647000000,139428000000,,0.45,
3706,2023,ICE,2023-12-31,4.20,4.19,136084000000,110298000000,235000000,25717000000,136084000000,,0.42,
3707,2022,ICE,2022-12-31,2.59,2.58,194338000000,171577000000,18122000000,22706000000,194338000000,,0.38,
3708,2021,ICE,2021-12-31,7.22,7.18,193502000000,170754000000,13918000000,22709000000,193502000000,,0.33,
3709,2020,ICE,2020-12-31,3.79,3.77,126200000000,106573000000,16537000000,19498000000,126200000000,,0.30,
3710,2019,ICE,2019-12-31,3.44,3.42,94493000000,77129000000,7819000000,17255000000,94493000000,,0.275,
3711,2018,ICE,2018-12-31,0.80,0.79,92791000000,75489000000,7441000000,17201000000,92791000000,,0.24,
3712,2017,ICE,2017-12-31,0.84,0.84,78264000000,61312000000,6100000000,16924000000,78264000000,,0.20,
3713,2016,ICE,2016-12-31,2.39,2.37,82003000000,66213000000,6364000000,15717000000,82003000000,409000000,0.17,
3714,2015,ICE,2015-12-31,11.45,11.39,77987000000,63112000000,7308000000,14808000000,77987000000,331000000,2.90,
3715,2014,ICE,2014-12-31,2280000,2270000,68279000000,55722000000,2247000000,12360000000,68279000000,299000000,2.60,
3716,2013,ICE,2013-12-31,3.24,3.21,64818000000,51881000000,5058000000,12583000000,64818000000,75000000,0.65,
3717,2024,IDXX,2024-12-31,10.77,10.67,3293443000,1698130000,617803000,10784000,3293443000,,,
3718,2023,IDXX,2023-12-31,10.17,10.06,3259925000,1775395000,698187000,1484530000,3259925000,,,
3719,2022,IDXX,2022-12-31,8.12,8.03,2746765000,2138028000,769775000,608737000,2746765000,,,
3720,2021,IDXX,2021-12-31,8.74,8.60,2437203000,1747211000,850711000,689992000,2437203000,,,
3721,2020,IDXX,2020-12-31,6.82,6.71,2294561000,1661766000,909125000,632088000,2294561000,,,
3722,2019,IDXX,2019-12-31,4.97,4.89,1832475000,1654650000,699422000,177473000,1832475000,,,
3723,2018,IDXX,2018-12-31,1.02,1.01,1537349000,1546582000,601800000,-9513000,1537349000,,,
3724,2017,IDXX,2017-12-31,0.78,0.77,1713416000,1767258000,606567000,-54106000,1713416000,,,
3725,2016,IDXX,2016-12-31,0.51,0.51,1530704000,1638917000,593664000,-108352000,1530704000,,,
3726,2015,IDXX,2015-12-31,0.49,0.49,1474993000,1558988000,597085000,-84125000,1474993000,,,
3727,2014,IDXX,2014-12-31,0.90,0.89,1384211000,1266622000,350000000,117516000,1384211000,,,
3728,2013,IDXX,2013-12-31,0.82,0.81,1230516000,712302000,151394000,518186000,1230516000,,,
3729,2012,IDXX,2012-12-31,0.74,0.72,1103602000,467345000,2501000,636223000,1103602000,,,
3730,2011,IDXX,2011-12-31,0.64,0.62,1030814000,491221000,3418000,539579000,1030814000,,,
3731,2024,IEX,2024-12-31,6.66,6.64,1609400000,2951200000,100000000.0,3794700000,6745300000,,2.76,
3732,2023,IEX,2023-12-31,7.87,7.85,1674700000,2324000000,0,3541400000,5865200000,,2.56,
3733,2022,IEX,2022-12-31,7.74,7.71,1676900000,2472300000,100000000.0,3039300000,5511900000,,2.40,
3734,2021,IEX,2021-12-31,5.91,5.88,1458800000,2114100000,500000000.0,2803100000,4917200000,,2.16,
3735,2020,IEX,2020-12-31,4.98,4.94,1387067000,1874072000,,2540203000,4414398000,,2.00,
3736,2019,IEX,2019-12-31,5.62,5.56,1150712000,1550683000,,761352000,3813912000,,2.00,
3737,2018,IEX,2018-12-31,1.29,1.27,3473857000,1479217000,851078000,1994640000,3473857000,,1.72,
3738,2017,IEX,2017-12-31,0.99,0.99,3399628000,1513086000,862186000,1886542000,3399628000,,1.48,
3739,2016,IEX,2016-12-31,0.90,0.89,3154944000,1611050000,1020873000,1543894000,3154944000,,1.36,
3740,2015,IEX,2015-12-31,0.84,0.84,2805443000,1362152000,847436000,1443291000,2805443000,,1.28,
3741,2014,IEX,2014-12-31,0.92,0.91,2908070000,1421619000,863952000,1486451000,2908070000,,1.12,
3742,2013,IEX,2013-12-31,3.11,3.09,2887577000,1314588000,773876000,1572989000,2887577000,,,
3743,2012,IEX,2012-12-31,0.45,0.45,2785390000,1320392000,786576000,1464998000,2785390000,,,
3744,2011,IEX,2011-12-31,0.58,0.57,2836107000,1322972000,808810000,1513135000,2836107000,,0.68,
3745,2024,IFF,2024-12-31,0.95,0.95,28667000000,,8891000000,13876000000,28667000000,,1.60,
3746,2023,IFF,2023-12-31,-10.05,-10.05,215000000,11000000,9980000000,14611000000,30978000000,,3.24,
3747,2022,IFF,2022-12-31,-7.32,-7.32,17008000000,,10580000000,17684000000,35407000000,,3.20,
3748,2021,IFF,2021-12-31,1.11,1.10,17449000000,,10971000000,21082000000,39658000000,,3.12,
3749,2020,IFF,2020-12-31,3.25,3.21,10356936000,,4444112000,6311153000,13555671000,,3.04,
3750,2019,IFF,2019-12-31,4.05,4.00,2222154000,,300000000,6217304000,13287411000,,2.96,
3751,2018,IFF,2018-12-31,3.81,3.79,12889395000,,4595174000,6032951000,12889395000,,2.84,
3752,2017,IFF,2017-12-31,3.73,3.72,4598926000,,1644400000,1684202000,4598926000,,2.66,
3753,2016,IFF,2016-12-31,5.07,5.05,4016984000,,1325371000,1626244000,4016984000,,2.40,
3754,2015,IFF,2015-12-31,5.19,5.16,3721454000,,1070193000,1590318000,3721454000,,2.06,
3755,2014,IFF,2014-12-31,5.09,5.06,3494621000,,942322000,1518561000,3494621000,,1.72,
3756,2013,IFF,2013-12-31,4.32,4.29,3331731000,,932814000,1463072000,3331731000,,1.46,
3757,2012,IFF,2012-12-31,3.11,3.09,3249600000,,1031175000,1248808000,3249600000,,1.30,
3758,2011,IFF,2011-12-31,3.30,3.26,2965581000,,894936000,1104412000,2965581000,,1.16,
3759,2024,ILMN,2024-12-29,-7.69,-7.69,6303000000,,1989000000,2000000,6303000000,,,
3760,2023,ILMN,2023-12-31,-7.34,-7.34,10111000000,,,2000000,10111000000,,,
3761,2023,ILMN,2023-01-01,-28.00,-28.00,5755000000,,,-93000000,12252000000,,,
3762,2022,ILMN,2022-01-02,5.07,5.04,5571000000,,,,15217000000,,,
3763,2021,ILMN,2021-01-03,4.48,4.45,7585000000,,,,7585000000,,,
3764,2019,ILMN,2019-12-29,6.81,6.74,7316000000,,,4613000000,7316000000,,,
3765,2018,ILMN,2018-12-30,1.42,1.41,6959000000,,,3758000000,6959000000,,,
3766,2017,ILMN,2017-12-31,0.84,0.84,4281000000,,,2197000000,4281000000,,,
3767,2017,ILMN,2017-01-01,0.84,0.84,4280600000,,,2197229000,4280600000,,,
3768,2016,ILMN,2016-01-03,0.72,0.70,3687747000,,,1848553000,3687747000,,,
3769,2014,ILMN,2014-12-28,0.47,0.40,3339640000,,,1462798000,3339640000,,,
3770,2013,ILMN,2013-12-29,1.00,0.90,3019006000,,,1533202000,3019006000,,,
3771,2012,ILMN,2012-12-30,0.70,1.13,2195840000,,,1075215000,2566085000,,,
3772,2012,ILMN,2012-01-01,0.70,0.62,2195840000,,,1075215000,2195840000,,,
3773,2011,ILMN,2011-01-02,1.01,0.87,1839113000,,,1197675000,1839113000,,,
3774,2024,INCY,2024-12-31,0.16,0.15,5444322000,1996694000,0,193000,5444322000,,,
3775,2023,INCY,2023-12-31,2.67,2.65,6782107000,1592270000,0,224000,6782107000,,,
3776,2022,INCY,2022-12-31,1.53,1.52,5840984000,1470865000,,223000,5840984000,,,
3777,2021,INCY,2021-12-31,4.30,4.27,4933352000,1163348000,,221000,4933352000,,,
3778,2020,INCY,2020-12-31,-1.36,-1.36,3560918000,949650000,,219000,3560918000,,,
3779,2019,INCY,2019-12-31,2.08,2.05,3426750000,828344000,,216000,3426750000,,,
3780,2018,INCY,2018-12-31,-0.19,-0.19,2645762000,719795000,19094000000,1925967000,2645762000,,,
3781,2017,INCY,2017-12-31,-0.96,-0.96,2302582000,671953000,26800000,1630629000,2302582000,,,
3782,2016,INCY,2016-12-31,0.13,0.12,1638597000,1219130000,749800000,419467000,1638597000,,,
3783,2015,INCY,2015-12-31,-0.11,-0.11,1007440000,836285000,749800000,171155000,1007440000,,,
3784,2014,INCY,2014-12-31,-0.21,-0.21,830069000,911697000,840900000,-81628000,830069000,,,
3785,2013,INCY,2013-12-31,,,629568000,822676000,846600000,-193108000,629568000,,,
3786,2012,INCY,2012-12-31,-0.36,-0.36,330419000,505376000,410000000,-174957000,330419000,,,
3787,2011,INCY,2011-12-31,,,328962000,556039000,420000000,126000,328962000,,,
3788,2025,INTC,2025-12-27,-0.06,-0.06,211429000000,-3000000000.0,46585000000,114281000000,211429000000,,,
3789,2024,INTC,2024-12-28,-4.38,-4.38,196485000000,,50011000000,99270000000,196485000000,,0.38,1599000000
3790,2023,INTC,2023-12-30,0.40,0.40,191572000000,,49266000000,105590000000,191572000000,,0.7400,3088000000
3791,2022,INTC,2022-12-31,1.95,1.94,182103000000,,38107000000,101423000000,182103000000,,1.4600,5997000000
3792,2021,INTC,2021-12-25,4.89,4.86,168406000000,,38101000000,28006000000,168406000000,,1.3900,5644000000
3793,2020,INTC,2020-12-26,4.98,4.94,153091000000,,36401000000,25556000000,153091000000,,1.3200,5568000000
3794,2019,INTC,2019-12-28,4.77,4.71,136524000000,,29003000000,25261000000,136524000000,,1.2,5578000000
3795,2018,INTC,2018-12-29,4.57,4.48,127963000000,,25859000000,74563000000,127963000000,,1.20,5541000000
3796,2017,INTC,2017-12-30,2.04,1.99,123249000000,,26776000000,69019000000,123249000000,,1.0775,5072000000
3797,2016,INTC,2016-12-31,2.18,2.12,113327000000,,25337000000,66226000000,113327000000,,1.04,4925000000
3798,2015,INTC,2015-12-26,2.41,2.33,103065000000,,22707000000,61085000000,103065000000,,0.96,4556000000
3799,2014,INTC,2014-12-27,2.39,2.31,91956000000,,1490000000,55865000000,91956000000,,0.90,4409000000
3800,2013,INTC,2013-12-28,1.94,1.89,92358000000,,1075000000,58256000000,92358000000,,0.9,4479000000
3801,2012,INTC,2012-12-29,2.20,2.13,84351000000,,1498000000,19464000000,84351000000,,0.87,4350000000
3802,2011,INTC,2011-12-31,2.46,2.39,71119000000,,1498000000,17036000000,71119000000,,0.7824,4127000000
3803,2025,INTU,2025-07-31,13.82,13.67,36958000000,17248000000,5000000000.0,3000000,36958000000,1189000000,4.16,1200000000
3804,2024,INTU,2024-07-31,10.58,10.43,32132000000,13696000000,5450000000,3000000,32132000000,1034000000,3.6,1000000000.0
3805,2023,INTU,2023-07-31,8.49,8.42,27780000000,10511000000,1490000000,3000000,27780000000,889000000,3.12,898000000
3806,2022,INTU,2022-07-31,7.38,7.28,27734000000,11293000000,1990000000,3000000,27734000000,774000000,2.72,781000000
3807,2021,INTU,2021-07-31,7.65,7.56,15516000000,5647000000,1990000000,3000000,15516000000,646000000,2.36,651000000
3808,2020,INTU,2020-07-31,6.99,6.92,10931000000,5825000000,1980000000,3000000,10931000000,561000000,2.12,
3809,2019,INTU,2019-07-31,5.99,5.89,6283000000,2534000000,386000000,3000000,6283000000,501000000,1.88,
3810,2018,INTU,2018-07-31,4.72,4.64,5178000000,2824000000,388000000,3000000,5178000000,407000000,1.56,
3811,2017,INTU,2017-07-31,3.78,3.72,4068000000,2714000000,438000000,3000000,4068000000,353000000,1.36,
3812,2016,INTU,2016-07-31,0.09,0.09,4250000000,3089000000,488000000,1161000000,4250000000,318000000,1.2,
3813,2015,INTU,2015-07-31,-0.23,-0.23,4968000000,2636000000,,2332000000,4968000000,283000000,1,
3814,2014,INTU,2014-07-31,3.18,3.12,5201000000,2123000000,,3078000000,5201000000,220000000,0.76,
3815,2013,INTU,2013-07-31,2.89,2.83,5486000000,1955000000,,3531000000,5486000000,203000000,0.68,
3816,2012,INTU,2012-07-31,2.67,2.60,4684000000,1940000000,,2744000000,4684000000,178000000,0.60,
3817,2011,INTU,2011-07-31,2.07,2,5110000000,2494000000,,2616000000,5110000000,,,
3818,2024,INVH,2024-12-31,0.74,0.74,18700951000,8908442000,2446041000,9756764000,18700951000,689244000,1.41,
3819,2023,INVH,2023-12-31,0.85,0.85,19220967000,9030532000,3211814000,10155971000,19220967000,638129000,0.0028,
3820,2022,INVH,2022-12-31,0.63,0.63,18536708000,8213077000,3203567000,10291342000,18536708000,539033000,0.88,
3821,2021,INVH,2021-12-31,0.45,0.45,18537846000,8699042000,2478122000,9797742000,18537846000,393812000,0.68,
3822,2020,INVH,2020-12-31,0.35,0.35,17506222000,8950149000,2470907000,8504825000,17506222000,332151000,0.60,
3823,2019,INVH,2019-12-31,0.27,0.27,17392910000,9126832000,1493747000,8214422000,17392910000,276681000,0.52,
3824,2018,INVH,2018-12-31,-0.03,-0.03,18063428000,9694242000,9249815000,8229111000,18063428000,230072000,0.11,
3825,2017,INVH,2017-12-31,-0.26,-0.26,18683638000,10033763000,9651662000,8498085000,18683638000,68997000,0.22,
3826,2016,INVH,2016-12-31,,,,,,,,,,
3827,2024,IP,2024-12-31,1.60,1.57,15805000000,,,,22800000000,643000000,,
3828,2023,IP,2023-12-31,0.83,0.82,16060000000,,,,23261000000,642000000,,
3829,2022,IP,2022-12-31,0.96,0.95,16425000000,,,,23940000000,673000000,,
3830,2021,IP,2021-12-31,0.89,0.88,16247000000,,,9082000000,25243000000,780000000,,
3831,2020,IP,2020-12-31,-0.36,-0.36,15976000000,,,7854000000,31718000000,806000000,,
3832,2019,IP,2019-12-31,1.06,1.05,16338000000,,,7713000000,33471000000,796000000,,
3833,2018,IP,2018-12-31,1.76,1.74,33576000000,,264000000,7362000000,33576000000,789000000,,
3834,2017,IP,2017-12-31,0.51,0.50,33903000000,,264000000,6522000000,33903000000,769000000,,
3835,2016,IP,2016-12-31,0.81,0.81,33345000000,,264000000,4341000000,33345000000,733000000,,
3836,2015,IP,2015-12-31,0.74,0.74,30587000000,,264000000,3884000000,30587000000,685000000,,
3837,2014,IP,2014-12-31,-0.21,-0.21,28684000000,,264000000,5115000000,28684000000,620000000,,
3838,2013,IP,2013-12-31,3.15,3.11,31528000000,,657000000,8105000000,31528000000,554000000,,
3839,2012,IP,2012-12-31,1.82,1.80,32153000000,,0,6304000000,32153000000,476000000,,
3840,2011,IP,2011-12-31,0.79,0.78,26993000000,,47000000,6620000000,26993000000,427000000,,
3841,2024,IPG,2024-12-31,1.84,1.83,10248100000,14415700000,,3797400000,18325800000,,,
3842,2023,IPG,2023-12-31,2.86,2.85,10715400000,15221200000,,3942600000,19267300000,,,
3843,2022,IPG,2022-12-31,2.40,2.37,9592400000,15100700000,,3647900000,18845000000,,,
3844,2021,IPG,2021-12-31,2.42,2.39,15596100000,16304400000,,3526000000,19909200000,,,
3845,2020,IPG,2020-12-31,0.90,0.89,18042700000,15005700000,,2895000000.0,18042700000,,0.255,
3846,2019,IPG,2019-12-31,1.70,1.68,15170300000,14761600000,,2775900000,17751900000,,0.235,
3847,2018,IPG,2018-12-31,-0.04,-0.04,15620300000,13019600000,,2393200000,15620300000,,0.21,
3848,2017,IPG,2017-12-31,0.05,0.05,12695200000,10207300000,,2201000000,12695200000,,0.18,
3849,2016,IPG,2016-12-31,0.01,0.01,12485200000,10175700000,,2017100000,12485200000,,0.150,
3850,2015,IPG,2015-12-31,0.00,0.00,12585100000,10331400000,,1965500000,12585100000,,0.120,
3851,2014,IPG,2014-12-31,-0.05,-0.05,12747200000,10338600000,,2116300000,12747200000,,0.095,
3852,2013,IPG,2013-12-31,0.62,0.61,12905000000,10405100000,1483400000,2215200000,12905000000,,0.30,
3853,2012,IPG,2012-12-31,1.01,0.94,13493900000,10810100000,2277400000,2420600000,13493900000,,0.24,
3854,2011,IPG,2011-12-31,1.12,0.99,12876600000,10135900000,1615700000,2461700000,12876600000,,0.24,
3855,2024,IPGP,2024-12-31,-4.09,-4.09,2289264000,264793000,,2024471000,2289264000,,,
3856,2023,IPGP,2023-12-31,4.64,4.63,2698898000,283513000,,2415385000,2698898000,,,
3857,2022,IPGP,2022-12-31,2.17,2.16,2743280000,357920000,16031000,2385360000,2743280000,,,
3858,2021,IPGP,2021-12-31,5.21,5.16,3170540000,423319000,34157000,2746582000,3170540000,,,
3859,2020,IPGP,2020-12-31,3.00,2.97,2935700000,341589000,37967000,2592819000,2935700000,,,
3860,2019,IPGP,2019-12-31,3.40,3.35,2730436000,327993000,41708000,2401726000,2730436000,,,
3861,2018,IPGP,2018-12-31,7.55,7.38,2574450000,368215000,45378000,2205548000,2574450000,,,
3862,2017,IPGP,2017-12-31,1.40,1.38,2367255000,344933000,48982000,2022322000,2367255000,,,
3863,2016,IPGP,2016-12-31,0.93,0.92,1789999000,232275000,40823000,1557558000,1789999000,,,
3864,2015,IPGP,2015-12-31,1.09,1.08,1453429000,192764000,,1259528000,1453429000,,,
3865,2014,IPGP,2014-12-31,0.78,0.77,1210887000,164326000,,1046561000,1210887000,,,
3866,2013,IPGP,2013-12-31,3.02,2.97,1061216000,133247000,,927969000,1061216000,,,
3867,2012,IPGP,2012-12-31,0.63,0.61,895498000,152571000,1519000,742927000,895498000,33353000,,
3868,2011,IPGP,2011-12-31,0.49,0.47,608132000,118399000,2006000,443323000,608132000,,,
3869,2024,IQV,2024-12-31,7.57,7.49,26899000000,20832000000,2732000000,-1092000000,26899000000,,,
3870,2023,IQV,2023-12-31,7.39,7.29,26681000000,20569000000,2449000000,-969000000,26681000000,,,
3871,2022,IQV,2022-12-31,5.82,5.72,25337000000,19572000000,5211000000,-825000000,25337000000,,,
3872,2021,IQV,2021-12-31,5.05,4.95,24689000000,18647000000,5227000000,6042000000,24689000000,,,
3873,2020,IQV,2020-12-31,1.46,1.43,24564000000,18284000000,5323000000,6001000000,24564000000,,,
3874,2019,IQV,2019-12-31,0.98,0.96,23251000000,16988000000,5273000000,6003000000,23251000000,,,
3875,2018,IQV,2018-12-31,1.27,1.24,22549000000,15595000000,4590000000,6714000000,22549000000,,,
3876,2017,IQV,2017-12-31,6.01,5.88,22742000000,14384000000,4036000000,8109000000,22742000000,,,
3877,2016,IQV,2016-12-31,0.77,0.76,21208000000,12348000000,7219000000,8633000000,21208000000,,,
3878,2015,IQV,2015-12-31,3.15,3.08,3926316000,4261997000,800000000,-564217000,3926316000,,,
3879,2014,IQV,2014-12-31,2.78,2.72,3305832000,4009844000,2305606000,-704061000,3305832000,,,
3880,2013,IQV,2013-12-31,1.83,1.77,3066797000,3734282000,2060763000,-667413000,3066797000,288300000,,
3881,2024,IR,2024-12-31,2.08,2.06,10369600000,7764500000,0,10179000000,18009800000,,,32300000
3882,2023,IR,2023-12-31,1.92,1.90,10138800000,5716800000,0,9783800000,15563500000,,,32400000
3883,2022,IR,2022-12-31,1.49,1.47,9204700000,5508700000,0,9195800000,14765900000,,,32400000
3884,2021,IR,2021-12-31,1.36,1.34,9101700000,6083300000,0,9001500000,15154500000,,,8200000
3885,2020,IR,2020-12-31,-0.09,-0.09,9113400000,6869100000,0,9119700000,16058600000,,,
3886,2019,IR,2019-12-31,0.78,0.76,2024900000,2758500000,4400000,-193600000,4628400000,,,
3887,2018,IR,2018-12-31,1.34,1.29,4487100000,2811100000,0,-190600000,4487100000,,,
3888,2017,IR,2017-12-31,0.10,0.10,4621200000,3144400000,0,1476800000,4621200000,,,
3889,2024,IRM,2024-12-31,0.61,0.61,10408885000,,111747000,-503122000,18717115000,,0.6500,809784000
3890,2023,IRM,2023-12-31,0.63,0.63,10876225000,,-4621000,211648000,17473802000,,0.6185,745770000
3891,2022,IRM,2022-12-31,1.92,1.90,10654650000,,1065410000,636668000,16140514000,,0.6185,728101000
3892,2021,IRM,2021-12-31,1.56,1.55,11028611000,,-5174000,855952000,14450031000,,0.6185,721032000
3893,2020,IRM,2020-12-31,1.19,1.19,10938359000,,-8620000,1136729000,14149267000,,0.6185,718136000
3894,2019,IRM,2019-12-31,0.93,0.93,7315454000,,336755000,1463962000,7315454000,2369000,0.6110,708561000
3895,2018,IRM,2018-12-31,0.16,0.16,11852247000,,8142823000,1884180000,11852247000,644000,0.5875,167969000
3896,2017,IRM,2017-12-31,0.22,0.22,10972402000,,1000000000,2297438000,10972402000,205000,0.55,145417000
3897,2016,IRM,2016-12-31,0.30,0.30,9486800000,,6251181000,1936547000,9486800000,645000,0.485,102651000
3898,2015,IRM,2015-12-31,0.20,0.19,6350587000,,4845678000,508841000,6350587000,1015000,0.4750,99795000
3899,2014,IRM,2014-12-31,0.22,0.22,6570342000,,4663531000,856355000,6570342000,312000,5.3713,493513000
3900,2013,IRM,2013-12-31,0.51,0.51,4433428000,,4171722000,1047338000,6653005000,820000,0.2700,51460000
3901,2012,IRM,2012-12-31,0.99,0.98,6358339000,,3825003000,1149971000,6358339000,,5.1200,328707000
3902,2011,IRM,2011-12-31,2.03,2.02,3731615000,,3353588000,1245688000,3731615000,,0.1875,37601000
3903,2024,ISRG,2024-12-31,6.54,6.42,18743200000,2213600000,,16433700000,18743200000,,,
3904,2023,ISRG,2023-12-31,5.12,5.03,15441500000,2044200000,,13307600000,15441500000,,,
3905,2022,ISRG,2022-12-31,3.72,3.65,12974000000,1861400000,,11041900000,12974000000,,,
3906,2021,ISRG,2021-12-31,1.07,1.03,13555000000,1603500000,,11901100000,13555000000,,,
3907,2020,ISRG,2020-12-31,9.06,8.82,11168900000,1409800000,,9731500000,11168900000,,,
3908,2019,ISRG,2019-12-31,11.95,11.54,9733200000,1448500000,,8263800000,9733200000,,,
3909,2018,ISRG,2018-12-31,2.55,2.44,7846700000,1159200000,,6678800000,7846700000,,,
3910,2017,ISRG,2017-12-31,1.61,1.56,5758000000,1031200000,,4725200000,5758000000,,,
3911,2016,ISRG,2016-12-31,3.62,3.54,6486900000,709100000,,5777800000,6486900000,,,
3912,2015,ISRG,2015-12-31,2.64,2.57,4907300000,587800000,,4319500000,4907300000,,,
3913,2014,ISRG,2014-12-31,1.16,1.13,3959400000,580000000,,3379400000,3959400000,,,
3914,2013,ISRG,2013-12-31,17.12,16.73,3950300000,448900000,,3501400000,3950300000,,,
3915,2012,ISRG,2012-12-31,16.50,15.98,4059200000,479100000,,3580100000,4059200000,,,
3916,2011,ISRG,2011-12-31,2.66,2.59,3063100000,417500000,,2645600000,3063100000,,,
3917,2024,IT,2024-12-31,16.12,16.00,8534671000,7175502000,795296000,82000,8534671000,,,
3918,2023,IT,2023-12-31,11.17,11.08,7835919000,7155285000,794088000,82000,7835919000,,,
3919,2022,IT,2022-12-31,10.08,9.96,7299736000,7071938000,792934000,82000,7299736000,,,
3920,2021,IT,2021-12-31,9.33,9.21,7416324000,7045266000,791833000,82000,7416324000,,,
3921,2020,IT,2020-12-31,2.99,2.96,7315967000,6225539000,0,82000,7315967000,,,
3922,2019,IT,2019-12-31,2.60,2.56,7151294000,638700000,785000000.0,82000,7151294000,,,
3923,2018,IT,2018-12-31,1.35,1.33,6201474000,5350717000,,850757000,6201474000,,,
3924,2017,IT,2017-12-31,0.04,0.04,7283173000,6299708000,,983465000,7283173000,,,
3925,2016,IT,2016-12-31,2.34,2.31,2367335000,2306457000,694391000,60878000,2367335000,,,
3926,2015,IT,2015-12-31,2.09,2.06,2174686000,2307086000,,-132400000,2174686000,,,
3927,2014,IT,2014-12-31,2.06,2.03,1904351000,1743180000,,161171000,1904351000,,,
3928,2013,IT,2013-12-31,1.97,1.93,1783582000,1422266000,,361316000,1783582000,,,
3929,2012,IT,2012-12-31,1.78,1.73,1621277000,1314604000,,306673000,1621277000,,,
3930,2011,IT,2011-12-31,1.43,1.39,1379872000,1198088000,,181784000,1379872000,,,
3931,2024,ITT,2024-12-31,6.34,6.30,1186600000,1941100000,,2762600000,4710700000,,1.276,
3932,2023,ITT,2023-12-31,4.99,4.96,1366600000,1393500000,,2528200000,3932600000,,1.16,
3933,2022,ITT,2022-12-31,4.40,4.38,1311900000,1522900000,,2248100000,3780300000,,1.056,
3934,2021,ITT,2021-12-31,3.68,3.66,1272800000,1334700000,,2225800000,3565400000,,0.88,
3935,2020,ITT,2020-12-31,0.84,0.83,1202300000,2149700000,,2126400000,4277600000,,0.676,
3936,2019,ITT,2019-12-31,3.71,3.67,1178200000,2029900000,,2074900000,4107700000,,0.588,
3937,2018,ITT,2018-12-31,3.81,3.76,1147200000,2021900000,,1822400000,3846800000,,0.536,
3938,2017,ITT,2017-12-31,1.29,1.28,1025700000,2102400000,,1596100000,3700200000,,0.512,
3939,2016,ITT,2016-12-31,2.09,2.07,998100000,2173300000,,1426400000,3601700000,,0.496,
3940,2015,ITT,2015-12-31,3.92,3.88,3723600000,2358200000,,1362100000,3723600000,,0.4732,
3941,2014,ITT,2014-12-31,2.02,1.99,3631500000,2411200000,,1214900000,3631500000,,0.44,
3942,2013,ITT,2013-12-31,5.37,5.29,3740200000,2533300000,,1201000000,3740200000,,0.40,
3943,2012,ITT,2012-12-31,1.35,1.33,3386100000,2682900000,,703200000,3386100000,,0.364,
3944,2011,ITT,2011-12-31,,,3671000000,2977000000,,694000000,3671000000,,1.591,
3945,2024,ITW,2024-12-31,11.75,11.71,2578000000,,0,,15067000000,,5.80,
3946,2023,ITW,2023-12-31,9.77,9.74,2615000000,,0,,15518000000,,5.42,
3947,2022,ITW,2022-12-31,9.80,9.77,2447000000,,0,,15422000000,,5.06,
3948,2021,ITW,2021-12-31,8.55,8.51,2260000000,,0,,16077000000,,4.72,
3949,2020,ITW,2020-12-31,6.66,6.63,2302000000,,8122000000,,15612000000,,4.42,
3950,2019,ITW,2019-12-31,7.78,7.74,2417000000,,0,,15068000000,,4.14,
3951,2018,ITW,2018-12-31,1.92,1.90,14870000000,,7379000000,,14870000000,,3.56,
3952,2017,ITW,2017-12-31,1.55,1.54,16780000000,,7479000000,,16780000000,,2.86,
3953,2016,ITW,2016-12-31,1.29,1.29,15201000000,,7827000000,,15201000000,,2.40,
3954,2015,ITW,2015-12-31,1.22,1.21,15729000000,,6897000000,1135000000,15729000000,,2.07,
3955,2014,ITW,2014-12-31,1.12,1.11,17678000000,,5982000000,1096000000,17678000000,,1.81,
3956,2013,ITW,2013-12-31,3.76,3.74,19966000000,,4627000000,6000000,19966000000,,1.60,
3957,2012,ITW,2012-12-31,6.11,6.06,19309000000,,4595000000,5000000,19309000000,,1.48,
3958,2011,ITW,2011-12-31,4.21,4.19,17983514000,,3750541000,686155000,17983514000,,1.40,
3959,2024,IVZ,2024-12-31,1.18,1.18,27008900000,11340100000,890600000,14559900000,27008900000,,0.815,
3960,2023,IVZ,2023-12-31,-0.73,-0.73,28933800000,13017800000,1489500000,14597600000,28933800000,,0.7875,
3961,2022,IVZ,2022-12-31,1.50,1.49,29756800000,12914600000,1487600000,15213600000,29756800000,,0.73,
3962,2021,IVZ,2021-12-31,3.01,2.99,32685600000,16006800000,2085100000,15495800000,32685600000,,0.67,
3963,2020,IVZ,2020-12-31,1.14,1.13,36504100000,21483400000,2082600000,14361800000,36504100000,,0.78,
3964,2019,IVZ,2019-12-31,1.29,1.28,39420300000,24718500000,2080300000,13862500000,39420300000,,1.23,
3965,2018,IVZ,2018-12-31,2.14,2.14,30978400000,21646000000,2408800000,8578800000,30978400000,,1.19,
3966,2017,IVZ,2017-12-31,2.75,2.75,31668800000,22470000000,2075800000,8696100000,31668800000,,1.15,
3967,2016,IVZ,2016-12-31,2.06,2.06,25734300000,17838800000,2102400000,7503800000,25734300000,,1.11,
3968,2015,IVZ,2015-12-31,2.26,2.26,25073200000,16210200000,2072800000,7885300000,25073200000,,1.06,
3969,2014,IVZ,2014-12-31,2.27,2.27,20462500000,11177200000,1589300000,8326000000,20462500000,,0.25,
3970,2013,IVZ,2013-12-31,2.10,2.10,19270500000,10293200000,1588600000,8392600000,19270500000,,0.8475,
3971,2012,IVZ,2012-12-31,1.50,1.49,17492400000,8443400000,1186000000,8316800000,17492400000,,0.6400,
3972,2011,IVZ,2011-12-31,1.58,1.57,19347000000,10209400000,1284700000,8119100000,19347000000,,0.4775,
3973,2025,J,2025-09-26,2.39,2.38,11252535000,144700000,,3640807000,11252535000,,0.32,117977000
3974,2024,J,2024-09-27,6.35,6.32,11759005000,122700000,,4549467000,11759005000,,0.29,145924000
3975,2023,J,2023-09-29,5.32,5.30,14617109000,279800000,,6546220000,14617109000,,0.26,132468000
3976,2022,J,2022-09-30,5.01,4.98,14660419000,228100000,19000000,6060056000,14660419000,,0.23,118291000
3977,2021,J,2021-10-01,3.22,3.20,14632609000,220800000,,5940041000,14632609000,155972000,0.21,109616000
3978,2020,J,2020-10-02,3.74,3.71,12354353000,190300000,,5815712000,12354353000,143962000,0.19,99921000
3979,2019,J,2019-09-27,6.14,6.08,11462711000,,,5714691000,11462711000,106396000,0.15,92980000
3980,2018,J,2018-09-28,0.34,0.34,12645795000,,,5854345000,12645795000,86569000,0.15,85608000
3981,2017,J,2017-09-29,2.43,2.42,7380859000,,,4428352000,7380859000,54234000,,72765000
3982,2016,J,2016-09-30,1.75,1.73,7360022000,,,4265276000,7360022000,,,
3983,2015,J,2015-10-02,0.65,0.64,7785926000,,,4291745000,7785926000,,,
3984,2014,J,2014-09-26,2.51,2.48,8453659000,,,4469255000,8453659000,,,
3985,2013,J,2013-09-27,3.27,3.23,7274144000,,,4213097000,7274144000,,,
3986,2012,J,2012-09-28,2.97,2.94,6839433000,,,3722473000,6839433000,,,
3987,2011,J,2011-09-30,2.63,2.60,6049428000,,,3312988000,6049428000,,,
3988,2024,JBHT,2024-12-31,5.6,5.56,3507000000,4297765000,977700000,1671000,8312270000,175543000,0.43,
3989,2023,JBHT,2023-12-31,7.04,6.97,3391000000,4434502000,1326100000,1671000,8538260000,173898000,0.42,
3990,2022,JBHT,2022-12-31,9.31,9.21,3270000000,4119814000,1261700000,1671000,7786582000,166724000,0.40,
3991,2021,JBHT,2021-12-31,7.22,7.14,2858000000,3676532000,945200000,1671000,6794348000,124442000,0.30,
3992,2020,JBHT,2020-12-31,4.79,4.74,2426000000,3328210000,1305400000,1671000,5928348000,114234000,1.08,
3993,2019,JBHT,2019-12-31,4.81,4.77,2217000000,3203825000,0,1671000,5470854000,111817000,1.04,
3994,2018,JBHT,2018-12-31,4.48,4.43,5091647000,2990263000,555900000,2101384000,5091647000,104994000,0.24,
3995,2017,JBHT,2017-12-31,6.24,6.18,4465349000,2626024000,490000000,1839325000,4465349000,101362000,0.92,
3996,2016,JBHT,2016-12-31,3.84,3.81,3828988000,2414927000,387300000,1414061000,3828988000,98990000,0.88,
3997,2015,JBHT,2015-12-31,3.69,3.66,3636567000,2336215000,399800000,1300352000,3636567000,97364000,0.84,
3998,2014,JBHT,2014-12-31,3.20,3.16,3397117000,2192594000,750500000,1204523000,3397117000,93604000,0.80,
3999,2013,JBHT,2013-12-31,2.92,2.87,2819404000,1806952000,150000000,1012452000,2819404000,52811000,0.45,
4000,2012,JBHT,2012-12-31,2.64,2.59,2464641000,1672781000,200000000,791860000,2464641000,83431000,0.71,
4001,2011,JBHT,2011-12-31,2.16,2.11,2267332000,1699789000,699200000,567543000,2267332000,62243000,0.52,
4002,2025,JBL,2025-08-31,6.00,5.92,6262000000,17026000000,499000000,1513000000,18543000000,36000000,0.08,8000000
4003,2024,JBL,2024-08-31,11.34,11.17,4384000000,15614000000,498000000,1737000000,17351000000,42000000,0.08,10000000
4004,2023,JBL,2023-08-31,6.15,6.02,4859000000,16557000000,0,2866000000,19424000000,45000000,,
4005,2022,JBL,2022-08-31,7.06,6.90,5402000000,17265000000,0,2451000000,19717000000,48000000,,
4006,2021,JBL,2021-08-31,4.69,4.58,4340000000,14517000000,499000000,2136000000,16654000000,50000000,,
4007,2020,JBL,2020-08-31,0.36,0.35,4247897000,12572017000,0,1811384000,14397416000,50462000,,
4008,2019,JBL,2019-08-31,1.85,1.81,12970475000,11069717000,2496465000,1887443000,12970475000,52004000,,
4009,2018,JBL,2018-08-31,0.50,0.49,12045641000,10082261000,2518699000,1950257000,12045641000,57833000,0.32,
4010,2017,JBL,2017-08-31,0.71,0.69,11095995000,8727651000,,2353514000,11095995000,59959000,0.32,
4011,2016,JBL,2016-08-31,1.33,1.32,2615237000,7865180000,,2438171000,10322677000,62436000,0.32,
4012,2015,JBL,2015-08-31,1.47,1.45,28500000,7268196000,,2314856000,9603207000,63138000,0.32,
4013,2014,JBL,2014-08-31,1.19,1.19,8479746000,6219378000,,2241828000,8479746000,68211000,0.32,
4014,2013,JBL,2013-08-31,1.83,1.79,9153781000,6798214000,,2335287000,9153781000,67181000,0.32,
4015,2012,JBL,2012-08-31,1.91,1.87,7803141000,5695806000,,2105057000,7803141000,65240000,0.32,
4016,2011,JBL,2011-08-31,1.78,1.73,7057940000,5174117000,,1867120000,7057940000,60411000,0.28,
4017,2025,JBL,2025-08-31,6.00,5.92,6262000000,17026000000,499000000,1513000000,18543000000,36000000,0.08,8000000
4018,2024,JBL,2024-08-31,11.34,11.17,4384000000,15614000000,498000000,1737000000,17351000000,42000000,0.08,10000000
4019,2023,JBL,2023-08-31,6.15,6.02,4859000000,16557000000,0,2866000000,19424000000,45000000,,
4020,2022,JBL,2022-08-31,7.06,6.90,5402000000,17265000000,0,2451000000,19717000000,48000000,,
4021,2021,JBL,2021-08-31,4.69,4.58,4340000000,14517000000,499000000,2136000000,16654000000,50000000,,
4022,2020,JBL,2020-08-31,0.36,0.35,4247897000,12572017000,0,1811384000,14397416000,50462000,,
4023,2019,JBL,2019-08-31,1.85,1.81,12970475000,11069717000,2496465000,1887443000,12970475000,52004000,,
4024,2018,JBL,2018-08-31,0.50,0.49,12045641000,10082261000,2518699000,1950257000,12045641000,57833000,0.32,
4025,2017,JBL,2017-08-31,0.71,0.69,11095995000,8727651000,,2353514000,11095995000,59959000,0.32,
4026,2016,JBL,2016-08-31,1.33,1.32,2615237000,7865180000,,2438171000,10322677000,62436000,0.32,
4027,2015,JBL,2015-08-31,1.47,1.45,28500000,7268196000,,2314856000,9603207000,63138000,0.32,
4028,2014,JBL,2014-08-31,1.19,1.19,8479746000,6219378000,,2241828000,8479746000,68211000,0.32,
4029,2013,JBL,2013-08-31,1.83,1.79,9153781000,6798214000,,2335287000,9153781000,67181000,0.32,
4030,2012,JBL,2012-08-31,1.91,1.87,7803141000,5695806000,,2105057000,7803141000,65240000,0.32,
4031,2011,JBL,2011-08-31,1.78,1.73,7057940000,5174117000,,1867120000,7057940000,60411000,0.28,
4032,2025,JCI,2025-09-30,5.04,5.03,37939000000,21000000,9195000000,12927000000,37939000000,,1.51,
4033,2024,JCI,2024-09-30,2.53,2.52,16159000000,,8568000000,16098000000,42695000000,,1.48,
4034,2023,JCI,2023-09-30,2.70,2.69,15603000000,,0,16545000000,42242000000,,1.45,
4035,2022,JCI,2022-09-30,2.20,2.19,14429000000,,0,16268000000,42158000000,,1.39,
4036,2021,JCI,2021-09-30,2.28,2.27,15317000000,,0,17562000000,41890000000,762000000,1.07,
4037,2020,JCI,2020-09-30,0.84,0.84,15215000000,,0,17447000000,40815000000,790000000,1.04,
4038,2019,JCI,2019-09-30,6.52,6.49,15562000000,,453000000,19766000000,42287000000,920000000,1.04,
4039,2018,JCI,2018-09-30,2.34,2.32,48797000000,,30000000,21164000000,48797000000,954000000,0.26,
4040,2017,JCI,2017-09-30,1.72,1.71,51884000000,48000000,0,20447000000,51884000000,702000000,0.25,
4041,2016,JCI,2016-09-30,-1.30,-1.30,63253000000,259000000,900000000,24118000000,63253000000,915000000,0.29,
4042,2015,JCI,2015-09-25,1.31,1.29,12321000000,8245000000,3146000000,4041000000,12321000000,324000000,,
4043,2014,JCI,2014-09-26,4.04,3.97,11809000000,7126000000,1463000000,4647000000,11809000000,311000000,,
4044,2013,JCI,2013-09-27,1.15,1.14,12176000000,7043000000,42000000,5098000000,12176000000,288000000,,
4045,2012,JCI,2012-09-28,1.02,1.02,12365000000,7343000000,257000000,4994000000,12365000000,461000000,,
4046,2011,JCI,2011-09-30,3.66,3.62,26777000000,12497000000,655000000,14182000000,26777000000,458000000,,
4047,2025,JEF,2025-11-30,2.93,2.83,3044800000,65369738000,0,10574696000,76012347000,,1.60,361696000
4048,2024,JEF,2024-11-30,3.08,2.99,2829700000,54134916000,0,10156772000,64360309000,,1.30,290086000
4049,2023,JEF,2023-11-30,1.12,1.10,2493300000,48102620000,0,9709827000,57905161000,,1.20,290135000
4050,2022,JEF,2022-11-30,3.13,3.06,0,40630743000,393048000,10232846000,51057683000,,1.20,298927000
4051,2021,JEF,2021-11-30,6.29,6.13,1050000000.00,49674070000,440120000,10553755000,60404110000,,0.90,239211000
4052,2020,JEF,2020-11-30,2.68,2.65,566100000,43530151000,745883000,9403893000,53118352000,,0.60,171158000
4053,2019,JEF,2019-11-30,3.07,3.03,645800000,39706945000,744606000,9579705000,49460234000,,0.5,158302000
4054,2017,JEF,2017-12-31,0.76,0.75,47169108000,36478536000,7885783000,10105957000,47169108000,,0.3250,120974000
4055,2016,JEF,2016-12-31,-0.60,-0.60,45071307000,34305849000,7380443000,10128100000,45071307000,,,93529000
4056,2015,JEF,2015-12-31,1.00,0.99,46339812000,35557289000,7407594000,10401211000,46339812000,,,94674000
4057,2014,JEF,2014-12-31,0.25,0.25,52623908000,41942200000,8527929000,10302158000,52623908000,,,95077000
4058,2013,JEF,2013-12-31,1.10,1.08,47866781000,37327653000,8180865000,10102462000,47866781000,,,93428000
4059,2012,JEF,2012-12-31,2.01,1.97,9349118000,2339834000,1358695000,6767268000,9349118000,,,
4060,2011,JEF,2011-12-31,0.04,0.04,9263189000,2849019000,1905704000,6174396000,9263189000,,,
4061,2025,JKHY,2025-06-30,6.25,6.24,3043970000,913138000,0,1044000,3043970000,164644000,2.26,164644000
4062,2024,JKHY,2024-06-30,5.24,5.23,2924481000,1082117000,60000000,1042000,2924481000,155877000,2.14,155877000
4063,2023,JKHY,2023-06-30,5.03,5.02,2773826000,1165316000,275000000,1041000,2773826000,147237000,2.02,147237000
4064,2022,JKHY,2022-06-30,4.95,4.94,2455564000,1073941000,115000000,1039000,2455564000,139070000,1.90,139070000
4065,2021,JKHY,2021-06-30,4.12,4.12,2336156000,1016864000,100000000,1038000,2336156000,133800000,1.78,133800000
4066,2020,JKHY,2020-06-30,3.86,3.86,2428474000,878786000,0,1036000,2428474000,127421000,1.66,127421000
4067,2019,JKHY,2019-06-30,0.77,0.77,2184829000,755816000,0,1429013000,2184829000,118745000,0.40,118745000
4068,2018,JKHY,2018-06-30,0.94,0.93,2050303000,783475000,0,1266828000,2050303000,105021000,0.37,105021000
4069,2017,JKHY,2017-06-30,0.77,0.77,1908945000,876894000,50000000,1032051000,1908945000,91707000,0.31,91707000
4070,2016,JKHY,2016-06-30,0.68,0.68,1815512000,819302000,0,996210000,1815512000,84118000,0.28,84118000
4071,2015,JKHY,2015-06-30,0.63,0.63,1836835000,845301000,50816000,991534000,1836835000,76410000,0.25,76410000
4072,2014,JKHY,2014-06-30,2.37,2.36,1624292000,586131000,7757000,1038161000,1624292000,71251000,0.22,71251000
4073,2013,JKHY,2013-06-30,2.05,2.04,1629155000,556986000,14281000,1072169000,1629155000,48202000,,48202000
4074,2012,JKHY,2012-06-30,1.79,1.78,1619492000,636436000,131463000,983056000,1619492000,38128000,,38128000
4075,2011,JKHY,2011-06-30,,,,,,,,,,
4076,2024,JNJ,2024-12-29,5.84,5.79,57070000000,108614000000,0,,180104000000,,,
4077,2023,JNJ,2023-12-31,13.88,13.72,58324000000,98784000000,0,,167558000000,,,
4078,2023,JNJ,2023-01-01,6.83,6.73,24068000000,110574000000,0,,187378000000,,1.13,
4079,2022,JNJ,2022-01-02,7.93,7.81,25081000000,107995000000,0,,182018000000,,1.06,
4080,2021,JNJ,2021-01-03,5.59,5.51,27355000000,111616000000,0,,174894000000,,1.01,
4081,2019,JNJ,2019-12-29,5.72,5.63,26618000000,98257000000,0,,157728000000,,,
4082,2018,JNJ,2018-12-30,1.63,1.60,152954000000,93202000000,500000000,,152954000000,,,
4083,2017,JNJ,2017-12-31,1.41,1.38,141208000000,70790000000,1041000000,,141208000000,,,
4084,2017,JNJ,2017-01-01,1.41,1.38,141208000000,70790000000,1041000000,,141208000000,,,
4085,2016,JNJ,2016-01-03,1.16,1.15,133411000000,62261000000,14961000000,,133411000000,,,
4086,2014,JNJ,2014-12-28,1.67,1.64,131119000000,61367000000,15129000000,,131119000000,,,
4087,2013,JNJ,2013-12-29,4.92,4.81,132683000000,58630000000,15097000000,,132683000000,,,
4088,2012,JNJ,2012-12-30,3.94,3.49,121347000000,56564000000,13585000000,,121347000000,,,
4089,2012,JNJ,2012-01-01,3.54,3.49,113644000000,56564000000,13585000000,,113644000000,,,
4090,2011,JNJ,2011-01-02,4.85,4.78,102908000000,46329000000,9169000000,,102908000000,,,
4091,2024,JPM,2024-12-31,19.79,19.75,13699000000,3658056000000,57414000000,20050000000,4002814000000,14783000000,4.80,
4092,2023,JPM,2023-12-31,16.25,16.23,9577000000,3547515000000,47768000000,27404000000,3875393000000,13463000000,4.10,
4093,2022,JPM,2022-12-31,12.10,12.09,9799000000,3373411000000,41341000000,27404000000,3665743000000,13562000000,4.00,
4094,2021,JPM,2021-12-31,15.39,15.36,11210000000,3449440000000,35957000000,34838000000,3743567000000,12858000000,3.80,
4095,2020,JPM,2020-12-31,8.89,8.88,12110000000,3106717000000,40560000000,30063000000,3386071000000,12690000000,3.60,
4096,2019,JPM,2019-12-31,10.75,10.72,15252000000,2426049000000,40124000000,-21000000,2687379000000,12343000000,3.40,
4097,2018,JPM,2018-12-31,9.04,9.00,32251000000,2366017000000,32674000000,-21000000,2622532000000,10109000000,2.72,
4098,2017,JPM,2017-12-31,6.35,6.31,2533600000000,2277907000000,184252000000,255693000000,2533600000000,8993000000,2.12,
4099,2016,JPM,2016-12-31,6.24,6.19,2490972000000,2236782000000,181789000000,254190000000,2490972000000,8476000000,1.88,
4100,2015,JPM,2015-12-31,6.05,6.00,2351698000000,2104125000000,179233000000,247573000000,2351698000000,7873000000,1.72,
4101,2014,JPM,2014-12-31,5.34,5.29,2573126000000,2341061000000,171211000000,232065000000,2573126000000,6990000000,0.38,
4102,2013,JPM,2013-12-31,4.39,4.35,78606000000,50678000000,267889000000,211178000000,2415689000000,6056000000,1.44,
4103,2012,JPM,2012-12-31,5.22,5.20,2359141000000,2155072000000,249024000000,204069000000,2359141000000,5194000000,1.20,
4104,2011,JPM,2011-12-31,4.50,4.48,101471000000,67464000000,256775000000,183573000000,2265792000000,3895000000,1.00,
4105,2024,K,2024-12-28,3.92,3.88,15628000000,,5630000000,3775000000,15628000000,,2.26,776000000
4106,2023,K,2023-12-30,2.78,2.76,15621000000,,5752000000,3175000000,15621000000,663000000,2.34,800000000
4107,2022,K,2022-12-31,2.81,2.79,18496000000,,6097000000,3941000000,18496000000,,2.31,788000000
4108,2022,K,2022-01-01,4.36,4.33,18178000000,,6974000000,3720000000,18178000000,,2.31,788000000
4109,2021,K,2021-01-02,3.65,3.63,17996000000,,7373000000,3112000000,17996000000,,2.28,782000000
4110,2019,K,2019-12-28,2.81,2.80,17564000000,,7815000000,2747000000,17564000000,,2.26,769000000
4111,2018,K,2018-12-29,1.28,1.27,17780000000,,8717000000,2601000000,17780000000,,2.20,773000000
4112,2017,K,2017-12-30,0.75,0.74,16350000000,,8245000000,2212000000,16350000000,,,736000000
4113,2016,K,2016-12-31,-0.12,-0.12,15251000000,,6541000000,2128000000,15251000000,,,700000000
4114,2016,K,2016-01-02,-0.12,-0.12,15265000000,,6555000000,2128000000,15265000000,,,700000000
4115,2015,K,2015-01-03,1.76,1.75,15153000000,,19000000,2789000000,15153000000,,,680000000
4116,2013,K,2013-12-28,4.98,4.94,15474000000,,30000000,3545000000,15474000000,,,653000000
4117,2012,K,2012-12-29,2.68,2.67,15184000000,,39000000,2419000000,15184000000,,,622000000
4118,2011,K,2011-12-31,3.40,3.38,11901000000,,5798000000,1760000000,11901000000,,,584000000
4119,2011,K,2011-01-01,3.32,3.3,11847000000,,5860000000,2158000000,11847000000,,,584000000
4120,2024,KDP,2024-12-31,1.06,1.05,53430000000,29187000000,12948000000,14000000,53430000000,1194000000,0.89,
4121,2023,KDP,2023-12-31,1.56,1.55,52130000000,26454000000,11095000000,14000000,52130000000,1142000000,0.83,
4122,2022,KDP,2022-12-31,1.01,1.01,51837000000,26712000000,11568000000,14000000,51837000000,1080000000,0.775,
4123,2021,KDP,2021-12-31,1.52,1.50,50598000000,25626000000,0,14000000,50598000000,955000000,0.7125,
4124,2020,KDP,2020-12-31,0.94,0.93,49779000000,25949000000,423000000,14000000,49779000000,846000000,0.60,
4125,2019,KDP,2019-12-31,0.89,0.88,49518000000,24340000000,1372000000,14000000,47597000000,844000000,,
4126,2018,KDP,2018-12-31,0.11,0.11,48918000000,26385000000,14580000000,22533000000,48918000000,232000000,103.75,
4127,2017,KDP,2017-12-31,5.91,5.89,10022000000,7571000000,4230000000,2451000000,10022000000,,2.32,
4128,2016,KDP,2016-12-31,0.97,0.96,9791000000,7657000000,4325000000,2134000000,9791000000,,0.53,
4129,2015,KDP,2015-12-31,0.82,0.81,8869000000,6686000000,3246000000,2183000000,8869000000,,0.48,
4130,2014,KDP,2014-12-31,0.78,0.78,8273000000,5979000000,500000000,2294000000,8273000000,,0.41,
4131,2013,KDP,2013-12-31,3.08,3.05,8201000000,5924000000,,2277000000,8201000000,,1.52,
4132,2012,KDP,2012-12-31,2.99,2.96,8928000000,6648000000,,2280000000,8928000000,,1.36,
4133,2011,KDP,2011-12-31,2.77,2.74,9283000000,7020000000,,2263000000,9283000000,,1.21,
4134,2024,KDP,2024-12-31,1.06,1.05,53430000000,29187000000,12948000000,14000000,53430000000,1194000000,0.89,
4135,2023,KDP,2023-12-31,1.56,1.55,52130000000,26454000000,11095000000,14000000,52130000000,1142000000,0.83,
4136,2022,KDP,2022-12-31,1.01,1.01,51837000000,26712000000,11568000000,14000000,51837000000,1080000000,0.775,
4137,2021,KDP,2021-12-31,1.52,1.50,50598000000,25626000000,0,14000000,50598000000,955000000,0.7125,
4138,2020,KDP,2020-12-31,0.94,0.93,49779000000,25949000000,423000000,14000000,49779000000,846000000,0.60,
4139,2019,KDP,2019-12-31,0.89,0.88,49518000000,24340000000,1372000000,14000000,47597000000,844000000,,
4140,2018,KDP,2018-12-31,0.11,0.11,48918000000,26385000000,14580000000,22533000000,48918000000,232000000,103.75,
4141,2017,KDP,2017-12-31,5.91,5.89,10022000000,7571000000,4230000000,2451000000,10022000000,,2.32,
4142,2016,KDP,2016-12-31,0.97,0.96,9791000000,7657000000,4325000000,2134000000,9791000000,,0.53,
4143,2015,KDP,2015-12-31,0.82,0.81,8869000000,6686000000,3246000000,2183000000,8869000000,,0.48,
4144,2014,KDP,2014-12-31,0.78,0.78,8273000000,5979000000,500000000,2294000000,8273000000,,0.41,
4145,2013,KDP,2013-12-31,3.08,3.05,8201000000,5924000000,,2277000000,8201000000,,1.52,
4146,2012,KDP,2012-12-31,2.99,2.96,8928000000,6648000000,,2280000000,8928000000,,1.36,
4147,2011,KDP,2011-12-31,2.77,2.74,9283000000,7020000000,,2263000000,9283000000,,1.21,
4148,2024,KEY,2024-12-31,-0.32,-0.32,187168000000,168992000000,12105000000,2500000000,187168000000,927000000,0.205,
4149,2023,KEY,2023-12-31,0.89,0.88,188281000000,173644000000,19554000000,2500000000,188281000000,911000000,0.205,
4150,2022,KEY,2022-12-31,1.94,1.93,189813000000,176359000000,19307000000,13454000000,189813000000,854000000,0.195,
4151,2021,KEY,2021-12-31,2.65,2.63,186346000000,168923000000,12042000000,17423000000,186346000000,823000000,0.185,
4152,2020,KEY,2020-12-31,1.28,1.27,170336000000,152355000000,13709000000,17981000000,170336000000,829000000,0.740,
4153,2019,KEY,2019-12-31,1.63,1.62,144988000000,127950000000,12448000000,17038000000,144988000000,804000000,0.17,
4154,2018,KEY,2018-12-31,1.73,1.71,139613000000,124017000000,13732000000,15595000000,139613000000,656000000,0.17,
4155,2017,KEY,2017-12-31,1.14,1.13,137698000000,122673000000,14333000000,15023000000,137698000000,7000000,0.085,
4156,2016,KEY,2016-12-31,0.81,0.80,136453000000,121213000000,12384000000,15240000000,136453000000,8000000,0.075,
4157,2015,KEY,2015-12-31,1.06,1.05,95133000000,84374000000,10186000000,10746000000,95133000000,267000000,0.290,
4158,2014,KEY,2014-12-31,1.01,0.99,93821000000,83279000000,7875000000,10530000000,93821000000,240000000,0.250,
4159,2013,KEY,2013-12-31,0.98,0.97,92934000000,82614000000,7650000000,10303000000,92934000000,217000000,0.215,
4160,2012,KEY,2012-12-31,0.89,0.89,89236000000,78927000000,6847000000,10271000000,89236000000,191000000,0.18,
4161,2011,KEY,2011-12-31,0.87,0.87,88785000000,78863000000,9520000000,9905000000,88785000000,164000000,0.10,
4162,2025,KEYS,2025-10-31,4.93,4.91,6144000000,5420000000,2534000000,5881000000,11301000000,,,
4163,2024,KEYS,2024-10-31,3.53,3.51,9269000000,4164000000,1790000000,5105000000,9269000000,,,
4164,2023,KEYS,2023-10-31,5.95,5.91,8683000000,4029000000,1794000000,4654000000,8683000000,,,
4165,2022,KEYS,2022-10-31,6.23,6.18,8098000000,3937000000,1793000000,4161000000,8098000000,,,
4166,2021,KEYS,2021-10-31,4.84,4.78,7781000000,3997000000,1791000000,3784000000,7781000000,,,
4167,2020,KEYS,2020-10-31,3.35,3.31,7218000000,3921000000,1789000000,3297000000,7218000000,,,
4168,2019,KEYS,2019-10-31,3.31,3.25,6623000000,3619000000,1788000000,3004000000,6623000000,,,
4169,2018,KEYS,2018-10-31,0.88,0.86,5824000000,3391000000,1291000000,2433000000,5824000000,,,
4170,2017,KEYS,2017-10-31,0.57,0.56,5933000000,3623000000,2048000000,2310000000,5933000000,,,
4171,2016,KEYS,2016-10-31,1.97,1.95,3803000000,2290000000,,1513000000,3803000000,,,
4172,2015,KEYS,2015-10-31,3.04,3.00,3508000000,2206000000,,1302000000,3508000000,,,
4173,2014,KEYS,2014-10-31,,,,,,,,,,
4174,2024,KHC,2024-12-28,2.27,2.26,88287000000,38962000000,16535000000,49185000000,88287000000,1931000000,1.60,1940000000
4175,2023,KHC,2023-12-30,2.33,2.31,90339000000,40617000000,16545000000,49526000000,90339000000,1965000000,1.60,0
4176,2022,KHC,2022-12-31,1.93,1.91,90513000000,41643000000,16554000000,48678000000,90513000000,1960000000,1.60,1779000000
4177,2021,KHC,2021-12-25,0.83,0.82,93394000000,43942000000,18049000000,49298000000,93394000000,1959000000,1.60,1979000000
4178,2020,KHC,2020-12-26,0.29,0.29,99830000000,49587000000,0,50103000000,99830000000,1958000000,1.60,1973000000
4179,2019,KHC,2019-12-28,1.59,1.58,51623000000,0,971000000,-2230000000,51623000000,,1.60,1959000000
4180,2018,KHC,2018-12-29,0.82,0.82,120583000000,54281000000,586000000,66087000000,120583000000,,0.625,762000000
4181,2017,KHC,2017-12-30,0.73,0.73,120232000000,53985000000,712000000,66034000000,120232000000,,2.45,2988000000
4182,2016,KHC,2016-12-31,0.23,0.23,122973000000,56737000000,778000000,57685000000,122973000000,,1.70,2064000000
4183,2016,KHC,2016-01-03,0.23,0.23,122973000000,56737000000,9179000000,57685000000,122973000000,,1.7,1972000000
4184,2024,KIM,2024-12-31,,,20309896000,9464107000,7964700000,10652547000,20309896000,11405000,0.97,655219000
4185,2023,KIM,2023-12-31,,,388620000,180855000,7262900000,9525465000,18274022000,11432000,1.02,-0
4186,2022,KIM,2022-12-31,,,17826122000,8086280000,6781000000.0,9515508000,17826122000,11496000,0.84000,
4187,2021,KIM,2021-12-31,,,18459199000,8335537000,7027100000,9899389000,18459199000,0,0.68000,
4188,2020,KIM,2020-12-31,0.19,0.19,11614498000,5928460000,5044200000,5608044000,11614498000,0,0.10,
4189,2019,KIM,2019-12-31,0.24,0.24,10997867000,6051017000,4831800000,4864892000,10997867000,9596000,1.12000,
4190,2018,KIM,2018-12-31,0.30,0.30,10999100000,5564365000,51000000,5333804000,10999100000,10500000,1.12,
4191,2017,KIM,2017-12-31,0.87,0.87,11763726000,6225436000,4596100000,5394244000,11763726000,,,
4192,2016,KIM,2016-12-31,0.31,0.31,11230600000,5740773000,3927300000,5256139000,11230600000,,,
4193,2015,KIM,2015-12-31,2.01,2.00,11344171000,6075511000,,5046300000,11344171000,13417000,,
4194,2014,KIM,2014-12-31,0.89,0.89,10285728000,5292483000,,4774785000,10285728000,12075000,,
4195,2013,KIM,2013-12-31,0.43,0.43,9663630000,4807951000,,4632417000,9663630000,12075000,,
4196,2012,KIM,2012-12-31,0.42,0.42,9740807000,4727251000,,4765160000,9740807000,9698000,,
4197,2011,KIM,2011-12-31,0.27,0.27,9614516000,4639299000,,4686386000,9614516000,,,
4198,2024,KKR,2024-12-31,3.47,3.28,122517378000,57906939000,27150809000,23651568000,360099411000,,0.690,
4199,2023,KKR,2023-12-31,4.24,4.09,113567367000,53143384000,25276404000,22858694000,317294194000,,0.650,
4200,2022,KKR,2022-12-31,-1.21,-1.21,106195148000,47536445000,0,17728820000,277077191000,,0.61,
4201,2021,KKR,2021-12-31,7.83,7.31,99720076000,45029374000,1908006000,17582164000,264285440000,,0.57,
4202,2020,KKR,2020-12-31,3.45,3.37,79806502000,39006586000,0,13716818000,79806502000,,0.53,
4203,2019,KKR,2019-12-31,3.62,3.54,60899319000,30396945000,0,482554000,60899319000,,0.50,
4204,2018,KKR,2018-12-31,0.36,0.32,50743375000,25360766000,22639000000,7940529000,50743375000,,0.295,
4205,2017,KKR,2017-12-31,,,45834719000,25171919000,21434682000,,45834719000,311973000,,
4206,2016,KKR,2016-12-31,,,39002897000,21884814000,18662965000,,39002897000,285408000,,
4207,2015,KKR,2015-12-31,,,71057759000,21590174000,18813806000,,71057759000,706611000,,
4208,2014,KKR,2014-12-31,,,65872745000,14168684000,11010700000,,65872745000,784995000,,
4209,2013,KKR,2013-12-31,,,8700000000,4842383000,1915556000,2500000000,51427201000,431583000,,
4210,2012,KKR,2012-12-31,,,8400000000,3020899000,1125026000,,44426353000,197024000,0.15,
4211,2011,KKR,2011-12-31,,,40377645000,2692995000,1566500,,40377645000,154465000,0.32,
4212,2025,KLAC,2025-06-30,30.53,30.37,16067926000,11375473000,5884257000,4692453000,16067926000,,6.75,
4213,2024,KLAC,2024-06-30,20.41,20.28,15433566000,12065238000,5880199000,3368328000,15433566000,773000000.0,5.65,
4214,2023,KLAC,2023-06-30,24.28,24.15,14072357000,11152604000,5890736000,2919753000,14072357000,732600000,5.20,
4215,2022,KLAC,2022-06-30,22.07,21.92,12597088000,11197998000,6660718000,1401351000,12597088000,638500000,4.20,
4216,2021,KLAC,2021-06-30,13.49,13.37,10271124000,6895482000,3422767000,3377554000,10271124000,559400000,3.60,
4217,2020,KLAC,2020-06-30,7.76,7.70,9279960000,6598950000,3469670000,2665424000,9279960000,522400000,3.30,
4218,2019,KLAC,2019-06-30,1.23,1.23,9008516000,6330823000,3423382000,2659108000,9008516000,472263000,0.75,
4219,2018,KLAC,2018-06-30,1.96,1.95,5619356000,3998845000,2237402000,1620511000,5619356000,402065000,0.75,
4220,2017,KLAC,2017-06-30,1.62,1.61,5532173000,4205756000,2930457000,1326417000,5532173000,343993000,0.54,
4221,2016,KLAC,2016-06-30,1.13,1.12,4962432000,4273318000,3057936000,689114000,4962432000,346283000,0.52,
4222,2015,KLAC,2015-06-30,0.81,0.81,4826012000,4404573000,3190416000,421439000,4826012000,3041055000,0.50,
4223,2014,KLAC,2014-06-30,3.51,3.47,5538664000,1869318000,,3669346000,5538664000,298871000,1.80,
4224,2013,KLAC,2013-06-30,3.27,3.21,5287357000,1805205000,,3482152000,5287357000,265893000,1.60,
4225,2012,KLAC,2012-06-30,4.53,4.44,5100308000,1784713000,,3315595000,5100308000,233561000,1.40,
4226,2011,KLAC,2011-06-30,4.75,4.66,4675521000,1814628000,,2860893000,4675521000,167398000,1,
4227,2024,KMB,2024-12-31,7.58,7.55,16546000000,,,840000000,16546000000,,4.88,
4228,2023,KMB,2023-12-31,5.22,5.21,7999000000,,7982000000,915000000,17344000000,1588000000,4.72,
4229,2022,KMB,2022-12-31,5.73,5.72,9086000000,,8049000000,547000000,17970000000,1558000000,4.64,
4230,2021,KMB,2021-12-31,5.38,5.35,8890000000,,8456000000,514000000,17837000000,1516000000,4.56,
4231,2020,KMB,2020-12-31,6.90,6.87,8486000000,,,626000000,17523000000,1451000000,4.28,
4232,2019,KMB,2019-12-31,6.28,6.24,6630000000,,,-33000000,15283000000,1408000000,4.12,
4233,2018,KMB,2018-12-31,4.05,4.03,14518000000,,,-287000000,14518000000,1386000000,4.00,
4234,2017,KMB,2017-12-31,6.44,6.40,15151000000,,,629000000,15151000000,1359000000,3.88,
4235,2016,KMB,2016-12-31,6.03,5.99,14602000000,,7402000000,-102000000,14602000000,1311000000,3.68,
4236,2015,KMB,2015-12-31,2.78,2.77,14842000000,,6704000000,-174000000,14842000000,1272000000,3.52,
4237,2014,KMB,2014-12-31,4.07,4.04,15526000000,,6179000000,729000000,15526000000,1256000000,3.36,
4238,2013,KMB,2013-12-31,5.58,5.53,18919000000,,5163000000,4856000000,18919000000,1223000000,3.24,
4239,2012,KMB,2012-12-31,4.45,4.42,19873000000,,508000000,4985000000,19873000000,1151000000,2.96,
4240,2011,KMB,2011-12-31,4.02,3.99,19373000000,,581000000,5249000000,19373000000,1099000000,0.70,
4241,2024,KMI,2024-12-31,1.17,1.17,49000000,39540000000,,30531000000,71407000000,,1.15,
4242,2023,KMI,2023-12-31,1.06,1.06,47000000,39291000000,,30306000000,71020000000,,1.13,
4243,2022,KMI,2022-12-31,1.12,1.12,47978000000,37964000000,,30742000000,70078000000,,1.11,
4244,2021,KMI,2021-12-31,0.78,0.78,47746000000,38495000000,,30823000000,70416000000,,1.08,
4245,2020,KMI,2020-12-31,,,48597000000,39407000000,,31436000000,71973000000,,1.05,
4246,2019,KMI,2019-12-31,,,50310000000,39268000000,13264000000,33742000000,74157000000,,1.00,
4247,2018,KMI,2018-12-31,,,78866000000,43669000000,2535000000,33678000000,78866000000,,0.8,
4248,2017,KMI,2017-12-31,0.01,0.01,79055000000,43931000000,36916000000,33636000000,79055000000,1120000000,0.500,
4249,2016,KMI,2016-12-31,0.25,0.25,80305000000,45503000000,4191000000,34431000000,80305000000,1118000000,0.50,
4250,2015,KMI,2015-12-31,0.10,0.10,84104000000,48701000000,332000000,35119000000,84104000000,4224000000,1.605,
4251,2014,KMI,2014-12-31,,,83198000000,48772000000,332000000,34076000000,83198000000,1760000000,1.74,
4252,2013,KMI,2013-12-31,,,75185000000,46900000000,19914000000,13093000000,75185000000,1622000000,1.60,
4253,2012,KMI,2012-12-31,0.35,0.35,68185000000,44086000000,18968000000,13865000000,68185000000,1184000000,1.40,
4254,2012,KMI,2012-02-22,,,,,,,,,,
4255,2025,KMX,2025-02-28,3.22,3.21,27404206000,21161218000,0,,27404206000,,,
4256,2024,KMX,2024-02-29,3.03,3.02,27196797000,21123057000,0,,27196797000,,,
4257,2023,KMX,2023-02-28,3.05,3.03,26182736000,20569659000,0,,26182736000,,,
4258,2022,KMX,2022-02-28,7.09,6.97,26338264000,21102825000,1243500000,,26338264000,,,
4259,2021,KMX,2021-02-28,4.58,4.52,21541541000,17176928000,0,,21541541000,,,
4260,2020,KMX,2020-02-29,5.39,5.33,21082182000,17313307000,452740000,,21082182000,,,
4261,2019,KMX,2019-02-28,1.14,1.13,18717867000,15360839000,100000000,,18717867000,,,
4262,2018,KMX,2018-02-28,0.68,0.67,17486272000,14169423000,300000000,,17486272000,,,
4263,2017,KMX,2017-02-28,0.82,0.81,16279356000,13170776000,300000000,,16279356000,,,
4264,2016,KMX,2016-02-29,0.72,0.71,14481576000,11576790000,415000000,,14481576000,,,
4265,2015,KMX,2015-02-28,2.77,2.73,13198201000,10041416000,,,13198201000,,,
4266,2014,KMX,2014-02-28,2.20,2.16,11707157000,8390160000,,,11707157000,,,
4267,2013,KMX,2013-02-28,1.90,1.87,9888602000,6869435000,,,9888602000,,,
4268,2012,KMX,2012-02-29,1.83,1.79,8331543000,5658431000,,,8331543000,,,
4269,2011,KMX,2011-02-28,1.70,1.67,6839909000,4548279000,,,6839909000,,,
4270,2024,KO,2024-12-31,2.47,2.46,100549000000,59963000000,26931000000,24856000000,100549000000,8359000000,,
4271,2023,KO,2023-12-31,2.48,2.47,97703000000,60918000000,21982000000,25941000000,97703000000,7952000000,,
4272,2022,KO,2022-12-31,2.20,2.19,92763000000,58320000000,21966000000,24105000000,92763000000,7616000000,,
4273,2021,KO,2021-12-31,2.26,2.25,94354000000,58715000000,21953000000,22999000000,94354000000,7252000000,,
4274,2020,KO,2020-12-31,1.80,1.79,87296000000,53646000000,22550000000,19299000000,87296000000,7047000000,,
4275,2019,KO,2019-12-31,2.09,2.07,86381000000,,14621000000,18981000000,86381000000,6845000000,,
4276,2018,KO,2018-12-31,1.51,1.50,83216000000,,30361000000,16981000000,83216000000,6644000000,,
4277,2017,KO,2017-12-31,0.29,0.29,87896000000,,34480000000,17072000000,87896000000,6320000000,,
4278,2016,KO,2016-12-31,1.51,1.49,87270000000,,33211000000,23062000000,87270000000,6043000000,,
4279,2015,KO,2015-12-31,1.69,1.67,90093000000,,31084000000,25554000000,90093000000,5741000000,,
4280,2014,KO,2014-12-31,1.62,1.60,92023000000,,22615000000,30320000000,92023000000,5350000000,,
4281,2013,KO,2013-12-31,1.94,1.90,90055000000,,167000000,33173000000,90055000000,4969000000,,
4282,2012,KO,2012-12-31,2.00,1.97,86174000000,,291000000,32790000000,86174000000,4595000000,,
4283,2011,KO,2011-12-31,3.75,3.69,79974000000,,2482000000,31635000000,79974000000,4300000000,,
4284,2025,KR,2025-02-01,3.7,3.67,52616000000,44335000000,14854000000,8285000000,52616000000,,1.25,
4285,2024,KR,2024-02-03,2.99,2.96,50505000000,38904000000,9123000000,11615000000,50505000000,,1.13,
4286,2023,KR,2023-01-28,3.10,3.06,49623000000,39609000000,10215000000,10042000000,49623000000,,0.99,
4287,2022,KR,2022-01-29,2.20,2.17,49086000000,39657000000,10607000000,9452000000,49086000000,,0.81,
4288,2021,KR,2021-01-30,3.31,3.27,48662000000,39112000000,11899000000,9576000000,48662000000,,0.18,
4289,2020,KR,2020-02-01,2.05,2.04,45256000000,36683000000,11598000000,8602000000,45256000000,,0.16,
4290,2019,KR,2019-02-02,3.80,3.76,38118000000,30283000000,14351000000,7886000000,38118000000,,0.545,
4291,2018,KR,2018-02-03,2.11,2.09,37197000000,30292000000,14787000000,6931000000,37197000000,,0.495,
4292,2017,KR,2017-01-28,2.08,2.05,36505000000,29795000000,13315000000,6698000000,36505000000,,0.465,
4293,2016,KR,2016-01-30,2.09,2.06,33897000000,27099000000,11396000000,6820000000,33897000000,,0.408,
4294,2015,KR,2015-01-31,3.49,3.44,30556000000,25114000000,11085000000,5412000000,30556000000,,0.700,
4295,2014,KR,2014-02-01,2.93,2.90,29281000000,23886000000,64000000,5384000000,29281000000,,0.63,
4296,2013,KR,2013-02-02,2.78,2.77,24652000000,20438000000,60000000,4207000000,24652000000,,0.53,
4297,2012,KR,2012-01-28,1.01,1.01,23476000000,19510000000,7078000000,3981000000,23476000000,,0.44,
4298,2011,KR,2011-01-29,1.75,1.74,23505000000,18207000000,7106000000,5296000000,23505000000,,0.40,
4299,2025,KSS,2025-02-01,0.98,0.98,13559000000,,,1000000,13559000000,222000000,,
4300,2024,KSS,2024-02-03,2.88,2.85,14009000000,,,2000000,14009000000,220000000,,
4301,2023,KSS,2023-01-28,-0.15,-0.15,14345000000,,,4000000,14345000000,239000000,,
4302,2022,KSS,2022-01-29,6.41,6.32,15054000000,,,4000000,15054000000,147000000,,
4303,2021,KSS,2021-01-30,-1.06,-1.06,15337000000,,,4000000,15337000000,108000000,,
4304,2020,KSS,2020-02-01,4.39,4.37,14555000000,,,4000000,14555000000,423000000,,
4305,2019,KSS,2019-02-02,4.88,4.84,12469000000,,,5527000000,12469000000,400000000,,
4306,2018,KSS,2018-02-03,5.14,5.12,13340000000,,,5426000000,13340000000,368000000,,
4307,2017,KSS,2017-01-28,1.45,1.44,13574000000,,,5177000000,13574000000,358000000,,
4308,2016,KSS,2016-01-30,1.58,1.58,13606000000,,,5491000000,13606000000,349000000,1.80,
4309,2015,KSS,2015-01-31,1.85,1.83,14431000000,,,5991000000,14431000000,317000000,1.56,
4310,2014,KSS,2014-02-01,4.08,4.05,14378000000,,,5978000000,14378000000,302000000,1.40,
4311,2013,KSS,2013-02-02,4.19,4.17,13905000000,,,6048000000,13905000000,300000000,,
4312,2011,KSS,2011-01-28,3.69,3.66,14849000000,,,7850000000,14849000000,,,
4313,2011,KSS,2011-01-29,3.67,3.65,13564000000,,,8102000000,13564000000,,,
4314,2024,KVUE,2024-12-29,0.54,0.54,25601000000,15933000000,,19000000,25601000000,1552000000,,
4315,2023,KVUE,2023-12-31,0.84,0.84,27851000000,16640000000,7687000000,0,27851000000,766000000,,
4316,2024,L,2024-12-31,6.42,6.41,66434000000,64006000000,,17066000000,81943000000,995000000,0.25,
4317,2023,L,2023-12-31,6.30,6.29,382000000,62672000000,,15704000000,79197000000,1100000000,0.25,
4318,2022,L,2022-12-31,4.17,4.16,60872000000,60016000000,,14598000000,75494000000,990000000,0.25,
4319,2021,L,2021-12-31,6.08,6.07,81626000000,62451000000,,17846000000,81626000000,880000000,0.25,
4320,2020,L,2020-12-31,-3.32,-3.32,80236000000,61055000000,,17860000000,80236000000,975000000,0.25,
4321,2019,L,2019-12-31,3.08,3.07,60583000000,60313000000,,19119000000,82243000000,1065000000,0.25,
4322,2018,L,2018-12-31,1.99,1.99,78316000000,56930000000,,18518000000,78316000000,1000000000,0.25,
4323,2017,L,2017-12-31,3.46,3.45,79586000000,55020000000,11533000000,19204000000,79586000000,955000000,0.25,
4324,2016,L,2016-12-31,,,76594000000,53233000000,10778000000,18163000000,76594000000,765000000,0.25,
4325,2015,L,2015-12-31,0.72,0.72,76029000000,53219000000,10583000000,17561000000,76029000000,900000000,0.25,
4326,2014,L,2014-12-31,1.55,1.55,78367000000,53717000000,10668000000,19280000000,78367000000,,0.25,
4327,2013,L,2013-12-31,1.53,1.53,79939000000,55033000000,10846000000,19458000000,79939000000,,0.25,
4328,2012,L,2012-12-31,1.44,1.43,80021000000,55345000000,9210000000,19459000000,80021000000,,,
4329,2011,L,2011-12-31,2.63,2.63,75375000000,52102000000,9001000000,18835000000,75375000000,,,
4330,2024,LB,2024-12-31,0.28,0.07,1003474000,395408000,355000000,436012000,1003474000,,0.1,
4331,2025,LDOS,2025-01-03,9.36,9.22,13104000000,8644000000,,4412000000,13104000000,,1.54,208000000
4332,2023,LDOS,2023-12-29,1.45,1.44,12695000000,8437000000,,4201000000,12695000000,,1.46,202000000
4333,2022,LDOS,2022-12-30,5.00,4.96,13071000000,8718000000,,4299000000,13071000000,,1.44,198000000
4334,2021,LDOS,2021-12-31,5.34,5.27,13261000000,8917000000,,4291000000,13261000000,,1.36,195000000
4335,2021,LDOS,2021-01-01,4.42,4.36,12511000000,,,3862000000,12511000000,,1.36,195000000
4336,2020,LDOS,2020-01-03,4.66,4.60,9367000000,,,3413000000,9367000000,,1.32,191000000
4337,2018,LDOS,2018-12-28,3.85,3.80,8770000000,,,3308000000,8770000000,0,1.28,194000000
4338,2017,LDOS,2017-12-29,2.41,2.38,8990000000,,,3370000000,8990000000,0,1.28,196000000
4339,2016,LDOS,2016-12-30,3.32,3.27,3370000000,,1800000000,1068000000,3370000000,0,1.28,95000000
4340,2015,LDOS,2015-01-30,0.36,0.35,3281000000,,,998000000,3281000000,95000000,1.28,89000000
4341,2014,LDOS,2014-01-31,1.94,1.94,4162000000,,1333000000,1595000000,4162000000,477000000,1.60,
4342,2013,LDOS,2013-01-31,1.54,1.54,5875000000,,1298000000,2618000000,5875000000,165000000,0.12,
4343,2012,LDOS,2012-01-31,0.18,0.18,6667000000,,1852000000,2181000000,6667000000,,,
4344,2011,LDOS,2011-01-31,1.64,1.63,6223000000,,1852000000,2491000000,6223000000,,,
4345,2025,LDOS,2025-01-03,9.36,9.22,13104000000,8644000000,,4412000000,13104000000,,1.54,208000000
4346,2023,LDOS,2023-12-29,1.45,1.44,12695000000,8437000000,,4201000000,12695000000,,1.46,202000000
4347,2022,LDOS,2022-12-30,5.00,4.96,13071000000,8718000000,,4299000000,13071000000,,1.44,198000000
4348,2021,LDOS,2021-12-31,5.34,5.27,13261000000,8917000000,,4291000000,13261000000,,1.36,195000000
4349,2021,LDOS,2021-01-01,4.42,4.36,12511000000,,,3862000000,12511000000,,1.36,195000000
4350,2020,LDOS,2020-01-03,4.66,4.60,9367000000,,,3413000000,9367000000,,1.32,191000000
4351,2018,LDOS,2018-12-28,3.85,3.80,8770000000,,,3308000000,8770000000,0,1.28,194000000
4352,2017,LDOS,2017-12-29,2.41,2.38,8990000000,,,3370000000,8990000000,0,1.28,196000000
4353,2016,LDOS,2016-12-30,3.32,3.27,3370000000,,1800000000,1068000000,3370000000,0,1.28,95000000
4354,2015,LDOS,2015-01-30,0.36,0.35,3281000000,,,998000000,3281000000,95000000,1.28,89000000
4355,2014,LDOS,2014-01-31,1.94,1.94,4162000000,,1333000000,1595000000,4162000000,477000000,1.60,
4356,2013,LDOS,2013-01-31,1.54,1.54,5875000000,,1298000000,2618000000,5875000000,165000000,0.12,
4357,2012,LDOS,2012-01-31,0.18,0.18,6667000000,,1852000000,2181000000,6667000000,,,
4358,2011,LDOS,2011-01-31,1.64,1.63,6223000000,,1852000000,2491000000,6223000000,,,
4359,2024,LEG,2024-12-31,-3.73,-3.73,741800000,,,689400000,3661600000,136300000,0.61,-3400000
4360,2023,LEG,2023-12-31,-1.00,-1.00,815200000,,,1333300000,4634500000,239400000,1.82,-5700000
4361,2022,LEG,2022-12-31,2.28,2.27,931200000,,,1640700000,5186100000,229200000,1.74,-5300000
4362,2021,LEG,2021-12-31,2.95,2.94,836000000.0,,,1648000000,5307300000,218300000,1.66,-5200000
4363,2020,LEG,2020-12-31,1.82,1.82,739000000.0,,300000000.0,1389800000,4754000000.0,211500000,1.60,-5500000
4364,2019,LEG,2019-12-31,2.48,2.47,795600000,,300000000.0,1312000000.0,4816400000,204600000,1.58,-5400000
4365,2018,LEG,2018-12-31,0.58,0.57,3382000000,,1169000000,1157000000,3382000000,193700000,1.50,195800000
4366,2017,LEG,2017-12-31,0.63,0.62,3550800000,,1251700000,1190200000,3550800000,185600000,1.42,187700000
4367,2016,LEG,2016-12-31,0.64,0.63,2984100000,,959800000,1091600000,2984100000,177400000,1.34,179400000
4368,2015,LEG,2015-12-31,0.51,0.50,2967600000,,948800000,1085600000,2967600000,171600000,1.26,172300000
4369,2014,LEG,2014-12-31,0.37,0.37,3140600000,,968400000,1146500000,3140600000,167500000,1.22,168200000
4370,2013,LEG,2013-12-31,1.36,1.34,3108100000,,869500000,1391300000,3108100000,124900000,1.18,170500000
4371,2012,LEG,2012-12-31,1.72,1.70,3254900000,,1055400000,1434500000,3254900000,199500000,1.14,160500000
4372,2011,LEG,2011-12-31,0.30,0.30,2915100000,,835800000,1297200000,2915100000,155900000,1.1,155200000
4373,2025,LEN,2025-11-30,7.98,,1500000000,962400000,6000000.0,21959417000,34430437000,,,
4374,2024,LEN,2024-11-30,14.31,14.31,35594469000,10863209000,6000000.0,27870135000,41312781000,,,
4375,2023,LEN,2023-11-30,13.73,13.73,33628392000,9727994000,2816482000,26580664000,39234303000,,,
4376,2022,LEN,2022-11-30,15.74,15.72,32684162000,10978646000,29400000,24100500000,37984295000,,,
4377,2021,LEN,2021-11-30,14.28,14.27,27467819000,9870242000,20100000,20816425000,33207778000,,,
4378,2020,LEN,2020-11-30,7.88,7.85,452857000,528500000,129100000,17994856000,29935177000,,,
4379,2019,LEN,2019-11-30,5.76,5.74,495417000,549700000,47100000,15949517000,23548274000,,,
4380,2018,LEN,2018-11-30,5.46,5.44,666200000,242500000,0,14581535000,23354154000,,,
4381,2017,LEN,2017-11-30,0.16,0.16,18745034000,10758902000,394365000,7872317000,18745034000,,,
4382,2016,LEN,2016-11-30,4.13,3.93,536300000,126400000,398232000,7026042000,11869042000,,,
4383,2015,LEN,2015-11-30,0.56,0.50,14419509000,8469437000,,5648944000,14419509000,,,
4384,2014,LEN,2014-11-30,3.12,2.80,10055048000,52243000,,4827020000,12958267000,,,
4385,2013,LEN,2013-11-30,2.48,2.15,8850135000,41526000,,4168901000,11273247000,,,
4386,2012,LEN,2012-11-30,3.58,3.11,7801851000,5129424000,,3414764000,10362206000,,,
4387,2011,LEN,2011-11-30,0.15,0.14,9154671000,5851146000,,2696468000,9154671000,,,
4388,2024,LH,2024-12-31,8.89,8.84,18379000000,10312500000,,8052200000,18379000000,243100000,,
4389,2023,LH,2023-12-31,4.80,4.77,16725100000,8834600000,,7875000000,16725100000,,,
4390,2022,LH,2022-12-31,14.05,13.97,20155100000,10039600000,,10096600000,20155100000,,,
4391,2021,LH,2021-12-31,24.60,24.39,20385400000,10091400000,,10273400000,20385400000,,,
4392,2020,LH,2020-12-31,15.99,15.88,20071700000,10691300000,0,9359700000,20071700000,,,
4393,2019,LH,2019-12-31,8.42,8.35,18046400000,10459300000,6205000000.0,7567000000.0,18046400000,,,
4394,2018,LH,2018-12-31,1.70,1.67,16185300000,9194800000,6000900000,6971400000,16185300000,,,
4395,2017,LH,2017-12-31,1.87,1.84,16568000000,9717200000,6696000000,6830000000,16568000000,,,
4396,2016,LH,2016-12-31,1.62,1.58,14247000000,8726000000,5777700000,5505800000,14247000000,,,
4397,2015,LH,2015-12-31,0.02,0.02,14221700000,9262400000,6356100000,4944400000,14221700000,,,
4398,2014,LH,2014-12-31,1.33,1.31,7301800000,4463600000,2987400000,2820500000,7301800000,,,
4399,2013,LH,2013-12-31,6.36,6.25,6965900000,4455200000,2985800000,2491300000,6965900000,,,
4400,2012,LH,2012-12-31,6.09,5.99,6795000000,4056900000,,2717400000,6795000000,,,
4401,2011,LH,2011-12-31,5.20,5.11,6136600000,3612900000,,2503500000,6136600000,,,
4402,2025,LHX,2025-01-03,7.91,7.87,8705000000,22422000000,,19514000000,42001000000,,,
4403,2023,LHX,2023-12-29,6.47,6.44,9085000000,22858000000,,18765000000,41687000000,,,
4404,2022,LHX,2022-12-30,5.54,5.49,11283000000,,,18523000000,33524000000,,,
4405,2021,LHX,2021-12-31,9.17,9.09,9269000000,,,19213000000,34709000000,,,
4406,2021,LHX,2021-01-01,5.23,5.19,8906000000,,,20724000000,36960000000,,,
4407,2019,LHX,2019-06-28,8.03,7.86,1565000000,,3419000000,3363000000,10117000000,,,
4408,2018,LHX,2018-06-29,6.04,5.92,9839000000,,3712000000,3322000000,9839000000,,,
4409,2017,LHX,2017-06-30,4.50,4.44,10090000000,,3391000000,2928000000,10090000000,,,
4410,2016,LHX,2016-07-01,2.61,2.59,11996000000,,4494000000,3056000000,11996000000,,,
4411,2015,LHX,2015-07-03,3.15,3.11,13129000000,,5168000000,3397000000,13129000000,,,
4412,2014,LHX,2014-06-27,5.00,4.95,4931200000,,1577200000,1826000000,4931200000,,,
4413,2013,LHX,2013-06-28,1.01,1.01,4858400000,,1590500000,1561300000,4858400000,,,
4414,2012,LHX,2012-06-29,0.26,0.26,5592800000,,1887800000,1938900000,5592800000,,,
4415,2011,LHX,2011-07-01,4.63,4.60,6172800000,,1892100000,2502000000,6172800000,,,
4416,2024,LIN,2024-12-31,13.71,13.62,80147000000,40659000000,0,38092000000,80147000000,,5.56,
4417,2023,LIN,2023-12-31,12.70,12.59,80811000000,39716000000,0,39720000000,80811000000,,5.10,
4418,2022,LIN,2022-12-31,8.30,8.23,79658000000,38271000000,0,40028000000,79658000000,,4.68,
4419,2021,LIN,2021-12-31,7.40,7.33,81605000000,36164000000,0,44035000000,81605000000,,4.24,
4420,2020,LIN,2020-12-31,4.75,4.71,88229000000,38647000000,0,47317000000,88229000000,,3.852,
4421,2019,LIN,2019-12-31,4.22,4.19,86612000000,34977000000,0,49074000000,86612000000,,3.5,
4422,2018,LIN,2018-12-31,13.26,13.11,93386000000,36290000000,13811000000,51596000000,93386000000,,3.3,
4423,2017,LIN,2017-12-31,,-18.51,9214424,,,-1931845,9214424,,,
4424,2024,LKQ,2024-12-31,2.62,2.62,14955000000,,750000000,6017000000,14955000000,318000000,,
4425,2023,LKQ,2023-12-31,3.50,3.49,15079000000,,1400000000,6167000000,15079000000,302000000,,
4426,2022,LKQ,2022-12-31,4.15,4.13,12038000000,,535000000,5453000000,12038000000,284000000,,
4427,2021,LKQ,2021-12-31,3.68,3.66,12606154000,,284250000,5771744000,12606154000,72873000,,
4428,2020,LKQ,2020-12-31,2.10,2.09,12360533000,,0,5655718000,12360533000,,,
4429,2019,LKQ,2019-12-31,1.75,1.74,12779956000,,600000000,5008876000,6697776000,,,
4430,2018,LKQ,2018-12-31,1.53,1.52,11393402000,,573350000,4782298000,11393402000,,,
4431,2017,LKQ,2017-12-31,1.73,1.72,9366872000,,,4198169000,9366872000,,,
4432,2016,LKQ,2016-12-31,1.51,1.50,8303199000,,,3442949000,8303199000,,,
4433,2015,LKQ,2015-12-31,0.35,0.35,5647837000,,,3114682000,5647837000,,,
4434,2014,LKQ,2014-12-31,0.35,0.34,5573492000,,,2720657000,5573492000,,,
4435,2013,LKQ,2013-12-31,0.25,0.25,4518774000,,,2350745000,4518774000,,,
4436,2012,LKQ,2012-12-31,0.88,0.87,3723456000,,,1964094000,3723456000,,,
4437,2011,LKQ,2011-12-31,1.44,1.42,3199704000,,,1644085000,3199704000,,,
4438,2024,LLY,2024-12-31,11.76,11.71,78714900000,,29306700000,14192100000,78714900000,4680400000,5.40,
4439,2023,LLY,2023-12-31,5.82,5.80,64006300000,,19035900000,10771900000,64006300000,4069300000,4.69,
4440,2022,LLY,2022-12-31,6.93,6.90,49489800000,,14740600000,10649800000,49489800000,3535800000,4.07,
4441,2021,LLY,2021-12-31,6.15,6.12,48806000000,,7900000000,8979200000,48806000000,3086800000,3.53,
4442,2020,LLY,2020-12-31,6.82,6.79,46633100000,,6020000000.00,5641600000,46633100000,2687100000,3.07,
4443,2019,LLY,2019-12-31,8.93,8.89,39286100000,,5490000000,2606900000,39286100000,2409800000,2.68,
4444,2018,LLY,2018-12-31,1.16,1.16,43908400000,,0,9828700000,43908400000,2311800000,2.33,
4445,2017,LLY,2017-12-31,-0.10,-0.10,44981000000,,0,11592200000,44981000000,2192100000,,
4446,2016,LLY,2016-12-31,0.42,0.41,38805900000,,200000000,14007700000,38805900000,2158500000,,
4447,2015,LLY,2015-12-31,0.50,0.50,35568900000,,600000000,14571300000,35568900000,2127300000,,
4448,2014,LLY,2014-12-31,0.68,0.68,37178200000,,5375800000,15373200000,37178200000,2101200000,,
4449,2013,LLY,2013-12-31,4.33,4.32,35248700000,,5490900000,17631400000,35248700000,2120700000,,
4450,2012,LLY,2012-12-31,3.67,3.66,34398900000,,5996600000,,34398900000,2187400000,,
4451,2011,LLY,2011-12-31,3.90,3.90,33659800000,,6981500000,,33659800000,2180100000,1.96,
4452,2025,LMT,2025-12-31,21.56,21.49,14673000000,53119000000,21700000000,229000000,59840000000,,13.35,
4453,2024,LMT,2024-12-31,22.39,22.31,13223000000,49284000000,20270000000,234000000,55617000000,,12.75,
4454,2023,LMT,2023-12-31,27.65,27.55,13167000000,45621000000,17459000000,6835000000,52456000000,,12.15,
4455,2022,LMT,2022-12-31,21.74,21.66,12055000000,43614000000,15547000000,9266000000,52880000000,,11.40,
4456,2021,LMT,2021-12-31,22.85,22.76,10756000000,39914000000,11676000000,10959000000,50873000000,,10.60,
4457,2020,LMT,2020-12-31,24.40,24.30,9903000000,44672000000,12169000000,6015000000,50710000000,,9.80,
4458,2019,LMT,2019-12-31,22.09,21.95,9109000000,44357000000,12654000000,3127000000,47528000000,,9,
4459,2018,LMT,2018-12-31,4.05,4.02,44876000000,43427000000,14104000000,1394000000,44876000000,,8.2,
4460,2017,LMT,2017-12-31,2.63,2.61,46521000000,47130000000,14263000000,-683000000,46521000000,,7.46,
4461,2016,LMT,2016-12-31,17.71,17.49,47806000000,46200000000,14282000000,1511000000,47806000000,,6.77,
4462,2015,LMT,2015-12-31,11.62,11.46,49128000000,46031000000,15261000000,3097000000,49128000000,,6.15,
4463,2014,LMT,2014-12-31,11.41,11.21,37073000000,33673000000,,3400000000,37073000000,,5.49,
4464,2013,LMT,2013-12-31,9.29,9.13,36188000000,31270000000,6152000000,4918000000,36188000000,,4.78,
4465,2012,LMT,2012-12-31,8.48,8.36,38657000000,38618000000,6308000000,39000000,38657000000,,4.15,
4466,2011,LMT,2011-12-31,1.52,1.50,37908000000,36907000000,,1001000000,37908000000,,3.25,
4467,2024,LNC,2024-12-31,18.66,18.41,390831000000,382562000000,6081000000,986000000,390831000000,,1.80,
4468,2023,LNC,2023-12-31,-4.92,-4.92,185599000000,365520000000,5831000000,986000000,372413000000,,1.80,
4469,2022,LNC,2022-12-31,-13.02,-13.10,95410000000,331336000000,6331000000,986000000,335437000000,310000000,1.80,
4470,2021,LNC,2021-12-31,7.50,7.43,201732000000,367029000000,6331000000,4735000000,387301000000,319000000,1.71,
4471,2020,LNC,2020-12-31,2.58,2.56,184678000000,343249000000,6331000000,5082000000,365948000000,311000000,1.62,
4472,2019,LNC,2019-12-31,4.41,4.38,167443000000,315072000000,6127000000,5162000000,334761000000,303000000,1.51,
4473,2018,LNC,2018-12-31,1.68,1.64,298147000000,283797000000,5686000000,14350000000,298147000000,289000000,1.36,
4474,2017,LNC,2017-12-31,1.93,1.89,281763000000,264441000000,5123000000,17322000000,281763000000,262000000,1.20,
4475,2016,LNC,2016-12-31,0.87,0.83,261627000000,247149000000,5123000000,14478000000,261627000000,238000000,1.04,
4476,2015,LNC,2015-12-31,1.17,1.15,251937000000,238320000000,5323000000,13617000000,251937000000,204000000,0.85,
4477,2014,LNC,2014-12-31,1.25,1.21,253377000000,237637000000,5273000000,15740000000,253377000000,170000000,0.68,
4478,2013,LNC,2013-12-31,0.89,0.86,236945000000,223493000000,5773000000,13452000000,236945000000,128000000,0.520,
4479,2012,LNC,2012-12-31,4.68,4.56,218869000000,203896000000,5373000000,14973000000,218869000000,91000000,0.360,
4480,2011,LNC,2011-12-31,0.96,0.92,202906000000,188742000000,5388000000,14164000000,202906000000,61000000,0.230,
4481,2024,LNT,2024-12-31,2.69,2.69,11407000000,,9848000000,7004000000,22714000000,,,492000000
4482,2023,LNT,2023-12-31,2.78,2.78,10489000000,,568000000,6777000000,21237000000,,,456000000
4483,2022,LNT,2022-12-31,2.73,2.73,10075000000,,8076000000,6276000000,20163000000,,,428000000
4484,2021,LNT,2021-12-31,2.63,2.63,9996000000,,7368000000,5990000000,18553000000,,,403000000
4485,2020,LNT,2020-12-31,2.47,2.47,9849000000,,6777000000,5688000000,17710000000,,,377000000
4486,2019,LNT,2019-12-31,2.34,2.33,9277500000,,6190200000,5205100000,16700700000,,,337700000
4487,2018,LNT,2018-12-31,,0.52,15426000000,,2552300000,4585700000,15426000000,,,312200000
4488,2017,LNT,2017-12-31,,0.44,14187800000,,2406000000,4182200000,14187800000,,,288300000
4489,2016,LNT,2016-12-31,,0.43,13373800000,,2153500000,3862000000,13373800000,,,266500000
4490,2015,LNT,2015-12-31,,0.87,12495200000,,3870500000,3724100000,12495200000,,,247300000
4491,2014,LNT,2014-12-31,,0.97,12085900000,,3802800000,3438700000,12085900000,,,225800000
4492,2013,LNT,2013-12-31,,0.59,11112400000,,250000000,3281400000,11112400000,,,208300000
4493,2012,LNT,2012-12-31,,0.62,10785500000,,75000000,3134900000,10785500000,,1.80,199300000
4494,2011,LNT,2011-12-31,2.74,0.66,9687900000,,2704500000,3013000000,9687900000,,1.70,
4495,2025,LOW,2025-01-31,12.25,12.23,43102000000,57333000000,35319000000,280000000,43102000000,,4.55,
4496,2024,LOW,2024-02-02,13.23,13.20,41795000000,56845000000,35770000000,287000000,41795000000,,4.35,
4497,2023,LOW,2023-02-03,10.20,10.17,43708000000,57962000000,33270000000,-14254000000,43708000000,,3.95,
4498,2022,LOW,2022-01-28,12.07,12.04,44640000000,49456000000,24285000000,-4816000000,44640000000,,3.00,
4499,2021,LOW,2021-01-29,7.77,7.75,46735000000,45298000000,,1437000000,46735000000,,2.30,
4500,2020,LOW,2020-01-31,5.49,5.49,39471000000,37499000000,,1972000000,39471000000,,2.13,
4501,2019,LOW,2019-02-01,2.84,2.84,34508000000,30864000000,,3644000000,34508000000,,1.85,
4502,2018,LOW,2018-02-02,4.09,4.09,35291000000,29418000000,,5873000000,35291000000,,1.58,
4503,2017,LOW,2017-02-03,3.48,3.47,34408000000,27974000000,,6434000000,34408000000,,1.33,
4504,2016,LOW,2016-01-29,2.73,2.73,31266000000,23612000000,,7654000000,31266000000,,1.07,
4505,2015,LOW,2015-01-30,2.71,2.71,31827000000,21859000000,,9968000000,31827000000,,0.87,
4506,2014,LOW,2014-01-31,2.14,2.14,32732000000,20879000000,,,32732000000,,0.70,
4507,2013,LOW,2013-02-01,1.69,1.69,32666000000,18809000000,,,32666000000,,0.62,
4508,2012,LOW,2012-02-03,1.43,1.43,33559000000,17026000000,20000000,,33559000000,,,
4509,2011,LOW,2011-01-28,1.42,1.42,33699000000,15587000000,6573000000,,33699000000,,,
4510,2025,LRCX,2025-06-29,4.17,4.15,21345260000,11483641000,4469364000,1268000,21345260000,1149542000,0.92,
4511,2024,LRCX,2024-06-30,29.13,29.00,18744728000,10205274000,4967361000,130000,18744728000,1018915000,8.00,
4512,2023,LRCX,2023-06-25,33.30,33.21,18781643000,10571471000,4965365000,133000,18781643000,907907000,6.90,
4513,2022,LRCX,2022-06-26,32.92,32.75,17195632000,10917266000,4962459000,137000,17195632000,815290000,6.00,
4514,2021,LRCX,2021-06-27,27.22,26.90,15892152000,9864964000,4960935000,143000,15892152000,726992000,5.20,
4515,2020,LRCX,2020-06-28,15.55,15.10,14559047000,9375558000,5795478000,145000,14559047000,656838000,4.6,
4516,2019,LRCX,2019-06-30,14.37,13.70,12001333000,7278029000,4430011000,144000,12001333000,678348000,4.4,
4517,2018,LRCX,2018-06-24,14.73,13.17,12479478000,5899435000,2368748000,6501851000,12479478000,307609000,2.55,
4518,2017,LRCX,2017-06-25,10.47,9.24,12122765000,5135453000,2686658000,6817451000,12122765000,243495000,1.65,
4519,2016,LRCX,2016-06-26,5.75,5.22,12271528000,6169459000,4325674000,5894517000,12271528000,190402000,1.20,
4520,2015,LRCX,2015-06-28,4.11,3.70,9364648000,4019696000,,5103144000,9364648000,116059000,0.84,
4521,2014,LRCX,2014-06-29,3.84,3.62,7993306000,2780222000,1323500000,5029735000,7993306000,,0.18,
4522,2013,LRCX,2013-06-30,0.67,0.66,7250315000,2574523000,1290400000,4488872000,7250315000,,,
4523,2012,LRCX,2012-06-24,1.36,1.35,8004652000,2682528000,1258900000,5131781000,8004652000,,,
4524,2011,LRCX,2011-06-26,5.86,5.79,4057394000,1587549000,726300000,2469845000,4057394000,,,
4525,2025,LULU,2025-02-02,14.67,14.64,7603292000,3279245000,,0,7603292000,,,
4526,2024,LULU,2024-01-28,12.23,12.20,7091941000,2859860000,,0,7091941000,,,
4527,2023,LULU,2023-01-29,6.70,6.68,5607038000,2458239000,,0,5607038000,,,
4528,2022,LULU,2022-01-30,7.52,7.49,4942478000,2202432000,,0,4942478000,,,
4529,2021,LULU,2021-01-31,4.52,4.50,4185215000,1626649000,,0,4185215000,,,
4530,2020,LULU,2020-02-02,4.95,4.93,3281354000,1329136000,,0,3281354000,,,
4531,2019,LULU,2019-02-03,1.66,1.65,2084711000,638736000,,1445975000,2084711000,,,
4532,2018,LULU,2018-01-28,0.88,0.88,1998483000,401523000,,1596960000,1998483000,,,
4533,2017,LULU,2017-01-29,0.99,0.99,1657541000,297568000,,1359973000,1657541000,,,
4534,2016,LULU,2016-01-31,0.85,0.85,1314077000,286595000,,1027482000,1314077000,,,
4535,2015,LULU,2015-02-01,0.78,0.78,1296213000,206645000,,1089568000,1296213000,,,
4536,2014,LULU,2014-02-02,1.93,1.91,1249688000,153006000,,1096682000,1249688000,,,
4537,2013,LULU,2013-02-03,1.88,1.85,1051078000,163779000,,887299000,1051078000,,,
4538,2012,LULU,2012-01-29,1.29,1.27,734634000,128453000,,601376000,734634000,,,
4539,2011,LULU,2011-01-30,1.72,1.69,499302000,105009000,,390389000,499302000,,,
4540,2024,LUMN,2024-12-31,-0.06,0.05,33496000000,,,19149000000,33496000000,3000000,0,0
4541,2023,LUMN,2023-12-31,-10.48,-10.48,34018000000,,,1008000000,34018000000,11000000,0,-1000000
4542,2022,LUMN,2022-12-31,-1.54,-1.54,45581000000,,,1002000000,45581000000,780000000,0.75,791000000
4543,2021,LUMN,2021-12-31,-0.02,-0.02,57993000000,,,1024000000,57993000000,1087000000,1.00,1095000000
4544,2020,LUMN,2020-12-31,-1.14,-1.14,59394000000,,,1097000000,59394000000,1109000000,1.00,1112000000
4545,2019,LUMN,2019-12-31,-4.92,-4.92,64742000000,,,1090000000,64742000000,1100000000,1.00,1104000000
4546,2018,LUMN,2018-12-31,0.11,0.11,70256000000,,,19828000000,70256000000,2312000000,0.54,586000000
4547,2017,LUMN,2017-12-31,0.30,0.30,75611000000,,,23491000000,75611000000,1453000000,0.540,295000000
4548,2016,LUMN,2016-12-31,0.44,0.44,47017000000,,,13399000000,47017000000,1167000000,0.540,295000000
4549,2015,LUMN,2015-12-31,0.34,0.34,47604000000,,,14060000000,47604000000,1198000000,0.54,303000000
4550,2014,LUMN,2014-12-31,0.35,0.35,50147000000,,,15023000000,50147000000,1228000000,0.54,309000000
4551,2013,LUMN,2013-12-31,-0.40,-0.40,51787000000,,,17191000000,51787000000,1301000000,0.54,320000000
4552,2012,LUMN,2012-12-31,1.25,1.25,54020000000,,,19289000000,54020000000,1811000000,0.725,454000000
4553,2011,LUMN,2011-12-31,0.69,0.69,56139000000,,,20827000000,56139000000,1556000000,0.725,449000000
4554,2024,LUV,2024-12-31,-0.06,-0.06,33750000000,,6697000000,888000000,33750000000,430000000,0.72,
4555,2023,LUV,2023-12-31,0.78,0.76,36487000000,,8012000000,888000000,36487000000,428000000,,
4556,2022,LUV,2022-12-31,0.91,-0.16,35369000000,,300000000,888000000,35369000000,0,,
4557,2021,LUV,2021-12-31,1.65,1.61,36320000000,,1842000000,888000000,36320000000,0,,
4558,2020,LUV,2020-12-31,-5.44,-5.44,34588000000,,,888000000,34588000000,188000000,,
4559,2019,LUV,2019-12-31,4.28,4.27,25895000000,,,808000000,25895000000,372000000,,
4560,2018,LUV,2018-12-31,0.79,0.79,26243000000,,,9853000000,26243000000,332000000,,
4561,2017,LUV,2017-12-31,0.57,0.57,25110000000,,,10430000000,25110000000,,0.4750,
4562,2016,LUV,2016-12-31,0.80,0.79,23286000000,,,8441000000,23286000000,,0.3750,
4563,2015,LUV,2015-12-31,0.67,0.66,21312000000,,,7358000000,21312000000,,0.2850,
4564,2014,LUV,2014-12-31,0.22,0.22,20200000000,,,6775000000,20200000000,,0.2200,
4565,2013,LUV,2013-12-31,1.06,1.05,19345000000,,,7336000000,19345000000,,0.1300,
4566,2012,LUV,2012-12-31,.56,.56,18596000000,,,6992000000,18596000000,,.0345,
4567,2011,LUV,2011-12-31,.23,.23,18068000000,,,6877000000,18068000000,14000000,.0180,
4568,2024,LVS,2024-12-31,0.66,0.66,3353000000,17506000000,0,2884000000,20666000000,590000000,0.80,
4569,2023,LVS,2023-12-31,1.60,1.60,21778000000,17674000000,1748000000,4118000000,21778000000,305000000,0.40,
4570,2022,LVS,2022-12-31,3.31,3.31,22039000000,18383000000,1745000000,3881000000,22039000000,0,,
4571,2021,LVS,2021-12-31,-0.36,-0.36,20059000000,17811000000,1742000000,1996000000,20059000000,0,,
4572,2020,LVS,2020-12-31,0,0,839000000,17269000000,1739000000,2973000000,20807000000,911000000,0.79,
4573,2019,LVS,2019-12-31,0.75,0.75,1390000000,16692000000,1736000000,5187000000,23199000000,3000000000,0.77,
4574,2018,LVS,2018-12-31,1.85,1.84,22547000000,15802000000,1791000000,5684000000,22547000000,2979000000,0.99,
4575,2017,LVS,2017-12-31,0.60,0.60,20687000000,13052000000,0,6493000000,20687000000,2943000000,2.92,
4576,2016,LVS,2016-12-31,0.40,0.40,20469000000,12973000000,56000000,6177000000,20469000000,,2.88,
4577,2015,LVS,2015-12-31,0.64,0.64,20987421000,12569434000,59983000,6816741000,20987421000,,2.6,
4578,2014,LVS,2014-12-31,0.95,0.95,22361691000,13341109000,63671000,7213586000,22361691000,,2.00,
4579,2013,LVS,2013-12-31,2.80,2.79,22724264000,13223735000,2238750000,7665494000,22724264000,,1.40,
4580,2012,LVS,2012-12-31,1.89,1.85,22163652000,13505240000,71047000,7061842000,22163652000,,2.75,
4581,2011,LVS,2011-12-31,0.32,0.28,22244123000,12804971000,74734000,7850689000,22244123000,,,
4582,2025,LW,2025-05-25,2.51,2.50,7392600000,,3772200000,151400000,7392600000,,1.46,
4583,2024,LW,2024-05-26,5.01,4.98,7367000000,,3836700000,150700000,7367000000,,1.28,
4584,2023,LW,2023-05-28,6.98,6.95,6519800000,,,,6519800000,,1.05,
4585,2022,LW,2022-05-29,1.38,1.38,4139800000,,,148000000.0,4139800000,,0.96,
4586,2021,LW,2021-05-30,2.17,2.16,4209400000,,,147600000,4209400000,,0.9300,
4587,2020,LW,2020-05-31,2.50,2.49,4662300000,,,147000000.0,4662300000,,0.8600,
4588,2019,LW,2019-05-26,3.19,3.18,3048100000,267300000,,-4600000,3048100000,,0.7825,
4589,2018,LW,2018-05-27,2.83,2.82,2752600000,242200000,,-334800000,2752600000,110200000,0.75750,
4590,2017,LW,2017-05-28,2.22,2.22,2485600000,210000000,1688700000,-647200000,2485600000,27400000,0.375,
4591,2024,LYB,2024-12-31,4.16,4.15,35746000000,,10521000000,12462000000,35746000000,,5.27,
4592,2023,LYB,2023-12-31,6.48,6.46,37000000000,,10316000000,12930000000,37000000000,,4.94,
4593,2022,LYB,2022-12-31,11.84,11.81,36365000000,,10517000000,12615000000,36365000000,,4.70,
4594,2021,LYB,2021-12-31,16.77,16.75,36742000000,,11218000000,11858000000,36742000000,,4.44,
4595,2020,LYB,2020-12-31,4.24,4.24,35403000000,,15266000000,7971000000,35403000000,,4.20,
4596,2019,LYB,2019-12-31,9.59,9.58,30435000000,,11609000000,8044000000,30435000000,,4.15,
4597,2018,LYB,2018-12-31,3.12,3.11,28278000000,,8492000000,10257000000,28278000000,,4.00,
4598,2017,LYB,2017-12-31,12.28,1.98,26206000000,,8526000000,8949000000,26206000000,,3.55,
4599,2016,LYB,2016-12-31,9.15,9.13,23442000000,,8382000000,6048000000,23442000000,,3.33,
4600,2015,LYB,2015-12-31,9.62,9.59,22757000000,,7671000000,6550000000,22757000000,,3.04,
4601,2014,LYB,2014-12-31,8.03,7.99,24283000000,,6756000000,8314000000,24283000000,,2.70,
4602,2013,LYB,2013-12-31,6.80,6.75,27298000000,,5772000000,12478000000,27298000000,,2.00,
4603,2012,LYB,2012-12-31,4.97,4.92,24220000000,,4300000000,11139000000,24220000000,2600000000,4.20,
4604,2011,LYB,2011-12-31,3.76,3.74,22839000000,,3980000000,10593000000,22839000000,,0.55,
4605,2024,LYV,2024-12-31,2.77,2.74,19638771000,578000000,,173263000,19638771000,,,
4606,2023,LYV,2023-12-31,1.38,1.37,19074045000,592000000,,-17148000,19074045000,,,
4607,2022,LYV,2022-12-31,0.66,0.64,16460841000,427000000,,-367569000,16460841000,,,
4608,2021,LYV,2021-12-31,,,14402318000,276000000,,-582651000,14402318000,,,
4609,2020,LYV,2020-12-31,,,10589303000,270000000,,-471772000,10589303000,,,
4610,2019,LYV,2019-12-31,-0.31,-0.31,10975615000,260000000,,1145820000,10975615000,,,
4611,2018,LYV,2018-12-31,-0.24,-0.24,8496886000,,,1098981000,8496886000,,,
4612,2017,LYV,2017-12-31,-0.22,-0.22,7504263000,,,1181196000,7504263000,,,
4613,2016,LYV,2016-12-31,-0.29,-0.29,6764266000,,,1126016000,6764266000,,,
4614,2015,LYV,2015-12-31,-0.31,-0.31,6156241000,,,1236953000,6156241000,,,
4615,2014,LYV,2014-12-31,-0.17,-0.17,5988361000,,,1296954000,5988361000,,,
4616,2013,LYV,2013-12-31,,,5683521000,,,1409228000,5683521000,,,
4617,2012,LYV,2012-12-31,0.04,-0.37,5290806000,,,1355418000,5290806000,,,
4618,2011,LYV,2011-12-31,,,5087771000,,87500000,1461103000,5087771000,,,
4619,2025,M,2025-02-01,2.10,2.07,16402000000,,,4552000000,16402000000,,0.69,
4620,2024,M,2024-02-03,0.38,0.38,16246000000,,2998000000,4137000000,16246000000,,0.66,
4621,2023,M,2023-01-28,4.28,4.19,16866000000,,2996000000,4082000000,16866000000,,0.63,
4622,2022,M,2022-01-29,4.66,4.55,17590000000,,3295000000,3621000000,17590000000,,0.30,
4623,2021,M,2021-01-30,-12.68,-12.68,17706000000,,4454000000,,17706000000,,0.3775,
4624,2020,M,2020-02-01,1.82,1.81,6533000000,,3607000000,6377000000,6533000000,,1.51,
4625,2019,M,2019-02-02,2.40,2.37,19194000000,,4407000000,6436000000,19194000000,,1.51,
4626,2018,M,2018-02-03,4.34,4.31,19381000000,,5835000000,5673000000,19381000000,,1.51,
4627,2017,M,2017-01-28,1.56,1.54,19851000000,,6438000000,4323000000,19851000000,,1.4925,
4628,2016,M,2016-01-30,1.74,1.73,20576000000,,6756000000,4250000000,20576000000,,1.3925,
4629,2015,M,2015-01-31,2.30,2.26,21461000000,,8219000000,5378000000,21461000000,,1.1875,
4630,2014,M,2014-02-01,3.93,3.86,21634000000,,706000000,6249000000,21634000000,,0.95,
4631,2013,M,2013-02-02,3.29,3.24,20991000000,,706000000,6051000000,20991000000,,0.6,
4632,2012,M,2012-01-28,2.96,2.92,22095000000,,6404000000,5933000000,22095000000,,,
4633,2011,M,2011-01-29,2,1.98,20631000000,,6702000000,5530000000,20631000000,,,
4634,2024,MA,2024-12-31,13.91,13.89,48081000000,41566000000,,6485000000,48081000000,2448000000,2.74,
4635,2023,MA,2023-12-31,11.86,11.83,42448000000,35451000000,,6929000000,42448000000,2158000000,2.37,
4636,2022,MA,2022-12-31,10.26,10.22,38724000000,32347000000,,6298000000,38724000000,1903000000,2.04,
4637,2021,MA,2021-12-31,8.79,8.76,37669000000,30257000000,,7312000000,37669000000,1741000000,1.81,
4638,2020,MA,2020-12-31,6.40,6.37,33584000000,27067000000,,6391000000,33584000000,1605000000,1.64,
4639,2019,MA,2019-12-31,7.98,7.94,29236000000,23245000000,,5893000000,29236000000,1345000000,1.39,
4640,2018,MA,2018-12-31,1.42,1.41,24860000000,19371000000,,5395000000,24860000000,1044000000,1.08,
4641,2017,MA,2017-12-31,1.00,1.00,21329000000,15761000000,,5468000000,21329000000,942000000,0.91,
4642,2016,MA,2016-12-31,0.86,0.86,18675000000,12991000000,,5656000000,18675000000,837000000,0.79,
4643,2015,MA,2015-12-31,0.89,0.89,16269000000,10207000000,,6028000000,16269000000,727000000,0.67,
4644,2014,MA,2014-12-31,0.73,0.73,15329000000,8505000000,,6790000000,15329000000,515000000,0.49,
4645,2013,MA,2013-12-31,2.57,2.56,14242000000,6747000000,,7484000000,14242000000,255000000,0.29,
4646,2012,MA,2012-12-31,22.02,21.94,12462000000,5533000000,,6917000000,12462000000,132000000,1.20,
4647,2011,MA,2011-12-31,14.90,14.85,10693000000,4816000000,,5868000000,10693000000,77000000,0.60,
4648,2024,MAA,2024-12-31,4.49,4.49,11812369000,5664705000,5013293000,5942131000,11812369000,,5.925,692437000
4649,2023,MAA,2023-12-31,4.71,4.71,11484503000,5185381000,4558293000,6094071000,11484503000,,5.67,661585000
4650,2022,MAA,2022-12-31,5.49,5.48,11241165000,5030746000,4437154000,6005089000,11241165000,,4.9875,575848000
4651,2021,MAA,2021-12-31,4.62,4.61,11285182000,5101090000,191300000,5965177000,11285182000,,4.1625,478597000
4652,2020,MAA,2020-12-31,2.20,2.19,11194791000,5090986000,172000000.0,5871633000,11194791000,,4.0250,460340000
4653,2019,MAA,2019-12-31,3.07,3.07,11230450000,4926860000,172000000.0,6068565000,11230450000,,3.8800,442698000
4654,2018,MAA,2018-12-31,0.42,0.42,11323781000,4942178000,125200000.0,6149840000,11323781000,,3.7275,424302000
4655,2017,MAA,2017-12-31,0.36,0.36,11491919000,4907617000,125200000.0,6339912000,11491919000,,3.5325,401369000
4656,2016,MAA,2016-12-31,0.58,0.58,11604491000,4952317000,50000000,6403819000,11604491000,,3.3300,284548000
4657,2015,MAA,2015-12-31,0.81,0.81,6847781000,3681727000,125000000,2992097000,6847781000,,2.9600,235927000
4658,2014,MAA,2014-12-31,0.20,0.20,6831028000,3773325000,192000000,2890524000,6831028000,,2.9600,-222488000
4659,2013,MAA,2013-12-31,2.27,2.25,6841925000,3723338000,225300000,2946811000,6841925000,,2.8150,165914000
4660,2012,MAA,2012-12-31,2.56,2.56,2751068000,1801245000,831400000,914052000,2751068000,,2.675,111445000
4661,2011,MAA,2011-12-31,1.32,1.31,2530468000,1782969000,128000000,718331000,2530468000,,2.5425,95704000
4662,2024,MAC,2024-12-31,-0.88,-0.88,8567039000,5724614000,351905000,2756487000,8567039000,,,
4663,2023,MAC,2023-12-31,-1.28,-1.28,7513512000,4985911000,255924000,2447020000,7513512000,,,
4664,2022,MAC,2022-12-31,-0.31,-0.31,8094139000,5144790000,255736000,2865773000,8094139000,,,
4665,2021,MAC,2021-12-31,0.07,0.07,8345655000,5169506000,255548000,3046867000,8345655000,,,
4666,2020,MAC,2020-12-31,-1.58,-1.58,9184005000,6738745000,4560810000,2257049000,9184005000,,0.50,
4667,2019,MAC,2019-12-31,0.68,0.68,8853571000,6022601000,,2632262000,8853571000,,3.00,
4668,2018,MAC,2018-12-31,-0.24,-0.24,9026808000,5838376000,908544000,2950232000,9026808000,,2.97,
4669,2017,MAC,2017-12-31,0.48,0.48,9605862000,5637863000,932184000,3681578000,9605862000,,2.87,
4670,2016,MAC,2016-12-31,2.77,2.76,9958148000,5530980000,880482000,4105887000,9958148000,,2.75,
4671,2015,MAC,2015-12-31,0.15,0.15,11258576000,6187337000,,4715414000,11258576000,,2.00,
4672,2014,MAC,2014-12-31,0.13,0.13,13121778000,7081929000,,5640120000,13121778000,,,
4673,2013,MAC,2013-12-31,3.01,3.00,9075250000,5356533000,,3358749000,9075250000,,,
4674,2012,MAC,2012-12-31,2.51,2.51,9311209000,5894958000,,3077529000,9311209000,,,
4675,2011,MAC,2011-12-31,1.18,1.18,7938549000,4773898000,,2813337000,7938549000,,,271140000
4676,2024,MAR,2024-12-31,8.36,8.33,26182000000,,55000000,-2992000000,26182000000,,2.41,
4677,2023,MAR,2023-12-31,10.23,10.18,25674000000,,56000000,-682000000,25674000000,,1.96,
4678,2022,MAR,2022-12-31,7.27,7.24,24815000000,,92000000,568000000,24815000000,,1.00,
4679,2021,MAR,2021-12-31,3.36,3.34,25553000000,865000000,135000000,1414000000,25553000000,,,
4680,2020,MAR,2020-12-31,-0.82,-0.82,24701000000,1623000000,143000000,430000000,24701000000,,0.48,
4681,2019,MAR,2019-12-31,3.83,3.80,25051000000,,247000000,703000000,25051000000,,1.85,
4682,2018,MAR,2018-12-31,1.17,1.16,23696000000,,223000000,2225000000,23696000000,,,
4683,2017,MAR,2017-12-31,0.95,0.94,23948000000,,279000000,3731000000,23948000000,,,
4684,2016,MAR,2016-12-31,2.68,0.85,24140000000,,165000000,5357000000,24140000000,,,
4685,2015,MAR,2015-12-31,3.22,0.73,6082000000,,,-3590000000,6082000000,,,
4686,2014,MAR,2014-12-31,2.60,0.57,6865000000,,,-2200000000,6865000000,,,
4687,2013,MAR,2013-12-31,2.05,2.00,6794000000,,,-1415000000,6794000000,,,
4688,2012,MAR,2012-12-28,1.77,1.72,6342000000,,,-1285000000,6342000000,,0.4900,
4689,2011,MAR,2011-12-30,0.56,0.55,5910000000,,0,,5910000000,,0.3875,
4690,2024,MAS,2024-12-31,3.77,3.76,3131000000,5069000000,2948000000,-279000000,5016000000,,1.16,
4691,2023,MAS,2023-12-31,4.03,4.02,3140000000,5247000000,2948000000,-126000000,5363000000,,1.140,
4692,2022,MAS,2022-12-31,3.65,3.63,3096000000,5429000000,3151000000,-480000000,5187000000,,1.120,
4693,2021,MAS,2021-12-31,1.63,1.62,3195000000,5497000000,2959000000,-179000000,5575000000,,0.705,
4694,2020,MAS,2020-12-31,4.60,4.59,2822000000,5356000000,2795000000,195000000,5777000000,,0.550,
4695,2019,MAS,2019-12-31,3.24,3.22,2375000000,5083000000,2773000000,-235000000,5027000000,,0.510,
4696,2018,MAS,2018-12-31,0.48,0.47,5393000000,5324000000,2979000000,-111000000,5393000000,,0.45,
4697,2017,MAS,2017-12-31,0.44,0.43,5488000000,5312000000,3085000000,-60000000,5488000000,,0.41,
4698,2016,MAS,2016-12-31,0.33,0.32,5137000000,5240000000,2997000000,-298000000,5137000000,,0.39,
4699,2015,MAS,2015-12-31,0.18,0.18,5680000000,5622000000,3423000000,-135000000,5680000000,,0.37,
4700,2014,MAS,2014-12-31,0.21,0.21,7167000000,6039000000,3424000000,924000000,7167000000,,0.345,
4701,2013,MAS,2013-12-31,0.76,0.76,6933000000,6170000000,17000000,535000000,6933000000,,0.30,
4702,2012,MAS,2012-12-31,-0.33,-0.33,6875000000,6341000000,400000000,322000000,6875000000,,0.30,
4703,2011,MAS,2011-12-31,-0.13,-0.13,7297000000,6555000000,4025000000,527000000,7297000000,,0.30,
4704,2024,MAT,2024-12-31,1.59,1.58,6544084000,,2334351000,441369000,6544084000,,,
4705,2023,MAT,2023-12-31,0.61,0.60,6435822000,,2329986000,441369000,6435822000,,,
4706,2022,MAT,2022-12-31,1.11,1.10,6177661000,,2325644000,441369000,6177661000,,,
4707,2021,MAT,2021-12-31,2.58,2.53,6393894000,,2570992000,441369000,6393894000,,,
4708,2020,MAT,2020-12-31,0.36,0.36,5521089000,,2854664000,441369000,5521089000,,,
4709,2019,MAT,2019-12-31,-0.62,-0.62,5325226000,,2846751000,441369000,5325226000,,,
4710,2018,MAT,2018-12-31,-0.90,-0.90,5243465000,,2851723000,669465000,5243465000,,0,
4711,2017,MAT,2017-12-31,-0.33,-0.33,6238503000,,3123119000,1257455000,6238503000,,0.38,
4712,2016,MAT,2016-12-31,-0.21,-0.21,6493794000,,2134271000,2407782000,6493794000,,0.38,
4713,2015,MAT,2015-12-31,-0.17,-0.17,6552689000,,2100000000,2633254000,6552689000,,0.38,
4714,2014,MAT,2014-12-31,1.46,1.45,6722046000,,2100000000,2949071000,6722046000,,1.52,
4715,2013,MAT,2013-12-31,2.61,2.58,6439626000,,1600000000,3251559000,6439626000,,1.44,
4716,2012,MAT,2012-12-31,2.25,2.22,6526785000,,1500000000,3067044000,6526785000,,1.24,
4717,2011,MAT,2011-12-31,2.20,2.18,5671638000,,1550000000,2610603000,5671638000,,0.92,
4718,2024,MCD,2024-12-31,11.45,11.39,22547000000,,38400000000,17000000,55182000000,,6.78,
4719,2023,MCD,2023-12-31,11.63,11.56,22477000000,,39300000000,16600000,56146800000,,6.23,
4720,2022,MCD,2022-12-31,8.39,8.33,21793000000,,35900000000,16600000,50435600000,,5.66,
4721,2021,MCD,2021-12-31,10.11,10.04,21280300000,,21833700000,16600000,53854300000,,5.25,
4722,2020,MCD,2020-12-31,6.35,6.31,21010000000.0,,22734500000,16600000,52626800000,,5.04,
4723,2019,MCD,2019-12-31,7.95,7.88,21376900000,,19340200000,16600000,47510800000,,4.73,
4724,2018,MCD,2018-12-31,7.61,7.54,14483800000,,18075800000,16600000,32811200000,,4.19,
4725,2017,MCD,2017-12-31,6.43,6.37,12648600000,,15533300000,16600000,33803700000,,3.83,
4726,2016,MCD,2016-12-31,1.27,1.25,31023900000,,25955700000,-2204300000,31023900000,,0.89,
4727,2015,MCD,2015-12-31,0.84,0.84,37938700000,,24122100000,7087900000,37938700000,,0.85,
4728,2014,MCD,2014-12-31,1.40,1.40,34281400000,,14989700000,12853400000,34281400000,,0.81,
4729,2013,MCD,2013-12-31,5.59,5.55,36626300000,,6460600000,16009700000,36626300000,,3.12,
4730,2012,MCD,2012-12-31,5.41,5.36,35386500000,,13632500000,15293600000,35386500000,,2.87,
4731,2011,MCD,2011-12-31,5.33,5.27,32989900000,,12500400000,14390200000,32989900000,,2.53,
4732,2025,MCHP,2025-03-31,-0.01,-0.01,15374600000,,5630400000,600000,15374600000,,1.816,
4733,2024,MCHP,2024-03-31,3.52,3.48,15873200000,,5999800000,2483400000,15873200000,,1.682,
4734,2023,MCHP,2023-03-31,4.07,4.02,16370300000,,6439900000,2413800000,16370300000,,1.263,
4735,2022,MCHP,2022-03-31,2.33,2.27,16199500000,,7687400000,2536500000,16199500000,,0.910,
4736,2021,MCHP,2021-03-31,1.35,1.29,16478800000,,8904100000,2403600000,16478800000,,1.494,
4737,2020,MCHP,2020-03-31,2.39,2.23,17426100000,,9482200000,2675300000,17426100000,,1.465,
4738,2019,MCHP,2019-03-31,1.51,0.70,18350000000.0,,10307000000.0,200000,18350000000.0,,1.457,
4739,2018,MCHP,2018-03-31,1.10,0.58,8257200000,,3068300000,-10100000,8257200000,,1.449,
4740,2017,MCHP,2017-03-31,0.76,0.57,7686881000,,2950500000,-14378000,7686881000,,1.441,
4741,2016,MCHP,2016-03-31,1.59,0.31,5567515000,,,2150919000,5567515000,,1.433,
4742,2015,MCHP,2015-03-31,1.84,0.45,4780713000,,,2044654000,4780713000,,1.425,
4743,2014,MCHP,2014-03-31,1.99,1.82,4067630000,,,2135461000,4067630000,,1.417,
4744,2013,MCHP,2013-03-31,0.65,0.62,3851405000,,,1933470000,3851405000,,1.406,
4745,2012,MCHP,2012-03-31,1.76,1.65,3083776000,,,1990673000,3083776000,,1.390,
4746,2011,MCHP,2011-03-31,2.24,2.15,2968058000,,,1812438000,2968058000,,1.374,
4747,2025,MCK,2025-03-31,25.86,25.72,75140000000,47000000,500000000,-2074000000,75140000000,,2.75,
4748,2024,MCK,2024-03-31,22.54,22.39,601000000,41000000,0,-1971000000,67443000000,,2.40,
4749,2023,MCK,2023-03-31,25.23,25.03,621000000,53000000,0,-1857000000,62320000000,,2.09,
4750,2022,MCK,2022-03-31,7.32,7.23,660000000,65000000,400000000,-2272000000,63298000000,,1.83,
4751,2021,MCK,2021-03-31,-28.26,-28.26,662000000,74000000,0,-21000000,65015000000,,1.67,
4752,2020,MCK,2020-03-31,4.98,4.95,695000000,82000000,700000000,5092000000,61247000000,,1.62,
4753,2019,MCK,2019-03-31,-4.17,-4.17,59672000000,,7595000000,8094000000,59672000000,,1.51,
4754,2018,MCK,2018-03-31,-5.58,-5.58,60381000000,,7880000000,9804000000,60381000000,,1.30,
4755,2017,MCK,2017-03-31,16.92,16.76,60969000000,,8362000000,11095000000,60969000000,,1.12,
4756,2016,MCK,2016-03-31,1.90,1.88,56563000000,,8147000000,8924000000,56563000000,,1.08,
4757,2015,MCK,2015-03-31,0.57,0.56,53870000000,,9709000000,8001000000,53870000000,,0.96,
4758,2014,MCK,2014-03-31,5.51,5.41,51759000000,,507000000,8522000000,51759000000,,0.92,
4759,2013,MCK,2013-03-31,5.71,5.59,34786000000,,598000000,7070000000,34786000000,,0.80,
4760,2012,MCK,2012-03-31,5.70,5.59,33093000000,,3580000000,6831000000,33093000000,,0.8,
4761,2011,MCK,2011-03-31,4.65,4.57,30886000000,,4004000000,7220000000,30886000000,171000000,0.72,
4762,2024,MCO,2024-12-31,11.32,11.26,15505000000,11778000000,567000000,3565000000,15505000000,,0.85,
4763,2023,MCO,2023-12-31,8.77,8.73,14622000000,11146000000,565000000,3318000000,14622000000,,0.77,
4764,2022,MCO,2022-12-31,7.47,7.44,14349000000,11660000000,498000000,2519000000,14349000000,,0.70,
4765,2021,MCO,2021-12-31,11.88,11.78,14680000000,11764000000,846000000,2727000000,14680000000,,0.62,
4766,2020,MCO,2020-12-31,9.48,9.39,12409000000,10646000000,909000000,1569000000,12409000000,,0.56,
4767,2019,MCO,2019-12-31,7.51,7.42,10265000000,9428000000,833000000,612000000,10265000000,,0.50,
4768,2018,MCO,2018-12-31,6.84,6.74,9526200000,8869700000,5676000000,459900000,9526200000,337200000,0.44,
4769,2017,MCO,2017-12-31,5.24,5.15,8594200000,8709100000,497800000,-327700000,8594200000,290400000,0.38,
4770,2016,MCO,2016-12-31,0.95,0.93,5327300000,6354600000,3363000000,-1225000000,5327300000,285100000,1.49,
4771,2015,MCO,2015-12-31,1.16,1.14,5123400000,5456400000,3393100000,-565000000,5123400000,272100000,0.71,
4772,2014,MCO,2014-12-31,4.69,4.61,4669000000,4626100000,,-187800000,4669000000,236000000,0.62,
4773,2013,MCO,2013-12-31,3.67,3.60,4395100000,3967200000,,337000000,4395100000,197300000,0.53,
4774,2012,MCO,2012-12-31,3.09,3.05,3960900000,3492000000,,385200000,3960900000,143000000,0.20,
4775,2011,MCO,2011-12-31,0.68,0.67,2876100000,2974000000,,-169000000,2876100000,121000000,0.16,
4776,2024,MDLZ,2024-12-31,3.44,3.42,68497000000,41539000000,8834000000,26932000000,68497000000,2349000000,1.790,
4777,2023,MDLZ,2023-12-31,3.64,3.62,28046000000,43025000000,9562000000,28332000000,71391000000,2160000000,1.620,
4778,2022,MDLZ,2022-12-31,1.97,1.96,80115000000,44241000000,11275000000,26883000000,71161000000,1985000000,1.47,
4779,2021,MDLZ,2021-12-31,3.06,3.04,78262000000,38769000000,9280000000,28269000000,67092000000,1826000000,1.33,
4780,2020,MDLZ,2020-12-31,2.48,2.47,78863000000,40156000000,11917000000,27578000000,67810000000,1678000000,1.20,
4781,2019,MDLZ,2019-12-31,2.68,2.65,4716000000,37198000000,9442000000,27275000000,64549000000,1542000000,1.09,
4782,2018,MDLZ,2018-12-31,2.30,2.28,4699000000,37016000000,9492000000,25637000000,62729000000,1359000000,0.96,
4783,2017,MDLZ,2017-12-31,1.93,1.91,63109000000,36918000000,14199000000,26111000000,63109000000,1198000000,0.82,
4784,2016,MDLZ,2016-12-31,1.07,1.05,61538000000,36323000000,14737000000,25161000000,61538000000,1094000000,0.72,
4785,2015,MDLZ,2015-12-31,4.49,4.44,62843000000,34743000000,15232000000,28012000000,62843000000,1008000000,0.64,
4786,2014,MDLZ,2014-12-31,1.29,1.28,66815000000,38962000000,15405000000,27750000000,66815000000,964000000,0.58,
4787,2013,MDLZ,2013-12-31,2.21,2.19,72557000000,40025000000,15513000000,32373000000,72557000000,943000000,0.54,
4788,2012,MDLZ,2012-12-31,1.70,1.69,75478000000,43123000000,19162000000,32215000000,75478000000,2058000000,1.00,
4789,2011,MDLZ,2011-12-31,0.46,0.45,93837000000,58509000000,26749000000,35217000000,93837000000,2043000000,0.29,
4790,2025,MDT,2025-04-25,3.63,3.61,16548000000,43424000000,,48024000000,91680000000,,2.80,
4791,2024,MDT,2024-04-26,2.77,2.76,16128000000,39561000000,,50214000000,89981000000,,2.76,
4792,2023,MDT,2023-04-28,2.83,2.82,16051000000,39283000000,,51483000000,90948000000,,2.72,
4793,2022,MDT,2022-04-29,3.75,3.73,14490000000,38260000000,,52551000000,90981000000,,2.52,
4794,2021,MDT,2021-04-30,2.68,2.66,15027000000,41481000000,300000000000,51428000000,93083000000,,2.32,
4795,2020,MDT,2020-04-24,3.57,3.54,14844000000,39817000000,,50737000000,90689000000,,2.16,
4796,2019,MDT,2019-04-26,3.44,3.41,15453000000,17311000000,0,50091000000,67402000000,,2.00,
4797,2018,MDT,2018-04-27,-1.03,-1.03,91393000000,40571000000,0,50720000000,91393000000,,1.84,
4798,2017,MDT,2017-04-28,0.60,0.59,99816000000,49400000000,400000000,50294000000,99816000000,,1.72,
4799,2016,MDT,2016-04-29,0.78,0.77,99782000000,47719000000,400000000,52063000000,99782000000,,1.52,
4800,2015,MDT,2015-04-24,0.99,0.98,106685000000,53455000000,0,53230000000,106685000000,,1.22,
4801,2024,MET,2024-12-31,5.98,5.94,677457000000,649754000000,14431000000,27445000000,677457000000,,,
4802,2023,MET,2023-12-31,1.82,1.81,36715000000,657331000000,14516000000,30015000000,687584000000,,,
4803,2022,MET,2022-12-31,2.93,2.91,252559000000,639324000000,13588000000,27040000000,666611000000,,,
4804,2021,MET,2021-12-31,7.36,7.31,282741000000,691959000000,12814000000,67482000000,759708000000,,,
4805,2020,MET,2020-12-31,5.72,5.68,291483000000,720329000000,13463000000,74558000000,795146000000,,,
4806,2019,MET,2019-12-31,6.10,6.06,266174000000,674081000000,12379000000,66144000000,740463000000,,,
4807,2018,MET,2018-12-31,1.20,1.19,687538000000,634580000000,13801000000,52741000000,687538000000,,,
4808,2017,MET,2017-12-31,0.80,0.79,719892000000,661022000000,16599000000,58676000000,719892000000,,,
4809,2016,MET,2016-12-31,1.99,1.98,898764000000,831284000000,18605000000,67309000000,898764000000,,,
4810,2015,MET,2015-12-31,1.89,1.87,877933000000,809437000000,20308000000,67949000000,877933000000,,,
4811,2014,MET,2014-12-31,1.15,1.14,902337000000,829678000000,18917000000,72053000000,902337000000,,,
4812,2013,MET,2013-12-31,2.94,2.91,885296000000,822313000000,1500000000,61553000000,885296000000,0,,
4813,2012,MET,2012-12-31,-0.16,-0.16,836781000000,771823000000,2500000000,64453000000,836781000000,,,
4814,2011,MET,2011-12-31,0.78,0.78,799625000000,739349000000,23692000000,59797000000,799625000000,,,
4815,2025,META,2025-12-31,23.98,1.00,366021000000,148778000000,58744000000,0,366021000000,5324000000,2.10,5421000000
4816,2024,META,2024-12-31,24.61,23.86,276054000000,93417000000,28826000000,0,276054000000,5072000000,2.00,5121000000
4817,2023,META,2023-12-31,15.19,14.87,229623000000,76455000000,18385000000,0,229623000000,,,
4818,2022,META,2022-12-31,8.63,8.59,185727000000,60014000000,,0,185727000000,,,
4819,2021,META,2021-12-31,13.99,13.77,165987000000,41108000000,,0,165987000000,,,
4820,2020,META,2020-12-31,10.22,10.09,159316000000,31026000000,,0,159316000000,,,
4821,2019,META,2019-12-31,6.48,6.43,133376000000,32322000000,,0,133376000000,,,
4822,2018,META,2018-12-31,7.65,7.57,97334000000,13207000000,,84127000000,97334000000,,,
4823,2017,META,2017-12-31,5.49,5.39,84524000000,10177000000,,74347000000,84524000000,,,
4824,2016,META,2016-12-31,0.53,0.52,52262000000,3674000000,,59194000000,64961000000,,,
4825,2015,META,2015-12-31,1.31,1.29,49407000000,5189000000,,44218000000,49407000000,,,
4826,2014,META,2014-12-31,1.12,1.10,40184000000,4088000000,,36096000000,40184000000,,,
4827,2013,META,2013-12-31,0.62,0.60,17895000000,2425000000,,15470000000,17895000000,,,
4828,2012,META,2012-12-31,0.02,0.01,15103000000,3348000000,,11755000000,15103000000,,,
4829,2024,MGM,2024-12-31,2.42,2.40,42231627000,38511671000,6362098000,3023481000,42231627000,,,
4830,2023,MGM,2023-12-31,3.22,3.19,42368548000,,6343810000,3811170000,42368548000,,,
4831,2022,MGM,2022-12-31,3.52,3.49,45692206000,,8719290000,4831529000,45692206000,,0.01,
4832,2021,MGM,2021-12-31,2.44,2.41,40899116000,5100000000,12770797000,6070645000,40899116000,,0.01,
4833,2020,MGM,2020-12-31,-2.02,-2.02,36494934000,5000000000.0,12376684000,6504726000,36494934000,,0.1575,101000000
4834,2019,MGM,2019-12-31,0.05,0.05,11900000000,5000000000.0,11168904000,7727265000,28190566000,,0.52,
4835,2018,MGM,2018-12-31,0.82,0.81,30210706000,5100000000,15131416000,6512283000,30210706000,,0.48,
4836,2017,MGM,2017-12-31,3.39,3.35,29159178000,4300000000,129000000,7612652000,29159178000,62000000,0.44,600000000
4837,2016,MGM,2016-12-31,1.94,1.92,28173301000,3900000000,150000000,6220180000,28173301000,58000000,,
4838,2015,MGM,2015-12-31,-0.82,-0.82,25215178000,15706218000,12696753000,5119927000,25215178000,400000000,,
4839,2014,MGM,2014-12-31,-0.31,-0.31,26702511000,17871084000,125000000,4090917000,26702511000,137000000,,
4840,2013,MGM,2013-12-31,-0.32,-0.32,26110185000,18234562000,13447230000,4231179000,26110185000,,,
4841,2012,MGM,2012-12-31,-3.62,-3.62,13442067000,16022014000,2791284000,4365548000,20387562000,,,
4842,2011,MGM,2011-12-31,-0.18,-0.18,27766276000,15286168000,13470167000,6086578000,27766276000,,,
4843,2024,MHK,2024-12-31,8.18,8.14,4591000000,5221700000,1645100000,7551400000,12778600000,,,
4844,2023,MHK,2023-12-31,-6.90,-6.90,4988347000,5930733000,1658663000,7623071000,13559869000,,,
4845,2022,MHK,2022-12-31,0.40,0.39,4841310000,6102518000,1857204000,8011509000,14120432000,,,
4846,2021,MHK,2021-12-31,15.01,14.94,5160776000,5796301000,1789114000,8421425000,14224517000,,,
4847,2020,MHK,2020-12-31,7.24,7.22,5250069000,5786593000,2487953000,8534316000,14327751000,,,
4848,2019,MHK,2019-12-31,10.34,10.30,5419896000,5260232000,1565581000,8119841000,13386680000,,,
4849,2018,MHK,2018-12-31,2.80,2.78,13099123000,5659064000,3263129000,7433814000,13099123000,,,
4850,2017,MHK,2017-12-31,2.70,2.68,12094853000,4998381000,2763578000,7059162000,12094853000,,,
4851,2016,MHK,2016-12-31,2.32,2.30,10230596000,4423413000,2511485000,5776451000,10230596000,,,
4852,2015,MHK,2015-12-31,0.31,0.30,9942364000,5059549000,3199931000,4854173000,9942364000,,,
4853,2014,MHK,2014-12-31,1.11,1.11,8285544000,3862731000,2253440000,4418006000,8285544000,,,
4854,2013,MHK,2013-12-31,4.86,4.82,8494177000,4023871000,2260008000,4461057000,8494177000,,,
4855,2012,MHK,2012-12-31,3.63,3.61,6303684000,2584067000,1382942000,3719617000,6303684000,,,
4856,2011,MHK,2011-12-31,0.34,0.34,6206228000,2756720000,1586439000,3415785000,6206228000,,,
4857,2025,MKC,2025-11-30,2.94,2.93,12511600000,7432300000,3614900000,5736500000,13200400000,,1.83,
4858,2024,MKC,2024-11-30,2.94,2.92,12359400000,7753500000,3858800000,5291000000,13070300000,,1.71,
4859,2023,MKC,2023-11-30,2.54,2.52,12233100000,7778800000,4139200000,5060700000,12862300000,,1.59,
4860,2022,MKC,2022-11-30,2.54,2.52,12332900000,8425700000,3912900000,4680500000,13124900000,,1.50,
4861,2021,MKC,2021-11-30,2.83,2.80,12185100000,8480300000,4743600000,4411000000,12905800000,,1.39,
4862,2020,MKC,2020-11-30,2.80,2.78,11339200000,8149700000,0,3926100000,12089700000,,1.27,
4863,2019,MKC,2019-11-30,5.30,5.24,9950300000,6905400000,0,3444200000,10362100000,,2.33,
4864,2018,MKC,2018-11-30,3.22,3.18,10256400000,7074200000,4136400000,,10256400000,,0.00,
4865,2017,MKC,2017-11-30,0.75,0.74,10385800000,7814900000,4769500000,,10385800000,,0.00,
4866,2016,MKC,2016-11-30,0.73,0.73,4635900000,2997800000,1056900000,,4635900000,,0.00,
4867,2015,MKC,2015-11-30,0.55,0.55,4507800000,2820900000,1256200000,,4507800000,,0.00,
4868,2014,MKC,2014-11-30,0.63,0.62,4414300000,2604900000,1015300000,,4414300000,,,
4869,2013,MKC,2013-11-30,2.94,2.91,4449700000,2502000000,1021500000,,4449700000,,,
4870,2012,MKC,2012-11-30,3.07,3.04,4165400000,2465200000,1031500000,,4165400000,,,
4871,2011,MKC,2011-11-30,0.58,0.57,4087800000,2469300000,1035100000,,4087800000,,,
4872,2024,MKTX,2024-12-31,7.29,7.28,1789216000,400556000,0,123000,1789216000,,2.96,
4873,2023,MKTX,2023-12-31,6.87,6.85,2015067000,722104000,0,123000,2015067000,,2.88,
4874,2022,MKTX,2022-12-31,6.68,6.65,1607775000,526682000,0,123000,1607775000,,2.80,
4875,2021,MKTX,2021-12-31,6.88,6.77,1530452000,489143000,0,123000,1530452000,,2.64,
4876,2020,MKTX,2020-12-31,8.01,7.85,1331429000,376368000,0,123000,1331429000,,2.40,
4877,2019,MKTX,2019-12-31,5.53,5.40,954930000,184839000,,122000,954930000,,2.04,
4878,2018,MKTX,2018-12-31,4.68,4.57,695539000,87661000,,607878000,695539000,,1.68,
4879,2017,MKTX,2017-12-31,4.02,3.89,581232000,66464000,,514768000,581232000,,1.32,
4880,2016,MKTX,2016-12-31,3.42,3.34,528042000,60029000,,468013000,528042000,,1.04,
4881,2015,MKTX,2015-12-31,2.62,2.55,439041000,48328000,,390713000,439041000,,0.80,
4882,2014,MKTX,2014-12-31,2.03,1.97,379884000,45676000,,334208000,379884000,,0.64,
4883,2013,MKTX,2013-12-31,2.06,2.01,351578000,41216000,,310362000,351578000,,0.52,
4884,2012,MKTX,2012-12-31,1.65,1.59,279841000,37124000,,242717000,279841000,,1.74,
4885,2011,MKTX,2011-12-31,1.29,1.20,349458000,37019000,,312439000,349458000,,0.36,
4886,2024,MLM,2024-12-31,32.5,32.41,8452000000,8714000000,0,9453000000,18170000000,,3.06,
4887,2023,MLM,2023-12-31,18.88,18.82,5131100000,7089300000,0,8033200000,15124900000,,2.8,
4888,2022,MLM,2022-12-31,13.91,13.87,5063500000,7820800000,699100000,7170500000,14993600000,,2.54,
4889,2021,MLM,2021-12-31,11.26,11.22,5009000000.0,7855400000,697400000,6535300000,14393000000.0,,2.36,
4890,2020,MLM,2020-12-31,11.56,11.54,4342500000,4687500000,397600000,5890700000,10580800000,,2.24,
4891,2019,MLM,2019-12-31,9.77,9.74,2879300000,4778300000,397000000.0,5350800000,10131600000,,2.06,
4892,2018,MLM,2018-12-31,7.46,7.43,9551419000,4602007000,396398000,4946363000,9551419000,,,
4893,2017,MLM,2017-12-31,11.30,11.25,8992511000,4310034000,299871000,4679600000,8992511000,,1.72,
4894,2016,MLM,2016-12-31,6.66,6.63,7300905000,3158315000,299483000,4139978000,7300905000,,1.64,
4895,2015,MLM,2015-12-31,4.31,4.29,6961732000,2901555000,299368000,4057284000,6961732000,,1.60,
4896,2014,MLM,2014-12-31,2.73,2.71,7464392000,3111644000,299123000,4351166000,7464392000,,1.60,
4897,2013,MLM,2013-12-31,2.62,2.61,3259826000,1684907000,1030921000,1537877000,3259826000,,1.60,
4898,2012,MLM,2012-12-31,1.83,1.83,3160926000,1710627000,1047859000,1410545000,3160926000,,1.60,
4899,2011,MLM,2011-12-31,1.79,1.78,3147822000,1698958000,1060084000,1409321000,3147822000,,1.6,
4900,2024,MMC,2024-12-31,8.26,8.18,56481000000,,0,,56481000000,,3.05,
4901,2023,MMC,2023-12-31,7.60,7.53,34449000000,,0,,48030000000,,,
4902,2022,MMC,2022-12-31,6.11,6.04,22776000000,,0,,33454000000,,,
4903,2021,MMC,2021-12-31,6.20,6.13,21996000000,,0,,34388000000,,,
4904,2020,MMC,2020-12-31,3.98,3.94,20612000000,,0,,33049000000,,,
4905,2019,MMC,2019-12-31,3.44,3.41,26098000000,,0,,31357000000,,,
4906,2018,MMC,2018-12-31,1.36,1.34,21578000000,,,,21578000000,,,
4907,2017,MMC,2017-12-31,1.10,1.09,20429000000,,,,20429000000,,,
4908,2016,MMC,2016-12-31,0.92,0.91,18190000000,,,,18190000000,,,
4909,2015,MMC,2015-12-31,0.89,0.88,18216000000,,,,18216000000,,,
4910,2014,MMC,2014-12-31,0.81,0.80,17840000000,,,,17840000000,,,
4911,2013,MMC,2013-12-31,2.47,2.43,16980000000,,,,16980000000,,,
4912,2012,MMC,2012-12-31,2.16,2.13,16288000000,,,,16288000000,,0.90,489000000
4913,2011,MMC,2011-12-31,1.82,1.79,15454000000,,,,15454000000,,0.86,466000000
4914,2024,MMI,2024-12-31,-0.32,-0.32,869800000,238982000,,0,869800000,20226000,0.25,
4915,2023,MMI,2023-12-31,-0.88,-0.88,878411000,233137000,,0,878411000,20103000,,20372000
4916,2022,MMI,2022-12-31,2.61,2.59,1003708000,290199000,,0,1003708000,60358000,,62572000
4917,2021,MMI,2021-12-31,3.57,3.55,1045198000,348894000,,0,1045198000,0,,
4918,2020,MMI,2020-12-31,1.08,1.08,779122000,232286000,,0,779122000,0,,
4919,2019,MMI,2019-12-31,1.95,1.95,709034000,214127000,,0,709034000,0,,
4920,2018,MMI,2018-12-31,2.23,2.22,566380000,156806000,,409574000,566380000,0,,
4921,2017,MMI,2017-12-31,1.32,1.32,459664000,144776000,,314888000,459664000,0,,
4922,2016,MMI,2016-12-31,1.66,1.66,394016000,135162000,,258854000,394016000,0,,
4923,2015,MMI,2015-12-31,1.71,1.69,321225000,132235000,,188990000,321225000,0,,
4924,2014,MMI,2014-12-31,1.27,1.27,233604000,116795000,,116809000,233604000,,,0
4925,2013,MMI,2013-12-31,0.24,0.24,167309000,104812000,,52970000,167309000,37681000,,0
4926,2024,MMM,2024-12-31,7.58,7.55,39868000000,35974000000,0,3842000000,39868000000,,1.51,
4927,2023,MMM,2023-12-31,-12.63,-12.63,11212000000,45712000000,0,4807000000,50580000000,,1.50,
4928,2022,MMM,2022-12-31,10.21,10.18,11730000000,31685000000,0,14722000000,46455000000,,1.49,
4929,2021,MMM,2021-12-31,10.23,10.12,11744000000,31955000000,0,15046000000,47072000000,,1.48,
4930,2020,MMM,2020-12-31,9.32,9.25,11711000000,34413000000,374000000,12867000000,47344000000,,1.47,
4931,2019,MMM,2019-12-31,7.92,7.81,12593000000,34533000000,463000000,10063000000,44659000000,,1.44,
4932,2018,MMM,2018-12-31,1.01,0.98,36500000000,26652000000,14156000000,9796000000,36500000000,,1.36,
4933,2017,MMM,2017-12-31,2.21,2.16,37987000000,26365000000,13198000000,11563000000,37987000000,,1.175,
4934,2016,MMM,2016-12-31,2.10,2.05,32906000000,22563000000,11478000000,10298000000,32906000000,,1.11,
4935,2015,MMM,2015-12-31,1.88,1.85,32718000000,20971000000,9878000000,11708000000,32718000000,,3.075,
4936,2014,MMM,2014-12-31,7.63,7.49,31269000000,18127000000,0,13109000000,31269000000,,3.59,
4937,2013,MMM,2013-12-31,6.83,6.72,33550000000,15602000000,1075000000,17502000000,33550000000,,3.395,
4938,2012,MMM,2012-12-31,6.40,6.32,33876000000,15836000000,1034000000,17575000000,33876000000,,,
4939,2011,MMM,2011-12-31,6.05,5.96,31616000000,15754000000,1017000000,15420000000,31616000000,,,
4940,2024,MNST,2024-12-31,,,7719089000,,373951000,5632000,7719089000,,,
4941,2023,MNST,2023-12-31,,,9686522000,,,5613000,9686522000,,,
4942,2022,MNST,2022-12-31,,,8293105000,,,3209000,8293105000,,,
4943,2021,MNST,2021-12-31,,,7804784000,,,3200000,7804784000,,,
4944,2020,MNST,2020-12-31,,,6202716000,,,3193000,6202716000,,,
4945,2019,MNST,2019-12-31,,,5150352000,,,3182000,5150352000,,,
4946,2018,MNST,2018-12-31,,,4526891000,,,3610901000,4526891000,,,
4947,2017,MNST,2017-12-31,,,4791012000,,,3895212000,4791012000,,,
4948,2016,MNST,2016-12-31,,,4153471000,,,3329709000,4153471000,,,
4949,2015,MNST,2015-12-31,,,5675189000,,,4809410000,5675189000,,,
4950,2014,MNST,2014-12-31,,,1938875000,,,1515150000,1938875000,,,
4951,2013,MNST,2013-12-31,,,1420509000,,,992279000,1420509000,,,
4952,2012,MNST,2012-12-31,,,1043325000,,,644397000,1043325000,,,
4953,2011,MNST,2011-12-31,,,1362399000,,,994000,1362399000,,,
4954,2024,MO,2024-12-31,6.54,6.54,35177000000,37365000000,3100000000,-2238000000,35177000000,,4.00,
4955,2023,MO,2023-12-31,4.57,4.57,38570000000,42060000000,3303000000,-3540000000,38570000000,,3.84,
4956,2022,MO,2022-12-31,3.19,3.19,36954000000,40877000000,4540000000,-3973000000,36954000000,,3.68,
4957,2021,MO,2021-12-31,1.34,1.34,39523000000,41129000000,4817000000,-1606000000,39523000000,,3.52,
4958,2020,MO,2020-12-31,2.40,2.40,47414000000,44449000000,5171000000,2839000000,47414000000,,3.40,
4959,2019,MO,2019-12-31,-0.70,-0.70,44474000000,38252000000,4741000000,6222000000,44474000000,,3.28,
4960,2018,MO,2018-12-31,1.00,1.00,55638000000,40810000000,13042000000,14787000000,55638000000,,0.7,
4961,2017,MO,2017-12-31,,,43202000000,27784000000,13894000000,15377000000,43202000000,,0.61,
4962,2016,MO,2016-12-31,,0.10,45932000000,33121000000,13881000000,12770000000,45932000000,,0.565,
4963,2015,MO,2015-12-31,,,32535000000,29625000000,12919000000,2880000000,32535000000,,0.565,
4964,2014,MO,2014-12-31,,,34475000000,31430000000,14693000000,3014000000,34475000000,,0.48,
4965,2013,MO,2013-12-31,,,34859000000,30706000000,14517000000,4119000000,34859000000,,1.84,
4966,2012,MO,2012-12-31,2.06,2.06,35329000000,32125000000,13878000000,3168000000,35329000000,,1.70,0
4967,2011,MO,2011-12-31,0.45,0.45,36962000000,33247000000,13689000000,3680000000,36962000000,,0.38,3266000000
4968,2024,MOH,2024-12-31,20.52,20.42,15630000000,11134000000,,0,15630000000,,,
4969,2023,MOH,2023-12-31,18.91,18.77,14892000000,10677000000,,0,14892000000,,,
4970,2022,MOH,2022-12-31,13.72,13.55,12314000000,9350000000,,0,12314000000,,,
4971,2021,MOH,2021-12-31,11.40,11.25,12209000000,9579000000,,0,12209000000,,,
4972,2020,MOH,2020-12-31,11.40,11.23,8359000000,7436000000,,0,9532000000,,,
4973,2019,MOH,2019-12-31,11.85,11.47,5265000000,4827000000,,0,6787000000,,,
4974,2018,MOH,2018-12-31,1.79,1.64,7154000000,5507000000,,1647000000,7154000000,,,
4975,2017,MOH,2017-12-31,1.38,1.37,8471000000,7134000000,,1337000000,8471000000,,,
4976,2016,MOH,2016-12-31,0.44,0.43,7449000000,5800000000,1446000000,1649000000,7449000000,,,
4977,2015,MOH,2015-12-31,0.58,0.56,6576000000,5019000000,1411000000,1557000000,6576000000,,,
4978,2014,MOH,2014-12-31,0.10,0.09,4477215000,3466773000,851551000,1010442000,4477215000,,,
4979,2013,MOH,2013-12-31,1.16,1.13,3002937000,2110000000,550000000,892937000,3002937000,,,
4980,2012,MOH,2012-12-31,0.21,0.21,1934822000,1152508000,40000000,782314000,1934822000,,,
4981,2011,MOH,2011-12-31,,,,,,,,,,
4982,2024,MOS,2024-12-31,0.55,0.55,1883800000,1865100000,,11482400000,22924000000,,,
4983,2023,MOS,2023-12-31,3.52,3.50,9900600000,7014100000,,12290200000,23032800000,,,
4984,2022,MOS,2022-12-31,10.17,10.06,11707800000,8973700000,,12054600000,23386000000,,,
4985,2021,MOS,2021-12-31,4.31,4.27,10685600000,8864700000,,10604100000,22036400000,,0.45,
4986,2020,MOS,2020-12-31,1.76,1.75,8944400000,7184900000,,9581400000,19789800000,,,
4987,2019,MOS,2019-12-31,-2.78,-2.78,7183500000,,,9185500000,19298500000,,,
4988,2018,MOS,2018-12-31,1.22,1.22,20119200000,,,10397300000,20119200000,,,
4989,2017,MOS,2017-12-31,-0.31,-0.31,18633400000,,,9617500000,18633400000,,,125100000
4990,2016,MOS,2016-12-31,0.85,0.85,16840700000,,,9584600000,16840700000,,,383700000
4991,2015,MOS,2015-12-31,2.79,2.78,17412400000,,3834100000,9531800000,17412400000,,,486600000
4992,2014,MOS,2014-12-31,2.69,2.68,18283000000,,3819000000,10703100000,18283000000,,,382500000
4993,2013,MOS,2013-05-31,4.44,4.42,18086000000,,17400000,13425400000,18086000000,,,426600000
4994,2012,MOS,2012-05-31,4.44,4.42,16690400000,,17600000,11983100000,16690400000,,,119500000
4995,2011,MOS,2011-05-31,5.64,5.62,15786900000,,45700000,11641600000,15786900000,,,89300000
4996,2024,MPC,2024-12-31,10.11,10.08,78858000000,54352000000,,17745000000,78858000000,,3.385,
4997,2023,MPC,2023-12-31,23.73,23.63,85987000000,54588000000,,24404000000,85987000000,,3.075,
4998,2022,MPC,2022-12-31,28.31,28.12,89904000000,54817000000,,27715000000,89904000000,,2.49,
4999,2021,MPC,2021-12-31,15.34,15.24,85373000000,51792000000,,26206000000,85373000000,,2.32,
5000,2020,MPC,2020-12-31,-15.13,-15.13,85158000000,54938000000,,22199000000,85158000000,,2.32,
5001,2019,MPC,2019-12-31,4.00,3.97,98556000000,55449000000,,33694000000,98556000000,,2.12,
5002,2018,MPC,2018-12-31,0.08,0.08,92940000000,47887000000,,35175000000,92940000000,,1.84,
5003,2017,MPC,2017-12-31,0.06,0.06,49047000000,27219000000,,14033000000,49047000000,,,
5004,2016,MPC,2016-12-31,0.003,0.003,44413000000,23210000000,,13557000000,44413000000,,,
5005,2015,MPC,2015-12-31,1.63,1.62,43115000000,23440000000,,13237000000,43115000000,,,
5006,2014,MPC,2014-12-31,0.68,0.67,30460000000,19070000000,,10751000000,30460000000,,,
5007,2013,MPC,2013-12-31,6.69,6.64,28385000000,17053000000,,10920000000,28385000000,,,
5008,2012,MPC,2012-12-31,9.95,9.89,27223000000,15118000000,,11694000000,27223000000,,,
5009,2011,MPC,2011-12-31,1.49,1.48,25745000000,16240000000,3299000000,9505000000,25745000000,,,
5010,2024,MPWR,2024-12-31,36.76,36.59,3617097000,471330000,,706817000,3617097000,240623000,5,242459000
5011,2023,MPWR,2023-12-31,8.98,8.76,2434353000,384414000,,1129937000,2434353000,185844000,4,190642000
5012,2022,MPWR,2022-12-31,9.37,9.05,2058885000,390283000,,975276000,2058885000,137965000,3.00,140337000
5013,2021,MPWR,2021-12-31,5.28,5.05,1585825000,341840000,,803226000,1585825000,109364000,2.40,110206000
5014,2020,MPWR,2020-12-31,3.67,3.50,1208491000,241904000,,657701000,1208491000,88786000,2.00,89832000
5015,2019,MPWR,2019-12-31,2.52,2.38,956375000,182884000,,549517000,956375000,67294000,1.60,69196000
5016,2018,MPWR,2018-12-31,2.49,2.36,793432000,153339000,,-1638000,793432000,,0.30,50803000
5017,2017,MPWR,2017-12-31,1.58,1.50,652569000,130562000,,-1364000,652569000,,0.20,33145000
5018,2016,MPWR,2016-12-31,1.30,1.26,511126000,80010000,,431116000,511126000,,0.80,32434000
5019,2015,MPWR,2015-12-31,0.89,0.86,431285000,62769000,,368516000,431285000,,0.80,7854000
5020,2014,MPWR,2014-12-31,0.92,0.89,399366000,52941000,,346425000,399366000,,0.45,5817000
5021,2013,MPWR,2013-12-31,0.61,0.59,368908000,45509000,,323399000,368908000,,,
5022,2012,MPWR,2012-12-31,0.45,0.43,287162000,28868000,,258294000,287162000,35664000,1.00,
5023,2011,MPWR,2011-12-31,0.39,0.38,273867000,30990000,,,273867000,,,
5024,2024,MRK,2024-12-31,6.76,6.74,117106000000,100000000,,46313000000,117106000000,,3.12,
5025,2023,MRK,2023-12-31,0.14,0.14,106675000000,250000000,,37581000000,106675000000,,2.96,
5026,2022,MRK,2022-12-31,5.73,5.71,109160000000,600000000,,45991000000,109160000000,,2.80,
5027,2021,MRK,2021-12-31,5.16,5.14,105694000000,400000000,,38184000000,105694000000,,2.64,
5028,2020,MRK,2020-12-31,2.79,2.78,91588000000,400000000,,25317000000,91588000000,,2.48,
5029,2019,MRK,2019-12-31,3.84,3.81,84397000000,300000000,,25907000000,84397000000,,2.26,
5030,2018,MRK,2018-12-31,2.34,2.32,82637000000,600000000,,26701000000,82637000000,,1.99,
5031,2017,MRK,2017-12-31,0.88,0.87,87872000000,,,34336000000,87872000000,,1.89,
5032,2016,MRK,2016-12-31,1.42,1.41,95377000000,,,40088000000,95377000000,,1.85,
5033,2015,MRK,2015-12-31,1.58,1.56,101779000000,,,44676000000,101779000000,,1.81,
5034,2014,MRK,2014-12-31,4.12,4.07,98335000000,,,48647000000,98335000000,,1.77,
5035,2013,MRK,2013-12-31,1.49,1.47,105645000000,,,49765000000,105645000000,,1.73,
5036,2012,MRK,2012-12-31,2.03,2.00,106132000000,,,53020000000,106132000000,,1.69,
5037,2011,MRK,2011-12-31,2.04,2.02,105128000000,,,54517000000,105128000000,,1.56,
5038,2024,MRNA,2024-12-31,-9.28,-9.28,14142000000,3241000000,,0,14142000000,,,
5039,2023,MRNA,2023-12-31,-12.33,-12.33,18426000000,4572000000,,0,18426000000,,,
5040,2022,MRNA,2022-12-31,21.26,20.12,25858000000,6735000000,,0,25858000000,,,
5041,2021,MRNA,2021-12-31,30.31,28.29,24669000000,10524000000,,0,24669000000,,,
5042,2020,MRNA,2020-12-31,,,7336750000,4775375000,,40000,7336750000,,,
5043,2019,MRNA,2019-12-31,,,1589422000,414612000,,1174810000,1589422000,,,
5044,2018,MRNA,2018-12-31,,,1962149000,431908000,,1530241000,1962149000,,,
5045,2024,MS,2024-12-31,8.04,7.95,575000000,1109643000000,173723000000,104511000000,1215071000000,6138000000,3.55,5745000000
5046,2023,MS,2023-12-31,5.24,5.18,597000000,1093711000000,168392000000,99038000000,1193693000000,5763000000,3.25,5393000000
5047,2022,MS,2022-12-31,6.23,6.15,1153000000,1079000000000,159684000000,100141000000,1180231000000,5401000000,2.950,5108000000
5048,2021,MS,2021-12-31,8.16,8.03,1177000000,1081542000000,147477000000,105441000000,1188140000000,4171000000,2.10,3818000000
5049,2020,MS,2020-12-31,1.02,1.01,551000000,1012713000000,133417000000,101781000000,1115862000000,2739000000,0.35,2295000000
5050,2019,MS,2019-12-31,5.26,5.19,1948000000,812732000000,106034000000,81549000000,895429000000,2627000000,1.30,2161000000
5051,2018,MS,2018-12-31,0.81,4.73,646427000000,772125000000,6772000000,80246000000,853531000000,2375000000,0.3,0
5052,2017,MS,2017-12-31,0.89,3.07,191398000000,207586000000,786000000,77391000000,284977000000,2085000000,0.25,
5053,2016,MS,2016-12-31,0.83,2.92,255822000000,179772000000,150725000000,76050000000,255822000000,1746000000,0.7,
5054,2015,MS,2015-12-31,0.87,2.9,602714000000,476000000,0,75182000000,787465000000,1455000000,0.1,
5055,2014,MS,2014-12-31,1.64,1.60,801510000000,729406000000,152772000000,70900000000,801510000000,904000000,0.35,
5056,2013,MS,2013-12-31,1.39,1.36,832702000000,763672000000,153575000000,65921000000,832702000000,475000000,0.20,
5057,2012,MS,2012-12-31,-0.02,-0.02,780960000000,711223000000,169571000000,62109000000,780960000000,469000000,0.20,
5058,2011,MS,2011-12-31,1.25,1.23,749898000000,679820000000,184234000000,62049000000,749898000000,834000000,0.05,
5059,2024,MSCI,2024-12-31,14.09,14.05,5445439000,6385436000,994727000,1341000,5445439000,,1.60,131378000
5060,2023,MSCI,2023-12-31,14.45,14.39,5518219000,6257983000,993637000,1338000,5518219000,,1.38,112189000
5061,2022,MSCI,2022-12-31,10.78,10.72,4997535000,6005460000,992546000,1336000,4997535000,,1.04,87846000
5062,2021,MSCI,2021-12-31,8.80,8.70,5506703000,5670170000,991455000,1332000,5506703000,,0.78,66153000
5063,2020,MSCI,2020-12-31,7.19,7.12,4198647000,4641881000,,1328000,4198647000,,0.68,59455000
5064,2019,MSCI,2019-12-31,6.66,6.59,4204439000,4281153000,,1324000,4204439000,,0.58,57988000
5065,2018,MSCI,2018-12-31,5.83,5.66,3387952000,3554446000,,-166494000,3387952000,34900000,1.92,
5066,2017,MSCI,2017-12-31,3.36,3.31,3275668000,2874656000,,401012000,3275668000,25500000,1.32,
5067,2016,MSCI,2016-12-31,2.72,2.70,3082578000,2764973000,,317605000,3082578000,21889000,1.00,
5068,2015,MSCI,2015-12-31,2.05,2.03,3146987000,2245500000,,901487000,3146987000,87797000,0.80,
5069,2014,MSCI,2014-12-31,2.45,2.43,2894175000,1461342000,,1432833000,2894175000,,0.18,
5070,2013,MSCI,2013-12-31,1.85,1.83,3134537000,1558173000,810000000,1576364000,3134537000,,,
5071,2012,MSCI,2012-12-31,1.50,1.48,3019639000,1594408000,858000000,1425231000,3019639000,,,
5072,2011,MSCI,2011-12-31,0.28,0.27,3092996000,1787564000,1081563000,1305432000,3092996000,,,
5073,2025,MSFT,2025-06-30,13.70,13.64,619003000000,275524000000,43151000000,109095000000,619003000000,,0.83,
5074,2024,MSFT,2024-06-30,11.86,11.80,512163000000,243686000000,44937000000,100923000000,512163000000,,0.75,
5075,2023,MSFT,2023-06-30,0.4,0.4,411976000000,205753000000,47237000000,93718000000,411976000000,,0.68,
5076,2022,MSFT,2022-06-30,9.70,9.65,364840000000,198298000000,49781000000,86939000000,364840000000,,0.62,
5077,2021,MSFT,2021-06-30,0.30,0.30,333779000000,191791000000,58146000000,83111000000,333779000000,,0.56,
5078,2020,MSFT,2020-06-30,5.82,5.76,301311000000,183007000000,63327000000,80552000000,301311000000,,0.51,
5079,2019,MSFT,2019-06-30,5.11,5.06,286556000000,184226000000,72200000000,102330000000,286556000000,,1.84,
5080,2018,MSFT,2018-06-30,2.15,2.13,258848000000,176130000000,76200000000,82718000000,258848000000,,1.68,
5081,2017,MSFT,2017-06-30,2.74,2.71,241086000000,168692000000,77100000000,72394000000,241086000000,,1.56,
5082,2016,MSFT,2016-06-30,2.12,2.10,193694000000,121697000000,40800000000,71997000000,193694000000,,1.44,
5083,2015,MSFT,2015-06-30,1.49,1.48,176223000000,96140000000,30300000000,80083000000,176223000000,,1.24,
5084,2014,MSFT,2014-06-30,2.66,2.63,172384000000,82600000000,20600000000,89784000000,172384000000,,1.12,
5085,2013,MSFT,2013-06-30,2.61,2.58,142431000000,63487000000,15600000000,78944000000,142431000000,,0.92,
5086,2012,MSFT,2012-06-30,2.02,2.00,121271000000,54908000000,11900000000,66363000000,121271000000,,0.80,
5087,2011,MSFT,2011-06-30,2.73,2.69,108704000000,51621000000,11900000000,57083000000,108704000000,,0.64,
5088,2024,MSI,2024-12-31,9.45,9.23,11456000000,,,1703000000,14595000000,,4.03,
5089,2023,MSI,2023-12-31,10.23,9.93,10207000000,,,724000000,13336000000,,3.62,
5090,2022,MSI,2022-12-31,8.14,7.93,9227000000,,,116000000,12814000000,,3.25,
5091,2021,MSI,2021-12-31,7.36,7.17,9420000000,,0,-40000000,12189000000,,2.92,
5092,2020,MSI,2020-12-31,5.58,5.45,7009000000,,0,-558000000,10876000000,,2.63,
5093,2019,MSI,2019-12-31,5.21,4.95,6749000000,,0,-700000000,10642000000,,2.35,
5094,2018,MSI,2018-12-31,0.73,0.69,9409000000,,,-1293000000,9409000000,,0.52,
5095,2017,MSI,2017-12-31,0.47,0.45,8208000000,,,-1742000000,8208000000,,0.47,
5096,2016,MSI,2016-12-31,0.10,0.10,8463000000,,,-964000000,8463000000,,0.47,
5097,2015,MSI,2015-12-31,0.34,0.34,8387000000,,,-106000000,8387000000,,0.34,
5098,2014,MSI,2014-12-31,0.50,0.49,10423000000,,,2735000000,10423000000,,0.34,
5099,2013,MSI,2013-12-31,4.13,4.06,11851000000,,,3659000000,11851000000,,1.14,
5100,2012,MSI,2012-12-31,3.01,2.96,12679000000,,1900000000,3265000000,12679000000,,0.96,
5101,2011,MSI,2011-12-31,1.47,1.44,13929000000,,1500000000,5214000000,13929000000,72000000,0,
5102,2024,MTB,2024-12-31,14.71,14.64,208105000000,179078000000,5143000000,2394000000,208105000000,,5.35,
5103,2023,MTB,2023-12-31,15.85,15.79,208264000000,181307000000,8201000000,2011000000,208264000000,,,
5104,2022,MTB,2022-12-31,11.59,11.53,200729841000,175411851000,3964537000,2010600000,200729841000,,,
5105,2021,MTB,2021-12-31,13.81,13.80,155107160000,137203755000,3485369000,1750000000,155107160000,,,
5106,2020,MTB,2020-12-31,9.94,9.94,142601105000,126413822000,4382193000,1250000000,142601105000,,,
5107,2019,MTB,2019-12-31,13.76,13.75,119872757000,104156108000,6986186000,1250000000,119872757000,,,
5108,2018,MTB,2018-12-31,12.75,12.74,120097403000,104637212000,8444914000,15460191000,120097403000,,,
5109,2017,MTB,2017-12-31,8.72,8.70,118593487000,102342668000,8141430000,16250819000,118593487000,,,
5110,2016,MTB,2016-12-31,7.80,7.78,123449206000,106962584000,9493835000,16486622000,123449206000,,,
5111,2015,MTB,2015-12-31,7.22,7.18,122787884000,106614595000,10653858000,16173289000,122787884000,,,
5112,2014,MTB,2014-12-31,7.47,7.42,96685535000,84349639000,9006959000,12335896000,96685535000,,,
5113,2013,MTB,2013-12-31,8.26,8.20,85162391000,73856859000,5108870000,11305532000,85162391000,,2.80,
5114,2012,MTB,2012-12-31,7.57,7.54,83008803000,72806210000,4607758000,10202593000,83008803000,,2.80,
5115,2011,MTB,2011-12-31,6.37,6.35,77924287000,68653078000,6686226000,9271209000,77924287000,,2.80,
5116,2024,MTCH,2024-12-31,2.12,2.02,4465771000,,3848983000,-63659000,4465771000,,0.19,
5117,2023,MTCH,2023-12-31,2.36,2.26,4507886000,,3842242000,-19548000,4507886000,,,
5118,2022,MTCH,2022-12-31,1.28,1.24,4182764000,,3835726000,-359875000,4182764000,,,
5119,2021,MTCH,2021-12-31,1.01,0.93,5063288000,,3840930000,-203769000,5063288000,,,
5120,2020,MTCH,2020-12-31,0.58,0.49,2976980000,,425000000,-1177667000,2976980000,0,,
5121,2019,MTCH,2019-12-31,5.12,4.50,8332825000,,0,2928042000,8332825000,,,
5122,2018,MTCH,2018-12-31,0.86,0.71,6874585000,,2348239000,2843125000,6874585000,,,
5123,2017,MTCH,2017-12-31,0.34,0.29,5867810000,,2102359000,2430028000,5867810000,,0,
5124,2016,MTCH,2016-12-31,0.10,0.09,4645873000,,1623495000,1869222000,4645873000,,0,
5125,2015,MTCH,2015-12-31,0.32,0.30,5209950000,,1799904000,1804526000,5209950000,,1.36,
5126,2014,MTCH,2014-12-31,0.44,0.41,4274878000,,1080000000,1991953000,4274878000,,1.16,
5127,2013,MTCH,2013-12-31,3.42,3.29,4234684000,,1080000000,1686736000,4234684000,,0.96,
5128,2012,MTCH,2012-12-31,1.85,1.71,3805828000,,595844000,1655728000,3805828000,,0.72,
5129,2011,MTCH,2011-12-31,2.01,1.85,3409865000,,,1905049000,3409865000,,,
5130,2024,MTD,2024-12-31,40.67,40.48,4081688000,3366889000,1831265000,448000,3239999000,,,
5131,2023,MTD,2023-12-31,36.10,35.90,3848003000,3505493000,1888620000,448000,3355555000,,,
5132,2022,MTD,2022-12-31,38.79,38.41,3574842000,3467602000,1908480000,448000,3492395000,,,
5133,2021,MTD,2021-12-31,33.25,32.78,3278400000,3155377000,1580808000,448000,3326798000,,,
5134,2020,MTD,2020-12-31,25.24,24.91,2560652000,2531874000,1284174000,448000,2814549000,,,
5135,2019,MTD,2019-12-31,22.84,22.47,2363725000,2368541000,1235350000,448000,2789321000,,,
5136,2018,MTD,2018-12-31,3.66,3.58,2618847000,2028784000,985021000,590063000,2618847000,,,
5137,2017,MTD,2017-12-31,3.57,3.48,2549805000,2002525000,960170000,547280000,2549805000,,,
5138,2016,MTD,2016-12-31,2.44,2.40,2166777000,1731834000,875056000,434943000,2166777000,,,
5139,2015,MTD,2015-12-31,2.24,2.19,2018485000,1438028000,,580457000,2018485000,,,
5140,2014,MTD,2014-12-31,1.98,1.93,2009110000,1289515000,,719595000,2009110000,,,
5141,2013,MTD,2013-12-31,10.22,9.96,2152819000,1217767000,,935052000,2152819000,,,
5142,2012,MTD,2012-12-31,9.37,9.14,2117400000,1290181000,,827219000,2117400000,,,
5143,2011,MTD,2011-12-31,8.45,8.21,2203474000,1422337000,,781137000,2203474000,,,
5144,2025,MU,2025-08-28,7.65,7.59,82798000000,28633000000,540000000,127000000,82798000000,,0.460,
5145,2024,MU,2024-08-29,0.70,0.70,69416000000,24285000000,921000000,125000000,69416000000,,0.460,
5146,2023,MU,2023-08-31,-5.34,-5.34,64254000000,20134000000,587000000,124000000,64254000000,,0.460,
5147,2022,MU,2022-09-01,7.81,7.75,66283000000,16376000000,1187000000,123000000,66283000000,,0.315,
5148,2021,MU,2021-09-02,5.23,-0.11,58849000000,14916000000,1247000000,43933000000,58849000000,,0.10,
5149,2020,MU,2020-09-03,2.42,0.45,53678000000,14682000000,1245000000,38996000000,53678000000,,,
5150,2019,MU,2019-08-29,1.45,1.42,48887000000,12019000000,5260000000,35881000000,48887000000,,,
5151,2018,MU,2018-08-30,2.86,2.67,43376000000,10112000000,3791000000,32294000000,43376000000,,,
5152,2017,MU,2017-08-31,0.81,0.77,35336000000,15845000000,5679000000,18621000000,35336000000,,,
5153,2016,MU,2016-09-01,-0.09,-0.09,27540000000,14612000000,7147000000,12080000000,27540000000,,,
5154,2015,MU,2015-09-03,0.87,0.78,24143000000,10855000000,5238000000,12302000000,24143000000,,,
5155,2014,MU,2014-08-28,2.87,2.54,22498000000,10868000000,5682000000,10771000000,22498000000,,,
5156,2013,MU,2013-08-29,1.16,1.13,19118000000,9112000000,,9142000000,19118000000,,,
5157,2012,MU,2012-08-30,-1.04,-1.04,14328000000,5911000000,65000000,7700000000,14328000000,,,
5158,2011,MU,2011-09-01,0.17,0.17,14752000000,4900000000,815000000,8470000000,14752000000,,,
5159,2024,MUR,2024-12-31,0.59,0.59,6953800000,4325636000,1270496000,5194250000,9667479000,,,
5160,2023,MUR,2023-12-31,1.23,1.22,9766697000,4217044000,1324837000,5362794000,9766697000,,,
5161,2022,MUR,2022-12-31,-0.73,-0.73,6930600000,5160059000,1818295000,4994774000,10308952000,,,
5162,2021,MUR,2021-12-31,-1.87,-1.87,6591600000,5984144000,2460579000,4157311000,10304940000,,,
5163,2020,MUR,2020-12-31,-2.71,-2.71,6915500000,6226705000,2788067000,4214337000,10620852000,,,
5164,2019,MUR,2019-12-31,0.23,0.23,8043300000,5913893000,2803381000,5467460000,11718504000,,,
5165,2018,MUR,2018-12-31,,,,,,,,,,
5166,2017,MUR,2017-12-31,0.34,0.34,9860942000,,2772567000,4620191000,9860942000,,,
5167,2016,MUR,2016-12-31,-1.16,-1.16,10295860000,,2776165000,4916679000,10295860000,,,
5168,2015,MUR,2015-12-31,-0.08,-0.08,11493812000,,2830777000,5306728000,11493812000,,,
5169,2014,MUR,2014-12-31,0.86,0.85,16742307000,,2695047000,8573434000,16742307000,,,
5170,2013,MUR,2013-12-31,5.98,5.94,17509484000,,,8595730000,17509484000,,,
5171,2012,MUR,2012-12-31,5.01,4.99,17522643000,,2245247000,8942035000,17522643000,486141000,2.50,
5172,2011,MUR,2011-12-31,4.51,4.49,14138138000,,599558000,8778397000,14138138000,,,
5173,2024,NAVI,2024-12-31,1.2,1.18,51789000000,49148000000,4806000000,,51789000000,,,
5174,2023,NAVI,2023-12-31,1.87,1.85,61375000000,58615000000,5351000000,,61375000000,,,
5175,2022,NAVI,2022-12-31,4.54,4.49,70795000000,67818000000,5711000000,2977000000,70795000000,,,
5176,2021,NAVI,2021-12-31,4.23,4.18,80605000000,77997000000,7014000000,2597000000,80605000000,,,
5177,2020,NAVI,2020-12-31,2.14,2.12,87412000000,84965000000,7714000000,2433000000,87412000000,,,
5178,2019,NAVI,2019-12-31,2.59,2.56,94903000000,91554000000,8461000000,3336000000,94903000000,,,
5179,2018,NAVI,2018-12-31,1.52,1.49,104176000000,100629000000,93519000000,3519000000,104176000000,,,
5180,2017,NAVI,2017-12-31,1.06,1.04,114991000000,111506000000,105012000000,3454000000,114991000000,,,
5181,2016,NAVI,2016-12-31,2.15,2.12,121136000000,117413000000,112368000000,3699000000,121136000000,,,
5182,2015,NAVI,2015-12-31,2.66,2.61,134112000000,130113000000,124833000000,3975000000,134112000000,,0.64,
5183,2014,NAVI,2014-12-31,2.74,2.69,11776000000,10066000000,2750000000,4198000000,11776000000,,0.60,
5184,2024,NBR,2024-12-31,-22.37,-22.37,1227496000,3297963000,,134996000,4504301000,87000,,
5185,2023,NBR,2023-12-31,-5.49,-5.49,1051565000,3996880000,650000000.0,326614000,5277965000,194000,,
5186,2022,NBR,2022-12-31,-40.52,-40.52,921257000,3514459000,2537540000,368956000,4729854000,65000,,
5187,2021,NBR,2021-12-31,-76.58,-76.58,874470000,4131143000,287300000,590656000,5525364000,,,
5188,2020,NBR,2020-12-31,-118.69,-118.69,896761000,3803780000,2990971000,1151384000,5503428000,,0.50,3632000
5189,2019,NBR,2019-12-31,-2.11,-2.11,847217000,82294000,3363552000,-65000,2002027000,,0.04,14953000
5190,2018,NBR,2018-12-31,-0.46,-0.46,7853944000,4698757000,3624770000,2700850000,7853944000,19100000,0.24,82973000
5191,2017,NBR,2017-12-31,-0.52,-0.52,8401984000,5259213000,4055944000,2911816000,8401984000,68503000,0.24,68612000
5192,2016,NBR,2016-12-31,-1.41,-1.41,8187015000,4932220000,3604681000,3247025000,8187015000,50924000,0.06,67965000
5193,2015,NBR,2015-12-31,0.43,0.42,9537840000,5243972000,3679720000,4282710000,9537840000,69363000,,69363000
5194,2014,NBR,2014-12-31,0.17,0.16,11879942000,6961153000,4355049000,4908619000,11879942000,59145000,0.04,59145000
5195,2013,NBR,2013-12-31,-0.35,-0.35,5969549000,464000,3914302000,5969085000,5969549000,51713000,0.04,47168000
5196,2012,NBR,2012-12-31,0.57,0.56,12656022000,6629717000,4379700000,5944929000,12656022000,9003000,,
5197,2011,NBR,2011-12-31,0.29,0.28,12912140000,7241735000,4623816000,5587815000,12912140000,,,
5198,2024,NCLH,2024-12-31,2.09,1.89,19969811000,18544372000,245000000,440000,19969811000,,,
5199,2023,NCLH,2023-12-31,0.39,0.39,19492990000,19192183000,990560000,425000,19492990000,,,
5200,2022,NCLH,2022-12-31,-5.41,-5.41,18557694000,18489103000,875000000,421000,18557694000,,,
5201,2021,NCLH,2021-12-31,-12.33,-12.33,18729837000,16297187000,875000000,-125610000,18729837000,,,
5202,2020,NCLH,2020-12-31,-15.75,-15.75,18399317000,14045212000,875000000,316000,18399317000,,,
5203,2019,NCLH,2019-12-31,4.33,4.30,16684599000,10169020000,75000000,237000,16684599000,,,
5204,2018,NCLH,2018-12-31,,,,,,,,,,
5205,2017,NCLH,2017-12-31,,,,,,,,,,
5206,2016,NCLH,2016-12-31,,,,,,,,,,
5207,2015,NCLH,2015-12-31,,,,,,,,,,
5208,2014,NCLH,2014-12-31,,,,,,,,,,
5209,2013,NCLH,2013-12-31,0.50,0.49,6650978000,4019712000,57700000,2608908000,6650978000,,,
5210,2012,NCLH,2012-12-31,,,,,,,,,,
5211,2024,NDAQ,2024-12-31,1.94,1.93,30395000000,19195000000,9081000000,11191000000,30395000000,541000000,0.94,
5212,2023,NDAQ,2023-12-31,2.10,2.08,32294000000,21467000000,10163000000,10816000000,32294000000,441000000,0.86,
5213,2022,NDAQ,2022-12-31,2.28,2.26,20868000000,14704000000,4735000000,6151000000,20868000000,383000000,0.78,
5214,2021,NDAQ,2021-12-31,7.15,7.05,20115000000,13710000000,4812000000,6395000000,20115000000,350000000,2.11,
5215,2020,NDAQ,2020-12-31,5.67,5.59,17979000000,11543000000,5541000000,6433000000,17979000000,320000000,1.94,
5216,2019,NDAQ,2019-12-31,4.69,4.63,13924000000,8285000000,2996000000,2632000000,13924000000,305000000,1.85,
5217,2018,NDAQ,2018-12-31,2.77,2.73,15700000000,10251000000,2956000000,5449000000,15700000000,280000000,0.38,
5218,2017,NDAQ,2017-12-31,4.41,4.33,15786000000,9899000000,3727000000,5887000000,15786000000,243000000,0.32,
5219,2016,NDAQ,2016-12-31,0.65,0.64,14150000000,8720000000,3603000000,5430000000,14150000000,200000000,0.25,
5220,2015,NDAQ,2015-12-31,2.56,2.50,11861000000,6252000000,597000000,5609000000,11861000000,149000000,0.25,
5221,2014,NDAQ,2014-12-31,2.45,2.39,12087000000,6293000000,2313000000,5793000000,12087000000,98000000,0.58,
5222,2013,NDAQ,2013-12-31,2.30,2.25,12577000000,6393000000,2634000000,6184000000,12577000000,87000000,0.52,
5223,2012,NDAQ,2012-12-31,2.09,2.04,9132000000,3923000000,1976000000,5208000000,9132000000,-65000000,0.39,
5224,2011,NDAQ,2011-12-31,2.20,2.15,14091000000,9105000000,2117000000,4976000000,14091000000,,,
5225,2025,NDSN,2025-10-31,8.56,8.51,5917681000,,1996254000,3043571000,5917681000,,3.16,
5226,2024,NDSN,2024-10-31,8.17,8.11,1926426000,,2186840000,2932192000,6000966000,,2.82,
5227,2023,NDSN,2023-10-31,8.54,8.46,1932527000,,1732037000,2598060000,5251770000,,2.63,
5228,2022,NDSN,2022-10-31,8.90,8.81,1112825000,,737857000,2294375000,3820375000,,2.18,
5229,2021,NDSN,2021-10-31,7.82,7.74,898051000,,812352000,2159130000,3790961000,,1.69,
5230,2020,NDSN,2020-10-31,4.32,4.27,882946000,,1105995000,1758991000,3674656000,,1.53,
5231,2019,NDSN,2019-10-31,5.87,5.79,839997000,,1244142000,1581045000,3516447000,,1.43,
5232,2018,NDSN,2018-10-31,6.51,6.40,3421012000,,1314091000,1450741000,3421012000,,1.25,
5233,2017,NDSN,2017-10-31,5.14,5.08,3414539000,,705000000,1155493000,3414539000,,1.11,
5234,2016,NDSN,2016-10-31,4.76,4.73,2422365000,,982646000,851603000,2422365000,,0.99,
5235,2015,NDSN,2015-10-31,3.48,3.45,2360444000,,1115485000,660016000,2360444000,,0.90,
5236,2014,NDSN,2014-10-31,3.88,3.84,2280130000,,693619000,904797000,2280130000,,0.760,
5237,2013,NDSN,2013-10-31,3.45,3.42,2042289000,,648990000,887863000,2042289000,,0.630,
5238,2012,NDSN,2012-10-31,0.59,0.58,1829515000,,583709000,669770000,1829515000,,0.525,
5239,2011,NDSN,2011-10-31,0.67,0.67,1304450000,,319123000,571323000,1304450000,,0.44,
5240,2024,NE,2024-12-31,3.01,2.96,7964768000,3313382000,0,1000,7964768000,79700000,,278279000
5241,2023,NE,2023-12-31,3.48,3.32,5507437000,1586197000,0,1000,5507437000,56400000,,
5242,2022,NE,2022-12-31,1.99,1.73,5234864000,1627779000,149700000,1000,5234864000,,,
5243,2024,NEE,2024-12-31,3.38,3.37,98141000000,129283000000,26745000000,50101000000,190144000000,4235000000,,4235000000
5244,2023,NEE,2023-12-31,3.61,3.60,91469000000,118465000000,25274000000,47468000000,177489000000,3782000000,,3782000000
5245,2022,NEE,2022-12-31,2.10,2.10,86559000000,109499000000,21002000000,39229000000,158935000000,3352000000,,3352000000
5246,2021,NEE,2021-12-31,1.82,1.81,29537000000,95243000000,18510000000,37202000000,140912000000,3024000000,,3024000000
5247,2020,NEE,2020-12-31,1.49,1.48,61610000000,82755000000,15676000000,36513000000,127684000000,2743000000,,2743000000
5248,2019,NEE,2019-12-31,7.82,7.76,57188000000,,14161000000,1373000000,57188000000,2200000000,,2408000000
5249,2018,NEE,2018-12-31,9.41,9.32,103702000000,,13013000000,34144000000,103702000000,2101000000,,2101000000
5250,2017,NEE,2017-12-31,3.39,3.37,97827000000,,11256000000,28208000000,97827000000,1845000000,,1845000000
5251,2016,NEE,2016-12-31,1.42,1.41,89993000000,,11206000000,24341000000,89993000000,1612000000,,1612000000
5252,2015,NEE,2015-12-31,1.47,1.45,82479000000,,10567000000,22574000000,82479000000,1385000000,,1385000000
5253,2014,NEE,2014-12-31,0.99,0.98,74929000000,,10542000000,19916000000,74929000000,1261000000,,1261000000
5254,2013,NEE,2013-12-31,4.50,4.47,69306000000,,7667000000,56000000,69306000000,1122000000,,1122000000
5255,2012,NEE,2012-12-31,4.59,4.56,64439000000,,6349000000,4000000,64439000000,1004000000,,1004000000
5256,2011,NEE,2011-12-31,4.62,4.59,57188000000,,5848000000,4000000,57188000000,920000000,,-920000000
5257,2024,NEM,2024-12-31,2.92,2.92,892000000,26240000000,8476000000,29928000000,56349000000,,,
5258,2023,NEM,2023-12-31,-2.97,-2.97,895000000,26301000000,8874000000,29027000000,55506000000,,,
5259,2022,NEM,2022-12-31,-0.54,-0.54,900000000,18949000000,5571000000,19354000000,38482000000,,,
5260,2021,NEM,2021-12-31,1.46,1.46,900000000,18703000000,5711000000,22022000000,40564000000,,2.20,
5261,2020,NEM,2020-12-31,3.52,3.51,1517000000,17490000000,6080000000,23008000000,41369000000,,1.04,
5262,2019,NEM,2019-12-31,3.82,3.81,1558000000,13234000000,6166000000,21420000000,34654000000,,0.14,
5263,2018,NEM,2018-12-31,0.36,0.36,20715000000,9203000000,,10502000000,20715000000,,0.140,
5264,2017,NEM,2017-12-31,0.09,0.09,20563000000,8933000000,,10609000000,20563000000,,0.050,
5265,2016,NEM,2016-12-31,0.10,0.10,21031000000,9157000000,561000000,10721000000,21031000000,,0.025,
5266,2015,NEM,2015-12-31,0.37,0.37,25182000000,10890000000,,11350000000,25182000000,,0.025,
5267,2014,NEM,2014-12-31,1.02,1.02,24916000000,11827000000,,10274000000,24916000000,,0.225,
5268,2013,NEM,2013-12-31,-4.94,-4.94,24764000000,11700000000,,10141000000,24764000000,,1.225,
5269,2012,NEM,2012-12-31,3.65,3.63,29650000000,12702000000,,13773000000,29650000000,,,
5270,2011,NEM,2011-12-31,0.74,0.73,27474000000,11703000000,,12896000000,27474000000,,,
5271,2025,NFLX,2025-12-31,2.58,2.53,55596993000,28981505000,,7286410000,55596993000,,,
5272,2024,NFLX,2024-12-31,20.28,19.83,53630374000,28886807000,,6252126000,53630374000,,,
5273,2023,NFLX,2023-12-31,12.25,12.03,48731992000,28143679000,,5145172000,48731992000,,,
5274,2022,NFLX,2022-12-31,10.10,9.95,48594768000,27817367000,,4637601000,48594768000,,,
5275,2021,NFLX,2021-12-31,11.55,11.24,44584663000,28735415000,,4024561000,44584663000,,,
5276,2020,NFLX,2020-12-31,6.26,6.08,39280359000,28215119000,21857087000,3447698000,39280359000,,,
5277,2019,NFLX,2019-12-31,4.26,4.13,33975712000,26393555000,20723441000,2793929000,33975712000,,,
5278,2018,NFLX,2018-12-31,0.67,0.64,25974400000,20735635000,14873195000,5238765000,25974400000,,,
5279,2017,NFLX,2017-12-31,0.41,0.40,19012742000,15430786000,,3581956000,19012742000,,,
5280,2016,NFLX,2016-12-31,0.06,0.06,13586610000,10906810000,,2679800000,13586610000,,,
5281,2015,NFLX,2015-12-31,0.06,0.05,10202871000,7979445000,,2223426000,10202871000,,,
5282,2014,NFLX,2014-12-31,4.44,4.32,7056651000,5198943000,,1857708000,7056651000,,,
5283,2013,NFLX,2013-12-31,1.93,1.85,5412563000,4079002000,,1333561000,5412563000,,,
5284,2012,NFLX,2012-12-31,0.31,0.29,3967890000,3223217000,,744673000,3967890000,,,
5285,2011,NFLX,2011-12-31,1.14,1.11,3069196000,2426386000,,642810000,3069196000,,,
5286,2024,NI,2024-12-31,1.63,1.62,1388800000,152400000,,8684200000,31788100000,,1.06,
5287,2023,NI,2023-12-31,1.59,1.48,1433400000,124000000.0,,8269600000,31077200000,,1.00,
5288,2022,NI,2022-12-31,1.84,1.70,1004200000,158800000,,7575400000,26736600000,,0.94,
5289,2021,NI,2021-12-31,1.35,1.27,176300000,8200000,,6947300000,24156900000,,0.88,
5290,2020,NI,2020-12-31,-0.19,-0.19,177300000,20900000,,5752200000,22040500000,,0.84,
5291,2019,NI,2019-12-31,0.88,0.87,14224500000,,,3800000,22659800000,,0.80,
5292,2018,NI,2018-12-31,0.82,0.81,21804000000,,,5750900000,21804000000,,0.780,
5293,2017,NI,2017-12-31,0.65,0.65,19961700000,0,500000000,4320100000,19961700000,,0.70,
5294,2016,NI,2016-12-31,0.58,0.58,18691900000,0,500000000,4071200000,18691900000,,0.64,
5295,2015,NI,2015-12-31,0.85,0.85,17492500000,0,6427700000,3843500000,17492500000,,0.83,
5296,2014,NI,2014-12-31,0.85,0.85,24866300000,,8472400000,6175300000,24866300000,,,
5297,2013,NI,2013-12-31,1.70,1.70,22653900000,,7008300000,5886600000,22653900000,,,
5298,2012,NI,2012-12-31,1.43,1.39,21844700000,,388200000,5554300000,21844700000,,0.94,
5299,2011,NI,2011-12-31,0.75,0.73,20708300000,114800000,6631800000,4997300000,20708300000,,0.92,
5300,2025,NKE,2025-05-31,2.17,2.16,36579000000,,0,3000000,36579000000,,1.570,
5301,2024,NKE,2024-05-31,3.76,3.73,38110000000,,999000000,3000000,38110000000,,1.450,
5302,2023,NKE,2023-05-31,3.27,3.23,37531000000,,0,0,37531000000,,1.325,
5303,2022,NKE,2022-05-31,3.83,3.75,40321000000,,500000000,0,40321000000,,1.190,
5304,2021,NKE,2021-05-31,3.64,3.56,37740000000,,499000000,0,37740000000,,1.070,
5305,2020,NKE,2020-05-31,1.63,1.60,31342000000,,499000000,0,31342000000,,0.955,
5306,2019,NKE,2019-05-31,2.55,2.49,23717000000,2800000000,3470000000,9040000000,23717000000,,0.86,
5307,2018,NKE,2018-05-31,1.19,1.17,22536000000,,3474000000,9812000000,22536000000,,0.78,
5308,2017,NKE,2017-05-31,2.56,2.51,23259000000,,3477000000,12407000000,23259000000,,0.70,
5309,2016,NKE,2016-05-31,2.21,2.16,21396000000,,2054000000,12258000000,21396000000,,0.62,
5310,2015,NKE,2015-05-31,3.80,3.70,21600000000,,1186000000,12707000000,21600000000,,1.08,
5311,2014,NKE,2014-05-31,3.05,2.97,18594000000,,108000000,10824000000,18594000000,,0.93,
5312,2013,NKE,2013-05-31,2.77,2.71,17584000000,,499000000,11156000000,17584000000,,0.81,
5313,2012,NKE,2012-05-31,4.83,4.73,15465000000,,277000000,10381000000,15465000000,,1.39,
5314,2011,NKE,2011-05-31,4.48,4.39,14998000000,,476000000,9843000000,14998000000,555000000,1.20,
5315,2024,NKTR,2024-12-31,-0.58,-0.58,303850000,243113000,,19000,303850000,,,
5316,2023,NKTR,2023-12-31,-1.45,-1.45,398033000,267046000,,19000,398033000,,,
5317,2022,NKTR,2022-12-31,-1.97,-1.97,710600000,343962000,,19000,710600000,,,
5318,2021,NKTR,2021-12-31,-2.86,-2.86,1117189000,437681000,,19000,1117189000,,,
5319,2020,NKTR,2020-12-31,-2.49,-2.49,1538767000,461472000,,18000,1538767000,,,
5320,2019,NKTR,2019-12-31,-2.52,-2.52,1977356000,571965000,,17000,1977356000,,,
5321,2018,NKTR,2018-12-31,4.02,3.78,2150172000,432597000,,1717575000,2150172000,,,
5322,2017,NKTR,2017-12-31,-0.42,-0.42,508866000,421038000,,87828000,508866000,,,
5323,2016,NKTR,2016-12-31,-0.14,-0.14,568871000,480746000,,88125000,568871000,,,
5324,2015,NKTR,2015-12-31,0.26,0.25,502061000,495632000,,6429000,502061000,,,
5325,2014,NKTR,2014-12-31,-0.37,-0.37,441621000,405289000,,36332000,441621000,,,
5326,2013,NKTR,2013-12-31,,,434527000,524430000,,-89903000,434527000,,,
5327,2012,NKTR,2012-12-31,,,497790000,450772000,,47018000,497790000,,,
5328,2011,NKTR,2011-12-31,,,606550000,408739000,,197811000,606550000,,,
5329,2025,NOC,2025-12-31,29.14,29.08,51377000000,34703000000,0,142000000,51377000000,,8.99,-1294000000
5330,2024,NOC,2024-12-31,28.39,28.34,49359000000,34069000000,1500000000,145000000,49359000000,,8.05,-1185000000
5331,2023,NOC,2023-12-31,13.57,13.53,46544000000,31749000000,0,150000000,46544000000,,7.34,-1114000000
5332,2022,NOC,2022-12-31,31.61,31.47,9701000000,28443000000,1050000000,153000000,43755000000,,6.76,-1052000000
5333,2021,NOC,2021-12-31,43.70,43.54,9423000000,29653000000,0,156000000,42579000000,,6.16,989000000
5334,2020,NOC,2020-12-31,19.08,19.03,8997000000,33890000000,0,167000000,44469000000,,5.67,951000000
5335,2019,NOC,2019-12-31,13.28,13.22,10772000000,32270000000,0,168000000,41089000000,,5.16,880000000
5336,2018,NOC,2018-12-31,4.82,4.79,37653000000,29466000000,14400000000,8187000000,37653000000,,1.10,822000000
5337,2017,NOC,2017-12-31,3.66,3.63,34917000000,27869000000,15266000000,7048000000,34917000000,,1.00,687000000
5338,2016,NOC,2016-12-31,3.07,3.03,25614000000,20355000000,7070000000,5259000000,25614000000,,0.90,633000000
5339,2015,NOC,2015-12-31,2.45,2.41,24454000000,18932000000,6526000000,5522000000,24454000000,,0.80,596000000
5340,2014,NOC,2014-12-31,2.68,2.63,26572000000,19337000000,5928000000,7235000000,26572000000,,0.70,578000000
5341,2013,NOC,2013-12-31,8.50,8.35,26381000000,15761000000,5930000000,10620000000,26381000000,,2.38,552000000
5342,2012,NOC,2012-12-31,7.96,7.81,26543000000,17029000000,527000000,9514000000,26543000000,,2.15,539000000
5343,2011,NOC,2011-12-31,1.82,1.79,25411000000,15075000000,3929000000,10336000000,25411000000,,0.47,543000000
5344,2024,NOV,2024-12-31,1.62,1.6,5054000000,4933000000,1740000000,6376000000,11361000000,,0.275,
5345,2023,NOV,2023-12-31,2.53,2.50,3419000000,5052000000,1725000000,6168000000,11294000000,,0.20,
5346,2022,NOV,2022-12-31,0.40,0.39,2992000000,5001000000,1730000000,5096000000,10135000000,,0.20,
5347,2021,NOV,2021-12-31,-0.65,-0.65,2670000000,4486000000,1713000000,4997000000,9550000000,,0.05,
5348,2020,NOV,2020-12-31,-6.62,-6.62,2665000000,4650000000,1834000000,5210000000,9929000000,,0.05,
5349,2019,NOV,2019-12-31,-15.96,-15.96,4078000000,5303000000,1989000000,7778000000,13149000000,,0.20,
5350,2018,NOV,2018-12-31,-0.08,-0.08,19796000000,5907000000,2711000000,13819000000,19796000000,,0.20,
5351,2017,NOV,2017-12-31,-0.63,-0.63,20206000000,6046000000,2712000000,14094000000,20206000000,,0.20,
5352,2016,NOV,2016-12-31,-6.41,-6.41,21140000000,7137000000,3214000000,13940000000,21140000000,,0.61,
5353,2015,NOV,2015-12-31,-1.99,-1.99,26725000000,10265000000,3930000000,16383000000,26725000000,,1.84,
5354,2014,NOV,2014-12-31,5.85,5.82,33562000000,12790000000,3166000000,20692000000,33562000000,,1.64,
5355,2013,NOV,2013-12-31,5.46,5.44,34812000000,12482000000,3150000000,22230000000,34812000000,,0.91,
5356,2012,NOV,2012-12-31,5.86,5.83,31484000000,11128000000,3149000000,20239000000,31484000000,,0.49,
5357,2011,NOV,2011-12-31,0.97,0.96,25515000000,7787000000,510000000,17619000000,25515000000,,0.45,
5358,2025,NOW,2025-12-31,1.69,1.67,26038000000,13074000000,,1000000,26038000000,,,
5359,2024,NOW,2024-12-31,0.39,0.39,20383000000,10774000000,,0,20383000000,,,
5360,2023,NOW,2023-12-31,8.48,8.42,17387000000,9759000000,,0,17387000000,,,
5361,2022,NOW,2022-12-31,0.38,0.37,13299000000,8267000000,1486000000,0,13299000000,,,
5362,2021,NOW,2021-12-31,1.16,1.13,10798000000,7103000000,1484000000,0,10798000000,,,
5363,2020,NOW,2020-12-31,0.61,0.59,8715057000,5880576000,,196000,8715057000,,,
5364,2019,NOW,2019-12-31,3.36,3.18,6022430000,3894489000,,189000,6022430000,,,
5365,2018,NOW,2018-12-31,,,3879140000,2767941000,,180000,3879140000,,,
5366,2018,NOW,2018-02-28,,,,,,,,,,
5367,2016,NOW,2016-12-31,,,2033767000,1646806000,,167000,2033767000,,,
5368,2015,NOW,2015-12-31,,,1807052000,1240238000,,566814000,1807052000,,,
5369,2014,NOW,2014-12-31,,,1425079000,996404000,,428675000,1425079000,,,
5370,2013,NOW,2013-12-31,-0.54,-0.54,1168476000,774217000,,394259000,1168476000,,,
5371,2012,NOW,2012-12-31,-0.51,-0.51,478114000,234709000,,243405000,478114000,,,
5372,2024,NRG,2024-12-31,5.14,4.99,6925000000,21544000000,232000000,,24022000000,,,
5373,2023,NRG,2023-12-31,-1.12,-1.12,8236000000,23132000000,575000000,,26038000000,,,
5374,2022,NRG,2022-12-31,5.17,5.17,11475000000,25318000000,575000000,,29146000000,,,
5375,2021,NRG,2021-12-31,8.93,8.93,939000000,19582000000,8040000000,,23182000000,,,
5376,2020,NRG,2020-12-31,2.08,2.07,649000000,13222000000,8781000000,,14902000000,,,
5377,2019,NRG,2019-12-31,16.94,16.81,3573000000,3931000000,5956000000,,7486000000,,,
5378,2018,NRG,2018-12-31,0.88,0.87,10628000000,11843000000,6691000000,,10628000000,,0.12,
5379,2017,NRG,2017-12-31,-0.52,-0.52,23318000000,21272000000,16633000000,,23318000000,,0.12,
5380,2016,NRG,2016-12-31,0.24,0.24,30355000000,25863000000,218000000,,30355000000,,0.24,
5381,2015,NRG,2015-12-31,-0.37,-0.37,32882000000,27117000000,19620000000,,32882000000,,0.00145,
5382,2014,NRG,2014-12-31,-0.18,-0.18,40665000000,28679000000,612000000,,40665000000,,0.15,
5383,2013,NRG,2013-12-31,-1.22,-1.22,33902000000,23184000000,16804000000,,33902000000,,0.45,
5384,2012,NRG,2012-12-31,2.37,2.35,35128000000,24346000000,297000000,,35128000000,,0.18,
5385,2011,NRG,2011-12-31,0.78,0.78,26715000000,18797000000,9729000000,,26715000000,,,
5386,2024,NSC,2024-12-31,11.58,11.57,43682000000,29376000000,,228000000,43682000000,,5.40,
5387,2023,NSC,2023-12-31,8.04,8.02,41652000000,28871000000,,227000000,41652000000,,5.40,
5388,2022,NSC,2022-12-31,13.92,13.88,38885000000,26152000000,,230000000,38885000000,,4.96,
5389,2021,NSC,2021-12-31,12.16,12.11,38493000000,24852000000,,242000000,38493000000,,4.16,
5390,2020,NSC,2020-12-31,7.88,7.84,37962000000,23171000000,,254000000,37962000000,,3.76,
5391,2019,NSC,2019-12-31,10.32,10.25,37923000000,22739000000,,259000000,37923000000,,3.60,
5392,2018,NSC,2018-12-31,1.94,1.93,36239000000,20877000000,,,36239000000,,3.04,
5393,2017,NSC,2017-12-31,1.49,1.48,35711000000,19352000000,9736000000,,35711000000,,2.44,
5394,2016,NSC,2016-12-31,1.30,1.29,34892000000,22483000000,10112000000,,34892000000,,2.36,
5395,2015,NSC,2015-12-31,1.01,1.00,34260000000,22072000000,9893000000,,34260000000,,2.36,
5396,2014,NSC,2014-12-31,1.18,1.17,33241000000,20833000000,8926000000,,33241000000,,2.22,
5397,2013,NSC,2013-12-31,1.66,6.04,32483000000,21194000000,9348000000,,32483000000,,2.04,
5398,2012,NSC,2012-12-31,1.31,1.3,30342000000,20582000000,8482000000,,30342000000,,1.94,
5399,2011,NSC,2011-12-31,0.91,0.90,28538000000,18627000000,7440000000,,28538000000,,1.66,
5400,2025,NTAP,2025-04-25,5.81,5.67,10823000000,9783000000,3235000000,1106000000,10823000000,424000000,2.08,
5401,2024,NTAP,2024-04-26,4.74,4.63,9887000000,8741000000,2392000000,997000000,9887000000,416000000,2,
5402,2023,NTAP,2023-04-28,5.87,5.79,9818000000,8659000000,2389000000,945000000,9818000000,432000000,2.00,
5403,2022,NTAP,2022-04-29,4.20,4.09,10026000000,9188000000,2636000000,760000000,10026000000,446000000,2.00,
5404,2021,NTAP,2021-04-30,3.29,3.23,9360000000,8675000000,2632000000,504000000,9360000000,427000000,1.92,
5405,2020,NTAP,2020-04-24,3.56,3.52,7522000000,7280000000,1146000000,284000000,7522000000,439000000,1.92,
5406,2019,NTAP,2019-04-26,4.60,4.51,8741000000,7651000000,1544000000,1090000000,8741000000,403000000,1.60,
5407,2018,NTAP,2018-04-27,0.28,0.28,9865000000,7798000000,1541000000,2067000000,9865000000,214000000,0.80,
5408,2017,NTAP,2017-04-28,1.85,1.81,9493000000,6713000000,1493000000,2780000000,9493000000,208000000,0.76,
5409,2016,NTAP,2016-04-29,0.78,0.77,10037000000,7156000000,,2881000000,10037000000,210000000,0.72,
5410,2015,NTAP,2015-04-24,1.77,1.75,9401200000,5987100000,,3414100000,9401200000,207400000,0.66,
5411,2014,NTAP,2014-04-25,1.87,1.83,9219200000,5432700000,995500000,3786500000,9219200000,202300000,0.165,
5412,2013,NTAP,2013-04-26,1.40,1.37,11242400000,6524900000,2252400000,4717500000,11242400000,,0.15,
5413,2012,NTAP,2012-04-27,1.66,1.58,9532300000,5176100000,,4293600000,9532300000,,,
5414,2011,NTAP,2011-04-29,1.87,1.71,8498800000,4654000000,,3730200000,8498800000,,,
5415,2024,NTRS,2024-12-31,9.80,9.77,43173200000,142720000000,,884900000,155508400000,,3.00,608400000
5416,2023,NTRS,2023-12-31,5.09,5.08,857000000,138885200000,,884900000,150783100000,,3.00,630200000
5417,2022,NTRS,2022-12-31,6.16,6.14,867200000,143777200000,,884900000,155036700000,,2.90,613000000.0
5418,2021,NTRS,2021-12-31,7.16,7.14,922800000,171873000000,,884900000,183889800000,,2.80,593900000
5419,2020,NTRS,2020-12-31,5.48,5.46,11400000,158315600000,,884900000,170003900000,,2.80,592000000.0
5420,2019,NTRS,2019-12-31,6.66,6.63,27888600000,125737400000,,1273400000,136828400000,,2.60,565900000
5421,2018,NTRS,2018-12-31,6.68,6.64,132212500000,121704200000,,10508300000,132212500000,,,439100000
5422,2017,NTRS,2017-12-31,4.95,4.92,138590500000,128374300000,,10216200000,138590500000,,,372500000
5423,2016,NTRS,2016-12-31,4.35,4.32,123926900000,114156500000,,9770400000,123926900000,,,343500000
5424,2015,NTRS,2015-12-31,4.03,3.99,116749600000,108043700000,,8705900000,116749600000,,,333000000
5425,2014,NTRS,2014-12-31,3.34,3.32,109946500000,101497600000,,8448900000,109946500000,,,311700000
5426,2013,NTRS,2013-12-31,3.01,2.99,102947300000,95035300000,,7912000000,102947300000,,,299200000
5427,2012,NTRS,2012-12-31,2.82,2.81,97463800000,89936800000,1421600000,7527000000,97463800000,,,286900000
5428,2011,NTRS,2011-12-31,2.47,2.47,100223700000,93106400000,2133300000,7117300000,100223700000,,,273400000
5429,2024,NUE,2024-12-31,8.47,8.46,3505000000,12523000000,,20294000000,33940000000,,2.17,
5430,2023,NUE,2023-12-31,18.05,18,6522542000,13216745000,,20940634000,35340499000,,2.07,
5431,2022,NUE,2022-12-31,28.88,28.79,3874345000,12909304000,,18414694000,32479210000,,2.01,
5432,2021,NUE,2021-12-31,23.23,23.16,2179915000,11219278000,,14016389000,25823072000,,1.715,
5433,2020,NUE,2020-12-31,2.37,2.36,2710082000,8893533000,,10788665000,20125394000,,1.6125,
5434,2019,NUE,2019-12-31,4.14,4.14,1529040000,7553490000,,10357866000,18344666000,,1.6025,
5435,2018,NUE,2018-12-31,7.44,7.42,17920588000,7718620000,,9792078000,17920588000,,1.5400,
5436,2017,NUE,2017-12-31,4.11,4.10,15841258000,6756470000,,8739036000,15841258000,,1.5125,
5437,2016,NUE,2016-12-31,2.48,2.48,15223518000,6968810000,4360600000,7879865000,15223518000,,1.5025,
5438,2015,NUE,2015-12-31,1.11,1.11,14250399000,6464386000,4360600000,7416878000,14250399000,,1.4925,
5439,2014,NUE,2014-12-31,2.22,2.22,15615927000,7540809000,4376935000,7772470000,15615927000,,1.4825,
5440,2013,NUE,2013-12-31,1.52,1.52,15203283000,7293005000,4380200000,7645769000,15203283000,,1.4725,
5441,2012,NUE,2012-12-31,1.58,1.58,14152059000,6266685000,3630200000,7641571000,14152059000,,1.4625,
5442,2011,NUE,2011-12-31,0.50,0.50,14570350000,6863770000,4280200000,7474885000,14570350000,461518000,1.4525,
5443,2025,NVDA,2025-01-26,2.97,2.94,111601000000,32274000000,8463000000,24000000,111601000000,834000000,0.034,
5444,2024,NVDA,2024-01-28,0.05,0.05,65728000000,22750000000,9709000000,2000000,65728000000,395000000,0.16,
5445,2023,NVDA,2023-01-29,1.76,1.74,41182000000,19081000000,10953000000,2000000,41182000000,398000000,0.16,
5446,2022,NVDA,2022-01-30,3.91,3.85,44187000000,17575000000,10946000000,3000000,44187000000,399000000,,
5447,2021,NVDA,2021-01-31,7.02,6.90,28791000000,11898000000,6963000000,1000000,28791000000,395000000,,
5448,2020,NVDA,2020-01-26,4.59,4.52,17315000000,5111000000,1991000000,1000000,17315000000,390000000,,
5449,2019,NVDA,2019-01-27,0.93,0.92,13292000000,3950000000,1988000000,9342000000,13292000000,371000000,,
5450,2018,NVDA,2018-01-28,1.84,1.78,11241000000,3770000000,1985000000,7471000000,11241000000,341000000,,
5451,2017,NVDA,2017-01-29,1.18,0.99,9841000000,4048000000,1983000000,5762000000,9841000000,261000000,,
5452,2016,NVDA,2016-01-31,0.38,0.35,7370000000,2814000000,1413000000,4469000000,7370000000,213000000,0.115,
5453,2015,NVDA,2015-01-25,0.35,0.35,7201368000,,1384342000,4417982000,7201368000,186452000,0.340,
5454,2014,NVDA,2014-01-26,0.75,0.74,7250894000,,1356375000,4456398000,7250894000,181336000,0.310,
5455,2013,NVDA,2013-01-27,0.91,0.90,6412245000,,,4827703000,6412245000,46866000,0.075,
5456,2012,NVDA,2012-01-29,0.96,0.94,5552928000,,,4145724000,5552928000,,,
5457,2011,NVDA,2011-01-30,0.44,0.43,4495246000,,,3181462000,4495246000,,,
5458,2024,NVR,2024-12-31,540.88,506.69,5888232000,2092055000,,206000,6380988000,,,
5459,2023,NVR,2023-12-31,491.52,463.31,6142087000,2084046000,,206000,6601757000,,,
5460,2022,NVR,2022-12-31,525.20,491.82,5247170000,2075760000,,206000,5660973000,,,
5461,2021,NVR,2021-12-31,345.37,320.48,5455443000,2770266000,,206000,5834475000,,,
5462,2020,NVR,2020-12-31,244.11,230.11,5214516000,2598048000,,206000,5777141000,,,
5463,2019,NVR,2019-12-31,241.31,221.13,3242061000,1410304000,,206000,3809815000,,,
5464,2018,NVR,2018-12-31,219.58,39.34,3165933000,1357371000,,1808562000,3165933000,,,
5465,2017,NVR,2017-12-31,144.00,25.12,2989279000,1383787000,,1605492000,2989279000,,,
5466,2016,NVR,2016-12-31,110.53,103.61,2233346000,1307103000,,1304441000,2643943000,,,
5467,2015,NVR,2015-12-31,95.21,89.99,2135581000,1243675000,,1239165000,2515131000,,,
5468,2014,NVR,2014-12-31,65.83,63.50,2088019000,1201283000,,1124255000,2351335000,,,
5469,2013,NVR,2013-12-31,56.25,54.81,2486148000,1224796000,600115000,1261352000,2486148000,,,
5470,2012,NVR,2012-12-31,36.04,35.12,2604842000,1124365000,,1480477000,2604842000,,,
5471,2011,NVR,2011-12-31,23.66,2.52,1779485000,404686000,,1374799000,1779485000,,,
5472,2024,NWL,2024-12-31,-0.52,-0.52,4110000000,8253000000,0,442000000,11004000000,,0.28,
5473,2023,NWL,2023-12-31,-0.94,-0.94,12163000000,9051000000,198000000,,12163000000,,0.44,185000000
5474,2022,NWL,2022-12-31,0.45,0.45,13262000000,9743000000,0,,13262000000,,0.92,380000000
5475,2021,NWL,2021-12-31,1.34,1.34,14179000000,10088000000,0,4091000000,14179000000,,0.92,397000000
5476,2020,NWL,2020-12-31,-1.82,-1.82,14700000000,10800000000,0,3874000000,14700000000,,0.92,392000000
5477,2019,NWL,2019-12-31,0.25,0.25,15642000000.0,10646000000.0,0,4963300000,15642000000.0,,,392600000
5478,2018,NWL,2018-12-31,-14.60,-14.60,17716400000,12438600000,97500000,5243000000,17716400000,,,435500000
5479,2017,NWL,2017-12-31,5.65,5.63,33135500000,18954200000,993600000,14144700000,33135500000,,,427500000
5480,2016,NWL,2016-12-31,1.25,1.25,33837500000,,11892800000,11348800000,33837500000,,,-328600000
5481,2015,NWL,2015-12-31,1.30,1.29,7278000000,,3076400000,1822900000,7278000000,,,-206300000
5482,2014,NWL,2014-12-31,1.37,1.35,6681100000,,2481900000,1851400000,6681100000,,,-182500000
5483,2013,NWL,2013-12-31,1.64,1.63,6069700000,,1836400000,2071500000,6069700000,,,-174100000
5484,2012,NWL,2012-12-31,1.38,1.37,6222000000,,1918400000,1996700000,6222000000,,,0
5485,2011,NWL,2011-12-31,0.43,0.42,6160900000,,2176800000,1849100000,6160900000,,,0
5486,2025,NWS,2025-06-30,2.08,2.07,4134000000,,475000000,8774000000,15504000000,185000000,0.20,
5487,2024,NWS,2024-06-30,0.47,0.46,3020000000,,484000000,8120000000,16684000000,172000000,0.20,
5488,2023,NWS,2023-06-30,0.26,0.26,2942000000,,497000000,8064000000,16921000000,174000000,0.20,
5489,2022,NWS,2022-06-30,1.06,1.05,2989000000,,500000000,8222000000,17221000000,175000000,0.20,
5490,2021,NWS,2021-06-30,0.56,0.56,3146000000,,985000000,8211000000,16771000000,163000000,0.20,
5491,2020,NWS,2020-06-30,-2.16,-2.16,2322000000,,0,7582000000,14261000000,158000000,0.20,
5492,2019,NWS,2019-06-30,0.27,0.26,15711000000,,56000000,9144000000,15711000000,161000000,0.20,
5493,2018,NWS,2018-06-30,,,16346000000,,1952000000,9291000000,16346000000,158000000,0.10,
5494,2017,NWS,2017-06-30,,-0.01,14552000000,,379000000,10789000000,14552000000,152000000,0.10,
5495,2016,NWS,2016-06-30,-0.04,0.04,15483000000,,372000000,11564000000,15483000000,147000000,0.10,
5496,2015,NWS,2015-06-30,-0.26,-0.26,15093000000,,,11945000000,15093000000,30000000,0.10,
5497,2014,NWS,2014-06-30,0.41,0.41,16489000000,,,13243000000,16489000000,24000000,,
5498,2013,NWS,2013-06-30,,,,,,,,,,
5499,2025,NWSA,2025-06-30,2.08,2.07,4134000000,,475000000,8774000000,15504000000,185000000,0.20,
5500,2024,NWSA,2024-06-30,0.47,0.46,3020000000,,484000000,8120000000,16684000000,172000000,0.20,
5501,2023,NWSA,2023-06-30,0.26,0.26,2942000000,,497000000,8064000000,16921000000,174000000,0.20,
5502,2022,NWSA,2022-06-30,1.06,1.05,2989000000,,500000000,8222000000,17221000000,175000000,0.20,
5503,2021,NWSA,2021-06-30,0.56,0.56,3146000000,,985000000,8211000000,16771000000,163000000,0.20,
5504,2020,NWSA,2020-06-30,-2.16,-2.16,2322000000,,0,7582000000,14261000000,158000000,0.20,
5505,2019,NWSA,2019-06-30,0.27,0.26,15711000000,,56000000,9144000000,15711000000,161000000,0.20,
5506,2018,NWSA,2018-06-30,,,16346000000,,1952000000,9291000000,16346000000,158000000,0.10,
5507,2017,NWSA,2017-06-30,,-0.01,14552000000,,379000000,10789000000,14552000000,152000000,0.10,
5508,2016,NWSA,2016-06-30,-0.04,0.04,15483000000,,372000000,11564000000,15483000000,147000000,0.10,
5509,2015,NWSA,2015-06-30,-0.26,-0.26,15093000000,,,11945000000,15093000000,30000000,0.10,
5510,2014,NWSA,2014-06-30,0.41,0.41,16489000000,,,13243000000,16489000000,24000000,,
5511,2013,NWSA,2013-06-30,,,,,,,,,,
5512,2024,NXPI,2024-12-31,9.84,9.73,24385000000,,9750000000,9183000000,24385000000,,4.056,1034000000
5513,2023,NXPI,2023-12-31,10.83,10.70,24353000000,,11250000000,8644000000,24353000000,,4.056,1048000000
5514,2022,NXPI,2022-12-31,10.64,10.55,23236000000,,11250000000,7449000000,23236000000,,3.38,885000000
5515,2021,NXPI,2021-12-31,6.91,6.79,20864000000,,10650000000,6528000000,20864000000,,2.25,606000000
5516,2020,NXPI,2020-12-31,0.19,0.18,19847000000,,7650000000,8944000000,19847000000,,1.50,420000000
5517,2019,NXPI,2019-12-31,0.86,0.85,20016000000,,7400000000,9441000000,20016000000,,1.25,351000000
5518,2024,NYT,2024-12-31,1.79,1.77,2841479000,,,1927209000,2841479000,,0.52,
5519,2023,NYT,2023-12-31,1.41,1.40,2714595000,,,1763219000,2714595000,,0.44,
5520,2022,NYT,2022-12-31,1.04,1.04,2533752000,,,1597967000,2533752000,,0.36,
5521,2021,NYT,2021-12-26,1.31,1.31,2564108000,,,1538720000,2564108000,,0.28,
5522,2020,NYT,2020-12-27,0.20,0.20,2307689000,,,1325517000,2307689000,,0.06,
5523,2019,NYT,2019-12-29,0.18,0.18,2089138000,,0,1172003000,2089138000,,0.05,
5524,2018,NYT,2018-12-30,0.13,0.13,2197123000,,246798000,1040781000,2197123000,,0.04,
5525,2017,NYT,2017-12-31,0.08,0.08,2099780000,,,897279000,2099780000,,0.04,
5526,2016,NYT,2016-12-25,-0.05,-0.05,2185395000,,0,847815000,2185395000,,0.04,
5527,2015,NYT,2015-12-27,-0.09,-0.09,2417690000,,0,826751000,2417690000,,0.16,
5528,2014,NYT,2014-12-28,0.01,0.01,2566474000,,223662000,726328000,2566474000,,0.16,
5529,2013,NYT,2013-12-29,0.43,0.41,2572552000,,205111000,842910000,2572552000,,0.08,
5530,2012,NYT,2012-12-30,0.90,0.87,2806335000,,221523000,632500000,2806335000,,,
5531,2011,NYT,2011-12-25,-0.27,-0.27,2883450000,,220787000,506360000,2883450000,,,
5532,2024,O,2024-12-31,0.98,0.98,3461843000,29783353000,80800000,38840738000,68835039000,,,
5533,2023,O,2023-12-31,1.26,1.26,3588720000,24672388000,821600000,32941467000,57779357000,,,
5534,2022,O,2022-12-31,1.42,1.42,1082346000,20829803000,853925000,28713149000,49673092000,,,
5535,2021,O,2021-12-31,0.87,0.87,795670000,18008102000,1141995000,25052574000,43137502000,,,
5536,2020,O,2020-12-31,0.44,0.44,723668000,9722555000,300360000,10985483000,20740285000,,,
5537,2019,O,2019-12-31,,,18554796000,8750638000,410119000,9774456000,18554796000,,,
5538,2018,O,2018-12-31,,,15260483000,7139505000,5400000000,8088742000,15260483000,,,
5539,2017,O,2017-12-31,,,14058166000,6667458000,5250000000,7371501000,14058166000,,,
5540,2016,O,2016-12-31,,,13152871000,6365818000,3975000000,6766804000,13152871000,,,
5541,2015,O,2015-12-31,,,11865870000,5312537000,3650000000,6531596000,11865870000,,,
5542,2014,O,2014-12-31,,,11012622000,5371523000,3800000000,5613401000,11012622000,,,
5543,2013,O,2013-12-31,1.06,1.06,9924441000,4503083000,754500000,5385447000,9924441000,,,
5544,2012,O,2012-12-31,0.86,0.86,5443363000,3030569000,2550000000,2412794000,5443363000,,,
5545,2011,O,2011-12-31,,,4419389000,2164535000,1750000000,2254854000,4419389000,,,
5546,2024,ODFL,2024-12-31,5.51,5.48,5491395000,1246807000,,21298000,5491395000,223618000,1.04,223639000
5547,2023,ODFL,2023-12-31,11.33,11.26,5512393000,1254582000,,10897000,5512393000,175089000,1.6,175083000
5548,2022,ODFL,2022-12-31,12.26,12.18,4838610000,1185693000,,11022000,4838610000,134484000,1.20,134478000
5549,2021,ODFL,2021-12-31,8.94,8.89,4821544000,1141737000,,11501000,4821544000,92366000,0.80,92389000
5550,2020,ODFL,2020-12-31,5.71,5.68,4369410000,1043122000,,11706000,4369410000,71023000,0.60,71046000
5551,2019,ODFL,2019-12-31,1.65,1.64,3995568000,914851000,,7969000,3995568000,54552000,0.17,54584000
5552,2018,ODFL,2018-12-31,7.39,7.38,3545283000,864800000,45000000,2680483000,3545283000,42566000,0.52,42594000
5553,2017,ODFL,2017-12-31,0.80,0.80,3068424000,791570000,95000000,2276854000,3068424000,,0.40,
5554,2016,ODFL,2016-12-31,0.72,0.72,2696247000,845089000,104975000,1851158000,2696247000,,,
5555,2015,ODFL,2015-12-31,3.57,3.57,2466504000,781867000,133805000,1684637000,2466504000,,,
5556,2014,ODFL,2014-12-31,3.10,3.10,2236237000,742173000,155714000,1494064000,2236237000,,,
5557,2013,ODFL,2013-12-31,2.39,2.39,1932089000,700007000,191429000,1232082000,1932089000,,,
5558,2012,ODFL,2012-12-31,1.97,1.97,1712514000,686545000,240407000,1025969000,1712514000,,,
5559,2011,ODFL,2011-12-31,2.44,2.44,1513074000,656555000,269185000,856519000,1513074000,,,
5560,2024,ODP,2024-12-28,-0.08,-0.08,686000000,2722000000,,1000000,3529000000,,,
5561,2023,ODP,2023-12-30,3.61,3.50,768000000,2785000000,,1000000,3886000000,,,
5562,2022,ODP,2022-12-31,3.48,3.37,749000000,2862000000,,1000000,4149000000,,,
5563,2021,ODP,2021-12-25,-3.93,-3.79,1494000000,3427000000,,1000000,4865000000,,,
5564,2020,ODP,2020-12-26,-6.05,-6.05,1581000000,3678000000,,-1000000,5558000000,,0.25,13000000
5565,2019,ODP,2019-12-28,0.18,0.18,1803000000,5138000000,318000000,2173000000,7311000000,,,55000000
5566,2018,ODP,2018-12-29,0.19,0.19,6166000000,4040000000,387000000,2126000000,6166000000,,,55000000
5567,2017,ODP,2017-12-30,0.35,0.34,6323000000,4185000000,642000000,2120000000,6323000000,,0.10,53000000
5568,2016,ODP,2016-12-31,0.82,0.81,5540000000,3688000000,798000000,1852000000,5540000000,,0.05,26000000
5569,2015,ODP,2015-12-26,0.01,0.01,6442000000,4839000000,819000000,1603000000,6442000000,,,
5570,2014,ODP,2014-12-27,-0.66,-0.66,6844000000,5223000000,839000000,1621000000,6844000000,,,
5571,2013,ODP,2013-12-28,-0.29,-0.29,7477000000,5359000000,859000000,2063000000,7477000000,,,
5572,2012,ODP,2012-12-29,-0.39,-0.39,4010779000,2962830000,659479000,661441000,4010779000,,,
5573,2011,ODP,2011-12-31,-0.05,-0.05,4250984000,3148063000,684714000,739071000,4250984000,,,
5574,2024,OGN,2024-12-31,3.36,3.33,13101000000,12629000000,8880000000,3000000,13101000000,297000000,1.12,
5575,2023,OGN,2023-12-31,4.01,3.99,12058000000,12128000000,8760000000,3000000,12058000000,294000000,1.12,
5576,2022,OGN,2022-12-31,3.61,3.59,10955000000,,8913000000,3000000,10955000000,290000000,1.12,
5577,2021,OGN,2021-12-31,5.33,5.31,10681000000,,9134000000,3000000,10681000000,145000000,,
5578,2024,OI,2024-12-31,-0.69,-0.69,4646000000,732000000,,1079000000,8654000000,,,
5579,2023,OI,2023-12-31,-0.67,-0.67,5218000000,717000000,,1609000000,9669000000,,,
5580,2022,OI,2022-12-31,3.76,3.67,5109000000,633000000,,1417000000,9061000000,,,
5581,2021,OI,2021-12-31,0.95,0.93,4853000000,581000000,,720000000,8832000000,,,
5582,2020,OI,2020-12-31,1.59,1.57,4927000000,513000000,,297000000,8882000000,,0.05,
5583,2019,OI,2019-12-31,-2.58,-2.58,5264000000,,,467000000,9610000000,,0.05,
5584,2018,OI,2018-12-31,1.61,1.59,9699000000,,,786000000,9699000000,,0.05,
5585,2017,OI,2017-12-31,1.11,1.10,9756000000,,,808000000,9756000000,,,
5586,2016,OI,2016-12-31,1.29,1.28,9135000000,,,254000000,9135000000,,,
5587,2015,OI,2015-12-31,-0.47,-0.47,9421000000,,,466000000,9421000000,,,
5588,2014,OI,2014-12-31,0.46,0.45,7858000000,,,1158000000,7858000000,,,
5589,2013,OI,2013-12-31,1.11,1.11,3509000000,,,1456000000,2154000000,,,
5590,2012,OI,2012-12-31,1.12,1.11,1592000000,,,881000000,1592000000,,,
5591,2011,OI,2011-12-31,-3.11,-3.11,8926000000,,624000000,839000000,1560000000,,,
5592,2024,OKE,2024-12-31,5.19,5.17,15856000000,,32100000000,17036000000,64069000000,2313000000,,2318000000
5593,2023,OKE,2023-12-31,5.49,5.48,7078000000,,21700000000,0,44266000000,1839000000,,1839000000
5594,2022,OKE,2022-12-31,3.85,3.84,6979816000,,13600000000,0,24379094000,1671582000,,0
5595,2021,OKE,2021-12-31,3.36,3.35,6768955000,,13600000000,0,23621613000,1667431000,,0
5596,2020,OKE,2020-12-31,1.42,1.42,6499908000,,14200000000,6042398000,23078754000,1605366000,,0
5597,2019,OKE,2019-12-31,3.09,3.07,6795744000,,12500000000,6225951000,21812121000,1457628000,,0
5598,2018,OKE,2018-12-31,0.65,0.64,18231671000,,9400000000,6579543000,18231671000,1335058000,,1335211000
5599,2017,OKE,2017-12-31,1.30,1.29,16845937000,,8500000000,5527867000,16845937000,829414000,2.72,829400000
5600,2016,OKE,2016-12-31,1.67,1.66,16138751000,9291527000,8300000000,188745000,16138751000,517601000,2.46,517600000
5601,2015,OKE,2015-12-31,1.17,1.16,15446111000,,8400000000,335798000,15446111000,509197000,2.43,509200000
5602,2014,OKE,2014-12-31,1.50,1.49,15304560000,2600000000,7203579000,592115000,15304560000,443817000,2.125,443800000
5603,2013,OKE,2013-12-31,1.29,1.27,17707558000,,7800000000,2337851000,17707558000,304742000,1.48,304700000
5604,2012,OKE,2012-12-31,1.75,1.71,15855275000,,,2129609000,15855275000,261969000,1.27,262000000
5605,2011,OKE,2011-12-31,3.44,3.36,13696635000,,,2238573000,13696635000,227020000,2.16,227000000
5606,2011,OKE,2011-02-22,,,,,,,,,,
5607,2024,OMC,2024-12-31,7.54,7.46,29620700000,,6073000000,4193500000,29620700000,,2.80,
5608,2023,OMC,2023-12-31,6.98,6.91,28044600000,,5669900000,3616300000,28044600000,,2.80,
5609,2022,OMC,2022-12-31,6.40,6.36,27002500000,,5611800000,3252100000,27002500000,,2.80,
5610,2021,OMC,2021-12-31,6.57,6.53,28421800000,,5727000000,3270200000,28421800000,,2.80,
5611,2020,OMC,2020-12-31,4.38,4.37,27647200000,,5823000000.0,3084400000,27647200000,,2.60,
5612,2019,OMC,2019-12-31,6.09,6.06,26783400000,,5122800000,2853900000,26783400000,,2.60,
5613,2018,OMC,2018-12-31,1.15,1.14,24617000000,,4900000000,2547100000,24617000000,548500000,2.40,
5614,2017,OMC,2017-12-31,1.03,1.02,24931200000,,4900000000,2615100000,24931200000,515200000,2.25,
5615,2016,OMC,2016-12-31,0.90,0.90,23165400000,,4900100000,2162000000,23165400000,505400000,2.15,
5616,2015,OMC,2015-12-31,0.84,0.83,22110700000,,4500300000,2452400000,22110700000,496700000,2.00,
5617,2014,OMC,2014-12-31,0.78,0.77,21559700000,,4500500000,2850000000,21559700000,468000000,1.90,
5618,2013,OMC,2013-12-31,3.73,3.71,22098700000,,4003200000,3582400000,22098700000,318400000,1.60,
5619,2012,OMC,2012-12-31,3.64,3.61,22151900000,,4409800000,3460800000,22151900000,397800000,1.20,
5620,2011,OMC,2011-12-31,3.38,3.33,20505400000,,3160700000,3504300000,20505400000,269100000,1.00,
5621,2024,ON,2024-12-31,3.68,3.63,14089800000,5275300000,3379900000,8796400000,14089800000,,,
5622,2023,ON,2023-12-31,5.07,4.89,13215200000,5414600000,3379900000,7782600000,13215200000,,,
5623,2022,ON,2022-12-31,4.39,4.25,11978500000,5771500000,3228300000,6188500000,11978500000,,,
5624,2021,ON,2021-12-31,2.37,2.27,9626000000,5021600000,3258300000,4585400000,9626000000,,,
5625,2020,ON,2020-12-31,0.57,0.56,8668000000.0,5109900000,3589500000,3538500000,8668000000.0,,,
5626,2019,ON,2019-12-31,0.52,0.51,8425500000,5101400000,3749200000,3301700000,8425500000,,,
5627,2018,ON,2018-12-31,1.48,0.31,7587600000,4393500000,2939000000,3171600000,7587600000,,,
5628,2017,ON,2017-12-31,1.92,0.18,7195100000,4394100000,3175000000,2778800000,7195100000,,,
5629,2016,ON,2016-12-31,0.44,0.09,6924400000,5046500000,3806800000,1823200000,6924400000,,,
5630,2015,ON,2015-12-31,0.49,0.13,3869600000,2237700000,1515800000,1608200000,3869600000,,,
5631,2014,ON,2014-12-31,0.43,0.13,3823000000,2175600000,1192600000,1626500000,3823000000,,,
5632,2013,ON,2013-12-31,0.34,0.33,3257000000,1770200000,335200000,1454000000,3257000000,,,
5633,2012,ON,2012-12-31,-0.20,-0.20,3328400000,1937700000,3300000,1361100000,3328400000,,,
5634,2011,ON,2011-12-31,0.03,0.08,3883500000,2390000000,46600000,1468200000,3883500000,,,
5635,2025,ORCL,2025-05-31,4.46,4.34,168361000000,,,20451000000,168361000000,,0.50,
5636,2024,ORCL,2024-05-31,3.82,3.71,140976000000,,,8704000000,140976000000,,0.40,
5637,2023,ORCL,2023-05-31,3.15,3.07,134384000000,,,1073000000,134384000000,,0.40,
5638,2022,ORCL,2022-05-31,2.49,2.41,109297000000,,0,-6220000000,109297000000,,0.32,
5639,2021,ORCL,2021-05-31,4.67,4.55,131107000000,,,5238000000,131107000000,,0.32,
5640,2020,ORCL,2020-05-31,3.16,3.08,115438000000,,,12074000000,115438000000,,0.24,
5641,2019,ORCL,2019-05-31,3.05,2.97,108709000000,,,21785000000,108709000000,,0.24,
5642,2018,ORCL,2018-05-31,0.93,0.90,137264000000,,,45726000000,137264000000,,0.19,
5643,2017,ORCL,2017-05-31,2.27,2.21,134991000000,,,53860000000,134991000000,,0.19,
5644,2016,ORCL,2016-05-31,2.11,2.07,112180000000,,,47289000000,112180000000,,,
5645,2015,ORCL,2015-05-31,2.26,2.21,110903000000,,,48663000000,110903000000,,,
5646,2014,ORCL,2014-05-31,2.42,2.38,90344000000,,,46878000000,90344000000,,,
5647,2013,ORCL,2013-05-31,2.29,2.26,81812000000,,,44648000000,81812000000,,,
5648,2012,ORCL,2012-05-31,1.99,1.96,78327000000,,,43688000000,78327000000,,,
5649,2011,ORCL,2011-05-31,1.69,1.67,73535000000,,,39776000000,73535000000,,0.21,
5650,2024,ORLY,2024-12-31,40.91,40.66,14893741000,,,575000,14893741000,,,
5651,2023,ORLY,2023-12-31,38.80,38.47,13872995000,,,591000,13872995000,,,
5652,2022,ORLY,2022-12-31,33.75,33.44,12627979000,,,624000,12627979000,,,
5653,2021,ORLY,2021-12-31,31.39,31.10,11718707000,,,670000,11718707000,,,
5654,2020,ORLY,2020-12-31,23.74,23.53,11596642000,,,711000,11596642000,,,
5655,2019,ORLY,2019-12-31,18.07,17.88,10717160000,,3700000000,756000,10717160000,,,
5656,2018,ORLY,2018-12-31,3.65,3.61,7980789000,,3200000000,353667000,7980789000,,,
5657,2017,ORLY,2017-12-31,2.88,2.83,7571885000,,2700000000,653046000,7571885000,,,
5658,2016,ORLY,2016-12-31,2.63,2.59,7204189000,,1900000000,1627136000,7204189000,,,
5659,2015,ORLY,2015-12-31,2.09,2.06,6676684000,,1400000000,1961314000,6676684000,,,
5660,2014,ORLY,2014-12-31,1.64,1.61,6540301000,,1400000000,2018418000,6540301000,,,
5661,2013,ORLY,2013-12-31,6.14,6.03,6067208000,,1400000000,1966321000,6067208000,,,
5662,2012,ORLY,2012-12-31,1.16,1.14,5749187000,,1100000000,2108307000,5749187000,,,
5663,2011,ORLY,2011-12-31,0.73,0.72,5500501000,,797574000,2844851000,5500501000,,,
5664,2024,OTIS,2024-12-31,4.10,4.07,11316000000,16044000000,8273000000,-4848000000,11316000000,,,606000000
5665,2023,OTIS,2023-12-31,3.42,3.39,10117000000,14837000000,6866000000,-4924000000,10117000000,,,539000000
5666,2022,OTIS,2022-12-31,2.98,2.96,9819000000,14483000000,6629000000,-4870000000,9819000000,,,465000000
5667,2021,OTIS,2021-12-31,2.91,2.89,12279000000,15263000000,7249000000,-3625000000,12279000000,,,393000000
5668,2020,OTIS,2020-12-31,2.09,2.08,10710000000,13911000000,5262000000,-3832000000,10710000000,,,260000000
5669,2024,OXY,2024-12-31,2.59,2.44,7700000000,,25323000000,34159000000,85445000000,,0.88,
5670,2022,OXY,2022-12-31,13.41,12.40,7700000000,,19146000000,9762000000,72609000000,,0.52,
5671,2021,OXY,2021-12-31,1.62,1.58,7700000000,,29028000000,20327000000,75036000000,,0.04,
5672,2020,OXY,2020-12-31,-17.06,-17.06,9500000000,,,18573000000,80064000000,,0.82,
5673,2019,OXY,2019-12-31,-1.22,-1.22,14900000000,,38537000000,34232000000,109330000000,,3.14,
5674,2018,OXY,2018-12-31,5.40,5.39,43854000000,,,-172000000,43854000000,,,
5675,2017,OXY,2017-12-31,1.71,1.70,42026000000,,,,42026000000,,3.06,
5676,2016,OXY,2016-12-31,-0.75,-0.75,43109000000,,,,43109000000,,3.02,
5677,2015,OXY,2015-12-31,-10.23,-10.23,43437000000,,8400000000,,43437000000,,2.97,
5678,2014,OXY,2014-12-31,0.79,0.79,56259000000,,6900000000,34959000000,56259000000,,2.88,
5679,2013,OXY,2013-12-31,7.33,7.32,46213000000,,7000000000,43126000000,69443000000,,2.56,
5680,2012,OXY,2012-12-31,5.67,5.67,64210000000,,7600000000,40016000000,64210000000,,2.16,
5681,2011,OXY,2011-12-31,8.32,8.32,60044000000,,5900000000,,60044000000,,1.84,
5682,2025,PANW,2025-07-31,1.71,1.60,23576200000,15751800000,0,5291900000,23576200000,,,
5683,2024,PANW,2024-07-31,8.07,7.28,19990900000,14821200000,963900000,3821100000,19990900000,,,
5684,2023,PANW,2023-07-31,1.45,1.28,14501100000,12752700000,0,1748400000,14501100000,,,
5685,2022,PANW,2022-07-31,-2.71,-2.71,12253600000,12043600000,1689300000,210000000.0,12253600000,,,
5686,2021,PANW,2021-07-31,-5.18,-5.18,10241600000,,1557900000,634500000,10241600000,,,
5687,2020,PANW,2020-07-31,,,9065400000,,1493000000.0,1101800000,9065400000,,,
5688,2019,PANW,2019-07-31,,,6592200000,,1430000000,1586300000,6592200000,,,
5689,2018,PANW,2018-07-31,,,5823000000,,1920100000,966400000,5823000000,,,
5690,2017,PANW,2017-07-31,,,3438300000,,524700000,759600000,3438300000,,,
5691,2016,PANW,2016-07-31,,,2761200000,,508200000,789900000,2761200000,,,
5692,2015,PANW,2015-07-31,,,1965178000,,487084000,487899000,1965178000,,,
5693,2014,PANW,2014-07-31,,,1478466000,,,468583000,1478466000,,,
5694,2013,PANW,2013-07-31,-0.22,-0.04,585606000,,,272420000,585606000,,,
5695,2012,PANW,2012-07-31,,,,,,,,,,
5696,2024,PAYC,2024-12-31,8.93,8.92,5859900000,4284000000,0,600000,5859900000,84800000,0.375,84500000
5697,2023,PAYC,2023-12-31,5.91,5.88,4197539000,2894503000,,627000,4197539000,64838000,0.375,67775000
5698,2022,PAYC,2022-12-31,4.86,4.84,3902513000,2719906000,29000000,625000,3902513000,,,
5699,2021,PAYC,2021-12-31,3.39,3.37,3215145000,2321431000,29155000,623000,3215145000,,,
5700,2020,PAYC,2020-12-31,2.49,2.46,2607912000,1952269000,30894000,618000,2607912000,,,
5701,2019,PAYC,2019-12-31,3.14,3.09,2486917000,1960289000,32633000,613000,2486917000,,,
5702,2018,PAYC,2018-12-31,2.37,2.34,1521926000,1187173000,34389000,334753000,1521926000,,,
5703,2017,PAYC,2017-12-31,1.15,1.13,1355164000,,35302000,135402000,1355164000,,,
5704,2016,PAYC,2016-12-31,0.76,0.74,1078613000,,29824000,116527000,1078613000,,,
5705,2015,PAYC,2015-12-31,0.37,0.36,876773000,,25860000,98314000,876773000,,,
5706,2014,PAYC,2014-12-31,0.11,0.11,798942000,,,74138000,798942000,,,
5707,2025,PAYX,2025-05-31,4.6,4.58,16564100000,12436100000,399800000,3600000,16564100000,,4.02,1448700000
5708,2024,PAYX,2024-05-31,4.69,4.67,10383100000,6582100000,798600000,3600000,10383100000,,3.65,1315400000
5709,2023,PAYX,2023-05-31,4.32,4.30,10546400000,7053200000,798200000,3600000,10546400000,,3.26,1175500000
5710,2022,PAYX,2022-05-31,3.86,3.84,9635200000,6550000000.0,797700000,3600000,9635200000,,2.77,1000100000
5711,2021,PAYX,2021-05-31,3.05,3.03,9227200000,6279200000,797300000,3600000,9227200000,,2.52,
5712,2020,PAYX,2020-05-31,3.06,3.04,8550700000,5769300000,796800000,3600000,8550700000,,2.48,
5713,2019,PAYX,2019-05-31,2.88,2.86,8676000000,6056500000,796400000,2619500000,8676000000,,2.30,
5714,2018,PAYX,2018-05-31,2.60,2.58,7463700000,5439200000,,2024500000,7463700000,,,
5715,2017,PAYX,2017-05-31,2.27,2.25,6833700000,4878400000,,1955300000,6833700000,,,
5716,2016,PAYX,2016-05-31,2.10,2.09,6440800000,4529100000,,1911700000,6440800000,,,
5717,2015,PAYX,2015-05-31,0.47,0.46,6482500000,4697000000,,1785500000,6482500000,,,
5718,2014,PAYX,2014-05-31,1.72,1.71,6370100000,4593100000,,1777000000,6370100000,,,
5719,2013,PAYX,2013-05-31,1.56,1.56,6163700000,4390000000,,1773700000,6163700000,,,
5720,2012,PAYX,2012-05-31,1.51,1.51,6479600000,4875100000,,1604500000,6479600000,,,
5721,2011,PAYX,2011-05-31,1.42,1.42,5393800000,3897600000,,1496200000,5393800000,,,
5722,2024,PBI,2024-12-31,-1.13,-1.12,1981359000,3975949000,1919708000,270338000,3397516000,,,
5723,2023,PBI,2023-12-31,-2.20,-2.20,597073000,4640761000,2146032000,270338000,4272185000,,,
5724,2022,PBI,2022-12-31,0.21,0.21,996297000,4680702000,2205266000,323338000,4741355000,,,
5725,2021,PBI,2021-12-31,-0.01,-0.01,1032434000,4846239000,2323838000,0,4958871000,,,
5726,2020,PBI,2020-12-31,-1.06,-1.06,994554000,5153742000,2564393000,0,5220137000,,,
5727,2019,PBI,2019-12-31,1.10,1.10,1102313000,5180804000,2739722000,0,5466900000,,,
5728,2018,PBI,2018-12-31,0.29,0.28,5972903000,5733431000,3265608000,239472000,5972903000,,,
5729,2017,PBI,2017-12-31,0.35,0.35,6678715000,6490154000,3830335000,188561000,6678715000,,0.7500,
5730,2016,PBI,2016-12-31,0.30,0.30,5837133000,5940793000,3380827000,-103660000,5837133000,,0.75,
5731,2015,PBI,2015-12-31,0.40,0.40,6141462000,5666370000,2951822000,178721000,6141461000,,0.75,
5732,2014,PBI,2014-12-31,0.22,0.22,6485693000,6112064000,3226943000,77259000,6485693000,,0.75,
5733,2013,PBI,2013-12-31,0.71,0.70,6772708000,6287935000,3310793000,188403000,6772708000,,,
5734,2012,PBI,2012-12-31,2.22,2.21,7859891000,7452890000,3965000000,110631000,7859891000,,,
5735,2011,PBI,2011-12-31,3.06,3.05,8147104000,7889720000,,,8147104000,,,299521000
5736,2024,PCAR,2024-12-31,7.92,7.9,21007400000,8333200000,,524400000,43418900000,2288500000,4.17,
5737,2023,PCAR,2023-12-31,8.78,8.76,19859500000,9015800000,,523300000,40823400000,1518600000,4.24,
5738,2022,PCAR,2022-12-31,5.76,5.75,16095900000,7185600000,,522000000.0,33275500000,1004700000,2.80,
5739,2021,PCAR,2021-12-31,5.33,5.32,13882800000,6217600000,,347300000,29301700000,708000000.0,2.84,
5740,2020,PCAR,2020-12-31,3.74,3.74,12460200000,5601100000,,346600000,28260000000.0,1239800000,1.98,
5741,2019,PCAR,2019-12-31,6.88,6.87,12289700000,6013100000,,346300000,28361100000,1138600000,3.58,
5742,2018,PCAR,2018-12-31,6.25,6.24,11082800000,5710900000,,8592900000,25482400000,804300000,3.09,
5743,2017,PCAR,2017-12-31,4.76,4.75,10237900000,5270400000,,8050500000,23440200000,558300000,2.19,
5744,2016,PCAR,2016-12-31,1.49,1.48,20638900000,4056200000,,6777600000,20638900000,829300000,1.56,
5745,2015,PCAR,2015-12-31,4.52,4.51,21109800000,4331900000,,6940400000,21109800000,680500000,2.32,
5746,2014,PCAR,2014-12-31,3.83,3.82,20618800000,4341300000,,6753200000,20618800000,623800000,1.86,
5747,2013,PCAR,2013-12-31,3.31,3.30,20725500000,4452000000,,6634300000,20725500000,283100000,1.70,
5748,2012,PCAR,2012-12-31,3.13,3.12,18627800000,8979600000,,5846900000,18627800000,809500000,1.58,
5749,2011,PCAR,2011-12-31,2.87,2.86,17172700000,3996700000,,5364400000,17172700000,217400000,1.30,
5750,2024,PCG,2024-12-31,1.16,1.15,133660000000,,2130000000,30149000000,133660000000,,0.01,120000000
5751,2023,PCG,2023-12-31,1.09,1.05,125698000000,,500000000,25040000000,125698000000,,0.01,21000000
5752,2022,PCG,2022-12-31,0.91,0.84,118644000000,,4587000000,22823000000,118644000000,,,1275000000
5753,2021,PCG,2021-12-31,-0.05,-0.05,103327000000,,4593000000,20971000000,103327000000,,,
5754,2020,PCG,2020-12-31,-1.05,-1.05,97856000000,,21425700000,21001000000,97856000000,,,
5755,2019,PCG,2019-12-31,-14.50,-14.50,85196000000,,,5136000000,85196000000,,,
5756,2018,PCG,2018-12-31,-13.25,-13.25,76995000000,,,12651000000,76995000000,,,
5757,2017,PCG,2017-12-31,3.21,3.21,68012000000,,350000000,19220000000,68012000000,,,
5758,2016,PCG,2016-12-31,2.79,2.78,68598000000,,348000000,17940000000,68598000000,,,
5759,2015,PCG,2015-12-31,1.81,1.79,63339000000,,350000000,16576000000,63339000000,,,
5760,2014,PCG,2014-12-31,3.07,3.06,15375000000,,15851000000,14342000000,15375000000,,,
5761,2013,PCG,2013-12-31,1.83,1.83,15375000000,,354000000,14342000000,15375000000,,,
5762,2012,PCG,2012-12-31,1.92,1.92,13939000000,,371000000,13074000000,13939000000,,1.82,
5763,2011,PCG,2011-12-31,0.50,0.50,49750000000,,349000000,12101000000,49750000000,,1.82,
5764,2024,PCG,2024-12-31,1.16,1.15,133660000000,,2130000000,30149000000,133660000000,,0.01,120000000
5765,2023,PCG,2023-12-31,1.09,1.05,125698000000,,500000000,25040000000,125698000000,,0.01,21000000
5766,2022,PCG,2022-12-31,0.91,0.84,118644000000,,4587000000,22823000000,118644000000,,,1275000000
5767,2021,PCG,2021-12-31,-0.05,-0.05,103327000000,,4593000000,20971000000,103327000000,,,
5768,2020,PCG,2020-12-31,-1.05,-1.05,97856000000,,21425700000,21001000000,97856000000,,,
5769,2019,PCG,2019-12-31,-14.50,-14.50,85196000000,,,5136000000,85196000000,,,
5770,2018,PCG,2018-12-31,-13.25,-13.25,76995000000,,,12651000000,76995000000,,,
5771,2017,PCG,2017-12-31,3.21,3.21,68012000000,,350000000,19220000000,68012000000,,,
5772,2016,PCG,2016-12-31,2.79,2.78,68598000000,,348000000,17940000000,68598000000,,,
5773,2015,PCG,2015-12-31,1.81,1.79,63339000000,,350000000,16576000000,63339000000,,,
5774,2014,PCG,2014-12-31,3.07,3.06,15375000000,,15851000000,14342000000,15375000000,,,
5775,2013,PCG,2013-12-31,1.83,1.83,15375000000,,354000000,14342000000,15375000000,,,
5776,2012,PCG,2012-12-31,1.92,1.92,13939000000,,371000000,13074000000,13939000000,,1.82,
5777,2011,PCG,2011-12-31,0.50,0.50,49750000000,,349000000,12101000000,49750000000,,1.82,
5778,2024,PEG,2024-12-31,3.56,3.54,46364000000,,4866000000,,54640000000,,,
5779,2023,PEG,2023-12-31,5.15,5.13,42873000000,,4371000000,,50741000000,,,
5780,2022,PEG,2022-12-31,2.07,2.06,39960000000,,4124000000,,48718000000,,,
5781,2021,PEG,2021-12-31,-1.29,-1.29,37198000000,,4124000000,,48999000000,,,
5782,2020,PEG,2020-12-31,3.78,3.76,35581000000,,2929000000,,50050000000,,,
5783,2019,PEG,2019-12-31,3.35,3.33,33266000000,,2441000000,,47730000000,,,
5784,2018,PEG,2018-12-31,1.11,1.10,45326000000,253000000,14462000000,,45326000000,,,
5785,2017,PEG,2017-12-31,0.23,0.22,42716000000,302000000,13068000000,,42716000000,,,
5786,2016,PEG,2016-12-31,0.93,0.93,40070000000,,11395000000,13130000000,40070000000,,,
5787,2015,PEG,2015-12-31,1.16,1.15,37535000000,,9568000000,13066000000,37535000000,,,
5788,2014,PEG,2014-12-31,0.76,0.76,35333000000,,9144000000,12185000000,35333000000,,,
5789,2013,PEG,2013-12-31,2.46,2.45,32522000000,,24000000,11608000000,32522000000,,0.37,
5790,2012,PEG,2012-12-31,2.52,2.51,31725000000,,2040000000,10780000000,31725000000,,,
5791,2011,PEG,2011-12-31,1.04,1.04,29821000000,,44000000,10270000000,29821000000,,,
5792,2024,PENN,2024-12-31,-2.05,-2.05,1808100000,12403300000,2797300000,2862700000,15261700000,,,
5793,2023,PENN,2023-12-31,-3.22,-3.22,1827400000,12864600000,2797800000,3202100000,16064200000,,,
5794,2022,PENN,2022-12-31,1.37,1.29,2231800000,13905500000,2817800000,3597700000,17502100000,,,
5795,2021,PENN,2021-12-31,2.64,2.48,2283600000,12775000000,2840500000,4097800000,16872100000,,,
5796,2020,PENN,2020-12-31,-5.00,-5.00,1958400000,12011500000,2431600000,2656200000,14667300000,,,
5797,2019,PENN,2019-12-31,0.38,0.37,5500000,12342600000,2419000000.0,1852700000,14194500000,,,
5798,2018,PENN,2018-12-31,0.96,0.93,1330256000,10229791000,,731226000,10961012000,,,
5799,2017,PENN,2017-12-31,0.06,0.06,5234812000,,,-73146000,5234812000,,,
5800,2016,PENN,2016-12-31,0.26,0.26,4974484000,,,-543320000,4974484000,,,
5801,2015,PENN,2015-12-31,0.02,0.02,5138752000,,1735198000,-678043000,5138752000,,,
5802,2014,PENN,2014-12-31,0.05,0.05,2236430000,,1242699000,554486000,2236430000,,,
5803,2013,PENN,2013-12-31,0.68,0.63,580478000,,1052015000,758400000,2183991000,,,
5804,2012,PENN,2012-12-31,0.83,0.74,5644057000,,2732074000,2250929000,5644057000,,,
5805,2011,PENN,2011-12-31,2.52,2.26,4606346000,,,,4606346000,,,
5806,2024,PEP,2024-12-28,6.97,6.95,99467000000,81296000000,41228000000,18041000000,99467000000,7229000000,5.3300,
5807,2023,PEP,2023-12-30,6.59,6.56,12176000000,81858000000,41519000000,18503000000,100495000000,6682000000,4.9450,
5808,2022,PEP,2022-12-31,6.45,6.42,11042000000,74914000000,38753000000,17149000000,92187000000,6172000000,4.5250,
5809,2021,PEP,2021-12-25,5.51,5.49,9763000000,76226000000,39898000000,16043000000,92377000000,5815000000,4.2475,
5810,2020,PEP,2020-12-26,5.14,5.12,8730000000,79366000000,43728000000,13454000000,92918000000,5509000000,4.0225,
5811,2019,PEP,2019-12-28,5.23,5.20,7519000000,63679000000,31996000000,14786000000,78547000000,5304000000,3.7925,
5812,2018,PEP,2018-12-29,8.84,8.78,77648000000,63046000000,32248000000,14518000000,77648000000,4930000000,3.5875,
5813,2017,PEP,2017-12-30,3.40,3.38,79804000000,68823000000,37816000000,11045000000,79804000000,4472000000,3.1675,
5814,2016,PEP,2016-12-31,4.39,4.36,74129000000,62930000000,34454000000,11246000000,74129000000,4227000000,2.96,
5815,2015,PEP,2015-12-26,3.71,3.67,69667000000,57637000000,32322000000,12068000000,69667000000,4040000000,2.7625,
5816,2014,PEP,2014-12-27,4.31,4.27,70509000000,52961000000,27917000000,17578000000,70509000000,3730000000,2.5325,
5817,2013,PEP,2013-12-28,4.37,4.32,77478000000,53089000000,26557000000,24409000000,77478000000,3434000000,2.24,
5818,2012,PEP,2012-12-29,3.96,3.92,74638000000,52239000000,26445000000,22417000000,74638000000,3305000000,2.1275,
5819,2011,PEP,2011-12-31,4.08,4.03,72882000000,51983000000,23117000000,20704000000,72882000000,3157000000,2.025,
5820,2024,PFE,2024-12-31,1.42,1.41,45385000000,124899000000,777000000,88203000000,213396000000,,1.69,
5821,2023,PFE,2023-12-31,0.38,0.37,42830000000,137213000000,824000000,89014000000,226501000000,,1.65,
5822,2022,PFE,2022-12-31,5.59,5.47,41137000000,101288000000,795000000,95661000000,197205000000,,1.61,
5823,2021,PFE,2021-12-31,3.63,3.57,46335000000,104013000000,1000000000,77201000000,181476000000,,1.57,
5824,2020,PFE,2020-12-31,1.73,1.71,154229000000,90756000000,7450000000,63238000000,154229000000,,1.53,
5825,2019,PFE,2019-12-31,2.92,2.87,11176000000,104042000000,500000000,63143000000,167489000000,,1.46,
5826,2018,PFE,2018-12-31,1.90,1.87,159000000000,95664000000,700000000,63407000000,159422000000,,1.38,
5827,2017,PFE,2017-12-31,3.57,3.52,172000000000,100141000000,4000000000,71308000000,171797000000,,,
5828,2016,PFE,2016-12-31,1.18,1.17,171615000000,111776000000,31398000000,59544000000,171615000000,,,
5829,2015,PFE,2015-12-31,1.13,1.11,167460000000,102463000000,28818000000,64720000000,167460000000,,0.30,
5830,2014,PFE,2014-12-31,1.44,1.42,169274000000,97652000000,31541000000,71301000000,169274000000,,,
5831,2013,PFE,2013-12-31,3.23,3.19,172101000000,95481000000,,76307000000,172101000000,,,
5832,2012,PFE,2012-12-31,1.96,1.94,185798000000,104120000000,,81260000000,185798000000,,,
5833,2011,PFE,2011-12-31,1.28,1.27,188002000000,105381000000,,82190000000,188002000000,,,
5834,2024,PFG,2024-12-31,6.77,6.68,33130400000,302194600000,399800000,11086400000,313663600000,,2.85,658400000
5835,2023,PFG,2023-12-31,2.58,2.55,35034400000,293836100000,399300000,10916000000.0,305046700000,,2.60,625500000
5836,2022,PFG,2022-12-31,19.16,18.85,34876900000,281934800000,299900000,10001700000,292239600000,,2.56,642300000
5837,2021,PFG,2021-12-31,6.36,6.27,34687000000.0,288198900000,299700000,16069400000,304657200000,,2.44,654100000
5838,2020,PFG,2020-12-31,5.08,5.05,41995200000,41527900000,299300000,4138300000,21482800000,,2.24,614500000
5839,2019,PFG,2019-12-31,5.00,4.96,168800000,164000000.0,64200000,2806000000.0,18863700000,,2.18,606000000.0
5840,2018,PFG,2018-12-31,1.37,1.36,243036100000,231188900000,3259600000,11390000000,243036100000,,2.10,598600000
5841,2017,PFG,2017-12-31,1.21,1.19,253941200000,240918000000,3178400000,12849300000,253941200000,,1.87,540000000
5842,2016,PFG,2016-12-31,1.26,1.25,180100000,600000,3125700000,10227300000,228014300000,,1.61,464900000
5843,2015,PFG,2015-12-31,1.41,1.39,218685900000,209222800000,3290800000,9311600000,218685900000,,1.50,441000000
5844,2014,PFG,2014-12-31,0.96,0.95,219087000000,208797000000,2531200000,10184000000,219087000000,,1.28,376600000
5845,2013,PFG,2013-12-31,2.99,2.95,272300000,218700000,350000000,9684200000,12156200000,,,288400000
5846,2012,PFG,2012-12-31,2.62,2.59,12229900000,130691500000,222700000,7560400000,138251900000,,,231300000
5847,2011,PFG,2011-12-31,2.17,2.15,148298000000,138285000000,1564800000,9637000000,148298000000,,,213700000
5848,2025,PG,2025-06-30,6.67,6.51,125231000000,72946000000,,,125231000000,9872000000,4.0763,9606000000
5849,2024,PG,2024-06-30,6.18,6.02,6103000000,71811000000,,,122370000000,9312000000,,9053000000
5850,2023,PG,2023-06-30,6.07,5.90,6196000000,73764000000,,,120829000000,8999000000,,8742000000
5851,2022,PG,2022-06-30,6.00,5.81,6055000000,70354000000,,,117208000000,8770000000,,8514000000
5852,2021,PG,2021-06-30,5.69,5.50,5587000000,72653000000,,,119307000000,8263000000,,8020000000
5853,2020,PG,2020-06-30,5.13,4.96,5531000000,73822000000,,,120700000000,7789000000,,7551000000
5854,2019,PG,2019-06-30,1.45,1.43,5362000000,67516000000,,,115095000000,7498000000,,7256000000
5855,2018,PG,2018-06-30,3.75,3.67,4709000000,65427000000,,,118310000000,7310000000,,7057000000
5856,2017,PG,2017-06-30,5.80,0.93,120406000000,64628000000,,,120406000000,7236000000,,6989000000
5857,2016,PG,2016-06-30,3.80,0.97,127136000000,69153000000,,,127136000000,7436000000,,7181000000
5858,2015,PG,2015-06-30,2.50,0.75,129495000000,66445000000,23129000000,,129495000000,7287000000,,7028000000
5859,2014,PG,2014-06-30,4.19,4.01,144266000000,74290000000,,,144266000000,6911000000,,6658000000
5860,2013,PG,2013-06-30,4.04,3.86,139263000000,70554000000,,,139263000000,6519000000,,6275000000
5861,2012,PG,2012-06-30,3.82,3.66,132244000000,68209000000,0,,132244000000,6139000000,,5883000000
5862,2011,PG,2011-06-30,4.12,3.93,138354000000,70353000000,,,138354000000,5767000000,,5534000000
5863,2024,PGR,2024-12-31,14.45,14.40,35566000000,9975000000,6893000000,25591000000,35566000000,,4.90,
5864,2023,PGR,2023-12-31,6.61,6.58,28324000000,8046900000,6888600000,20277100000,28324000000,,1.15,
5865,2022,PGR,2022-12-31,1.19,1.18,22696600000,6805600000,6388300000,15891000000,22696600000,,0.40,
5866,2021,PGR,2021-12-31,5.69,5.66,23558900000,5327300000,4898800000,18231600000,23558900000,,1.90,
5867,2020,PGR,2020-12-31,9.71,9.66,25634200000,8595600000,5396100000,17038600000,25634200000,,4.90,
5868,2019,PGR,2019-12-31,6.75,6.72,20156500000,6257700000,4407100000,13673200000,20156500000,,2.65,
5869,2018,PGR,2018-12-31,4.45,4.42,46575000000,35538700000,589600000,10821800000,46575000000,,2.5140,
5870,2017,PGR,2017-12-31,2.74,2.72,38701200000,28912700000,3269200000,9284800000,38701200000,395400000,1.1247,
5871,2016,PGR,2016-12-31,1.77,1.76,33427500000,24986700000,3020900000,7957100000,33427500000,519000000,0.6808,
5872,2015,PGR,2015-12-31,2.16,2.15,29819300000,22065000000,2707900000,7289400000,29819300000,403600000,0.8882,
5873,2014,PGR,2014-12-31,2.17,2.15,25787600000,18859000000,2164700000,6928600000,25787600000,892600000,0.6862,
5874,2013,PGR,2013-12-31,1.95,1.93,24408200000,18218700000,1860900000,6189500000,24408200000,175600000,1.4929,
5875,2012,PGR,2012-12-31,1.50,1.48,22694700000,16687700000,2063100000,6007000000,22694700000,,1.2845,
5876,2011,PGR,2011-12-31,1.61,1.59,21844800000,16038100000,2442100000,5806700000,21844800000,,0.4072,
5877,2025,PH,2025-06-30,27.52,27.12,15953000000,15803000000,0,13682000000,29494000000,861000000,6.69,
5878,2024,PH,2024-06-30,22.13,21.84,16173560000,17216949000,1825000000,12071972000,29297842000,782048000,,
5879,2023,PH,2023-06-30,16.23,16.04,15572849000,19626193000,1825000000,10326888000,29964472000,704054000,,
5880,2022,PH,2022-06-30,10.24,10.09,15838512000,17084023000,2125000000,8848011000,25943943000,569855000,,
5881,2021,PH,2021-06-30,13.54,13.35,16518688000,11927530000,2125000000,8398307000,20341200000,475174000,,
5882,2020,PH,2020-06-30,9.39,9.29,15973576000,13609660000,2125000000,6113983000,19738189000,453838000,,
5883,2019,PH,2019-06-30,11.63,11.48,13189204000,11608538000,2125000000,5961969000,17576690000,412468000,,
5884,2018,PH,2018-06-30,7.98,2.70,15320087000,9454594000,4418970000,5859866000,15320087000,365288000,,
5885,2017,PH,2017-06-30,7.37,1.75,15489904000,10222558000,5383343000,5261649000,15489904000,345380000,,
5886,2016,PH,2016-06-30,5.96,1.37,12056738000,7478060000,2733140000,4575255000,12056738000,341962000,,
5887,2015,PH,2015-06-30,7.08,2.02,12295037000,7187468000,2947102000,5104287000,12295037000,340389000,,
5888,2014,PH,2014-06-30,6.98,6.87,2413395000,6611554000,59220000,6659428000,13274362000,278244000,,
5889,2013,PH,2013-06-30,6.36,6.26,12540898000,6799417000,60540000,5738426000,12540898000,255009000,,
5890,2012,PH,2012-06-30,7.62,7.45,11170282000,6264552000,75174000,4896515000,11170282000,240654000,,
5891,2011,PH,2011-06-30,6.51,6.37,10886805000,5398469000,1765892000,5383854000,10886805000,206084000,,
5892,2024,PHM,2024-12-31,14.82,14.69,807922000,5241799000,31100000,2029000,17363763000,167707000,0.82,
5893,2023,PHM,2023-12-31,11.79,11.72,775316000,5703793000,73500000,2126000,16087050000,142459000,0.68,
5894,2022,PHM,2022-12-31,11.07,11.01,700413000,5882417000,77300000,2258000,14796515000,144115000,0.61,
5895,2021,PHM,2021-12-31,7.44,7.43,644019000,5863116000,63900000,2493000,13352631000,147834000,0.57,
5896,2020,PHM,2020-12-31,0.75,0.74,712205000,5635509000,,2665000,12205498000,130179000,0.50,
5897,2019,PHM,2019-12-31,0.59,0.59,698661000,2835644000,,2702000,8293824000,122350000,0.45,
5898,2018,PHM,2018-12-31,3.56,3.55,704515000,3088491000,,2771000,7906273000,104020000,0.38,
5899,2017,PHM,2017-12-31,0.29,0.28,9686649000,5532623000,,4154026000,9686649000,112748000,0.36,
5900,2016,PHM,2016-12-31,0.24,0.24,10178200000,5518837000,,4659363000,10178200000,124666000,0.36,
5901,2015,PHM,2015-12-31,0.15,0.15,8967160000,4207835000,,4759325000,8967160000,115958000,0.33,
5902,2014,PHM,2014-12-31,0.19,0.19,8569410000,3764456000,,4804954000,8569410000,75646000,0.05,
5903,2013,PHM,2013-12-31,6.79,6.72,8734143000,4085191000,,4648952000,8734143000,38382000,0.15,
5904,2012,PHM,2012-12-31,0.54,0.54,6734409000,4544793000,,2189616000,6734409000,,,
5905,2011,PHM,2011-12-31,-0.55,-0.55,6885620000,4947005000,,1938615000,6885620000,,0,
5906,2024,PKG,2024-12-31,8.97,8.93,3100000,3100000,0,4404000000,8833200000,,5,
5907,2023,PKG,2023-12-31,8.52,8.48,3300000,,0,3997300000,8681100000,,5,
5908,2022,PKG,2022-12-31,11.08,11.03,,2200000,0,3667100000,8003800000,,4.75,
5909,2021,PKG,2021-12-31,8.87,8.83,3500000,3500000,,3607200000,7836800000,,4.00,
5910,2020,PKG,2020-12-31,4.86,4.84,2500000,2500000,0,3246300000,7433200000,,3.37,
5911,2019,PKG,2019-12-31,7.36,7.34,3900000,3900000,0,3071000000.0,7235800000,,3.16,
5912,2018,PKG,2018-12-31,7.82,7.80,6569700000,,0,2672400000,6569700000,,3.00,
5913,2017,PKG,2017-12-31,7.09,7.07,6197500000,,0,2182600000,6197500000,,2.52,
5914,2017,PKG,2017-02-28,,,,,,,,,,
5915,2015,PKG,2015-12-31,0.92,0.92,5284600000,,2309200000,1633300000,5284600000,,2.20,
5916,2014,PKG,2014-12-31,0.92,0.92,5348500000,,2355400000,1521400000,5348500000,,0.40,
5917,2013,PKG,2013-12-31,4.52,4.47,5199974000,,0,1313015000,5199974000,,1.51,
5918,2012,PKG,2012-12-31,1.70,1.68,2453768000,,793630000,969461000,2453768000,,1.00,
5919,2011,PKG,2011-12-31,0.37,0.37,2412499000,,808448000,928910000,2412499000,,0.80,
5920,2024,PLD,2024-12-31,4.02,4.01,95328909000,36712139000,30879263000,53951138000,95328909000,3570480000,0.01,
5921,2023,PLD,2023-12-31,3.3,3.29,93020840000,35197120000,29000501000,53181724000,93020840000,3228589000,0,
5922,2022,PLD,2022-12-31,4.28,4.25,87897448000,30034355000,23875961000,53237282000,87897448000,2494723000,0.02,
5923,2021,PLD,2021-12-31,3.97,3.94,58486220000,20744010000,17715054000,33426873000,58486220000,1872861000,0.00,
5924,2020,PLD,2020-12-31,2.02,2.01,56065005000,19740425000,16849076000,31971547000,56065005000,1722989000,0.00,
5925,2019,PLD,2019-12-31,2.48,2.46,40031850000,13960066000,11905877000,22653127000,40031850000,1345660000,0.00,
5926,2018,PLD,2018-12-31,2.90,2.87,38417664000,12616776000,11089815000,22298093000,38417664000,1123367000,0.03,
5927,2017,PLD,2017-12-31,3.10,3.06,29481075000,10775334000,9412631000,15631158000,29481075000,942884000,0.01,
5928,2016,PLD,2016-12-31,2.29,2.27,30249932000,11791792000,10608294000,14991081000,30249932000,893455000,0.15,
5929,2015,PLD,2015-12-31,1.66,1.64,31394767000,12973931000,11626831000,14667935000,31394767000,804697000,0.08,
5930,2014,PLD,2014-12-31,1.25,1.24,25818223000,10634624000,9380199000,13975509000,25818223000,672190000,0.41,
5931,2013,PLD,2013-12-31,0.65,0.64,24572307000,10395854000,9011000000,13711158000,24572307000,,,
5932,2012,PLD,2012-12-31,-0.18,-0.18,27310145000,13536809000,11791000000,13069017000,27310145000,,0.20,
5933,2011,PLD,2011-12-31,-0.18,-0.18,27723912000,13268438000,11382000,13661639000,27723912000,,0.01,
5934,2024,PM,2024-12-31,4.53,4.52,61784000000,71654000000,,-11750000000,61784000000,8197000000,5.30,8278000000
5935,2023,PM,2023-12-31,5.02,5.02,65304000000,74750000000,,-11225000000,65304000000,7964000000,5.14,8012000000
5936,2022,PM,2022-12-31,5.82,5.81,61681000000,67992000000,,-8957000000,61681000000,7812000000,5.04,7841000000
5937,2021,PM,2021-12-31,5.83,5.83,41290000000,49498000000,500000000,-10106000000,41290000000,7580000000,4.90,7665000000
5938,2020,PM,2020-12-31,5.16,5.16,44815000000,55446000000,,-12567000000,44815000000,7364000000,4.74,7405000000
5939,2019,PM,2019-12-31,4.61,4.61,42875000000,52474000000,,-11577000000,42875000000,7161000000,4.62,7212000000
5940,2018,PM,2018-12-31,1.00,1.00,39801000000,50540000000,,-12459000000,39801000000,6885000000,1.07,6994000000
5941,2017,PM,2017-12-31,1.02,1.02,42968000000,53198000000,,-12086000000,42968000000,6520000000,1.04,6573000000
5942,2016,PM,2016-12-31,0.98,0.98,36851000000,47751000000,,-12688000000,36851000000,6378000000,1.02,6412000000
5943,2015,PM,2015-12-31,1.16,1.16,33956000000,45432000000,,-13244000000,33956000000,6250000000,1.00,6280000000
5944,2014,PM,2014-12-31,1.18,1.18,35187000000,46390000000,,-12629000000,35187000000,6035000000,0.94,6087000000
5945,2013,PM,2013-12-31,5.26,5.26,38168000000,44442000000,,-7766000000,38168000000,5720000000,3.58,5809000000
5946,2012,PM,2012-12-31,5.17,5.17,37670000000,39523000000,1579000000,-3476000000,37670000000,5404000000,3.24,5481000000
5947,2011,PM,2011-12-31,1.06,1.06,35488000000,33725000000,17034000000,229000000,35488000000,4788000000,0.64,4967000000
5948,2024,PNC,2024-12-31,13.76,13.74,560038000000,505569000000,61673000000,54425000000,560038000000,,6.30,
5949,2023,PNC,2023-12-31,12.80,12.79,561580000000,510439000000,72737000000,51105000000,561580000000,,6.10,
5950,2022,PNC,2022-12-31,13.86,13.85,557263000000,511451000000,58726000000,45774000000,557263000000,,5.75,
5951,2021,PNC,2021-12-31,12.71,12.70,557191000000,501465000000,,55695000000,557191000000,,4.80,
5952,2020,PNC,2020-12-31,16.99,16.96,466679000000,412638000000,,54010000000,466679000000,,4.60,
5953,2019,PNC,2019-12-31,11.43,11.39,410295000000,360952000000,,49314000000,410295000000,,4.20,
5954,2018,PNC,2018-12-31,10.79,10.71,382315000000,334545000000,,47728000000,382315000000,,3.40,
5955,2017,PNC,2017-12-31,10.49,10.36,380768000000,333183000000,,47513000000,380768000000,,2.60,
5956,2016,PNC,2016-12-31,7.42,7.3,366380000000,319526000000,,45699000000,366380000000,,,
5957,2015,PNC,2015-12-31,7.52,7.39,358493000000,312513000000,,44710000000,358493000000,,,
5958,2014,PNC,2014-12-31,7.44,7.3,345072000000,298998000000,,44551000000,345072000000,,,
5959,2013,PNC,2013-12-31,7.48,7.39,320296000000,276199000000,,42408000000,320296000000,,,
5960,2012,PNC,2012-12-31,5.36,5.30,305107000000,263342000000,,39003000000,305107000000,,,
5961,2011,PNC,2011-12-31,5.70,5.64,271205000000,233959000000,,34053000000,271205000000,,,602000000
5962,2024,PNR,2024-12-31,3.78,3.74,1590700000,2883600000,1638700000,,6446500000,,,155500000
5963,2023,PNR,2023-12-31,3.77,3.75,1709700000,3346200000,1988300000,,6563300000,,,147000000.0
5964,2022,PNR,2022-12-31,2.92,2.90,4496700000,3739400000,2317300000,,6447500000,,,141800000
5965,2021,PNR,2021-12-31,3.34,3.30,2823000000,2331700000,894100000,,4753600000,,,132800000
5966,2020,PNR,2020-12-31,2.15,2.14,2327900000,2090900000,839600000,,4197200000,,,128400000
5967,2019,PNR,2019-12-31,2.10,2.09,1340100000,62600000,1029100000,,2016500000,,,123900000
5968,2018,PNR,2018-12-31,0.57,0.57,3806500000,1970400000,787600000,,3806500000,,,154900000
5969,2017,PNR,2017-12-31,0.48,0.48,8633700000,3595900000,1447500000,,8633700000,,,252900000
5970,2016,PNR,2016-12-31,0.59,0.59,11534800000,7280400000,4297000000,,11534800000,,,245800000
5971,2015,PNR,2015-12-31,0.63,0.62,11857000000,7848200000,,,11857000000,,,174400000
5972,2014,PNR,2014-12-31,0.60,0.59,10655200000,5991400000,,4663800000,10655200000,,,229500000
5973,2013,PNR,2013-12-31,2.67,2.62,11743300000,5525600000,,6095300000,11743300000,,,198500000
5974,2012,PNR,2012-12-31,-0.84,-0.84,11795311000,5311954000,,6366860000,11795311000,,,207364000
5975,2011,PNR,2011-12-31,0.35,0.34,4586313000,2538921000,,1933329000,4586313000,,,
5976,2024,PNW,2024-12-31,5.35,5.24,26102760000,,0,6754311000,26102760000,,3.55,
5977,2023,PNW,2023-12-31,4.42,4.41,24661153000,,625000000,6177664000,24661153000,,3.49,
5978,2022,PNW,2022-12-31,4.27,4.26,22723405000,,450000000,6048647000,22723405000,,3.43,
5979,2021,PNW,2021-12-31,5.48,5.47,22003222000,,300000000,5906200000,22003222000,,3.36,379108000
5980,2020,PNW,2020-12-31,4.89,4.87,20020421000,,0,5633503000,20020421000,,3.23,363063000
5981,2019,PNW,2019-12-31,0.16,0.16,18479247000,,200000000,5430648000,18479247000,,3.04,341893000
5982,2018,PNW,2018-12-31,0.03,0.03,17664202000,,0,5222915000,17664202000,,2.87,320927000
5983,2017,PNW,2017-12-31,0.21,0.21,17019082000,,150000000,5006690000,17019082000,,2.70,301492000
5984,2016,PNW,2016-12-31,0.04,0.04,16004253000,,150000000,4803622000,16004253000,,2.56,284765000
5985,2015,PNW,2015-12-31,0.15,0.14,15028258000,,50000000,4583917000,15028258000,,2.44,270519000
5986,2014,PNW,2014-12-31,0.14,0.14,14313532000,,,4367493000,14313532000,,2.33,256803000
5987,2013,PNW,2013-12-31,0.22,0.22,4650024000,,125000000,4300000000,4650024000,,2.23,
5988,2012,PNW,2012-12-31,0.21,0.20,13242542000,,125000000,3972806000,13242542000,,2.67,
5989,2011,PNW,2011-12-31,3.11,3.09,13111018000,,125000000,3943007000,13111018000,,2.10,
5990,2024,PODD,2024-12-31,5.97,5.78,3087700000,1876100000,794900000,100000,3087700000,,,
5991,2023,PODD,2023-12-31,2.96,2.94,2588200000,1855500000,479200000,100000,2588200000,,,
5992,2022,PODD,2022-12-31,0.07,0.07,2251100000,1774700000,1401800000,100000,2251100000,,,
5993,2021,PODD,2021-12-31,0.25,0.24,2048800000,1492500000,1273900000,100000,2048800000,,,
5994,2020,PODD,2020-12-31,0.11,0.10,1872900000,1269300000,1059300000,100000,1872900000,,,
5995,2019,PODD,2019-12-31,0.19,0.19,1142900000,1067000000.0,,100000,1142900000,,,
5996,2018,PODD,2018-12-31,-0.11,-0.11,928744000,716645000,591978000,212099000,928744000,,,
5997,2017,PODD,2017-12-31,,,816744000,658228000,566173000,158516000,816744000,,,
5998,2016,PODD,2016-12-31,,,456647000,393497000,332768000,63150000,456647000,,,
5999,2015,PODD,2015-12-31,,,275126000,241075000,,34051000,275126000,,,
6000,2014,PODD,2014-12-31,,,302156000,218327000,,83829000,302156000,,,
6001,2013,PODD,2013-12-31,,,287955000,163358000,113651000,124597000,287955000,,,
6002,2012,PODD,2012-12-31,,,215681000,145464000,118159000,70217000,215681000,,,
6003,2011,PODD,2011-12-31,,,209583000,138187000,,71396000,209583000,,,
6004,2024,POOL,2024-12-31,11.37,11.30,3368184000,2094719000,,38000,3368184000,179633000,,
6005,2023,POOL,2023-12-31,13.45,13.35,3428068000,2115281000,,38000,3428068000,167461000,,
6006,2022,POOL,2022-12-31,18.89,18.70,3565437000,2330243000,,39000,3565437000,150624000,,
6007,2021,POOL,2021-12-31,16.21,15.97,3230131000,2158738000,,40000,3230131000,119581000,,
6008,2020,POOL,2020-12-31,9.14,8.97,1739670000,1100200000,,40000,1739670000,91929000,,
6009,2019,POOL,2019-12-31,6.57,6.40,1483266000,1073086000,,40000,1483266000,83772000,,
6010,2018,POOL,2018-12-31,0.78,0.75,1240871000,1017281000,666761000,223590000,1240871000,69430000,,
6011,2017,POOL,2017-12-31,0.54,0.52,1101062000,877916000,519650000,223146000,1101062000,58029000,,
6012,2016,POOL,2016-12-31,0.39,0.38,994095000,786598000,438042000,205210000,994095000,49749000,,
6013,2015,POOL,2015-12-31,0.19,0.19,936031000,677623000,329715000,255743000,936031000,43117000,,
6014,2014,POOL,2014-12-31,0.09,0.09,892937000,645472000,320838000,244352000,892937000,37600000,,
6015,2013,POOL,2013-12-31,2.10,2.05,823761000,537579000,246418000,286182000,823761000,33808000,,
6016,2012,POOL,2012-12-31,1.75,1.71,780576000,498953000,230882000,281623000,780576000,29135000,,
6017,2011,POOL,2011-12-31,1.49,1.47,798622000,518876000,,279746000,798622000,26470000,,
6018,2024,PPG,2024-12-31,4.77,4.75,5887000000,12471000000,0,6785000000,19433000000,622000000,,
6019,2023,PPG,2023-12-31,5.38,5.35,13434000000,13624000000,0,7832000000,21647000000,598000000,,
6020,2022,PPG,2022-12-31,4.34,4.32,13088000000,14035000000,300000000,6592000000,20744000000,570000000,,
6021,2021,PPG,2021-12-31,6.06,6.01,13395000000,14940000000,0,6286000000,21351000000,536000000,,
6022,2020,PPG,2020-12-31,4.47,4.45,11551000000,13741000000,0,5689000000,19556000000,496000000,,
6023,2019,PPG,2019-12-31,5.25,5.22,10636000000,12305000000,0,5284000000,17708000000,468000000,,
6024,2018,PPG,2018-12-31,1.34,1.33,16015000000,11283000000,5000000000,4630000000,16015000000,453000000,,
6025,2017,PPG,2017-12-31,1.30,1.29,16538000000,10865000000,4123000000,5558000000,16538000000,434000000,,
6026,2016,PPG,2016-12-31,1.30,1.29,15769000000,10856000000,4299000000,4826000000,15769000000,414000000,,
6027,2015,PPG,2015-12-31,1.18,1.17,17076000000,12007000000,4265000000,4983000000,17076000000,383000000,,
6028,2014,PPG,2014-12-31,9.07,8.97,17583000000,12318000000,3877000000,5180000000,17583000000,361000000,,
6029,2013,PPG,2013-12-31,22.53,22.27,15863000000,10665000000,249000000,4932000000,15863000000,345000000,,
6030,2012,PPG,2012-12-31,6.13,6.06,15878000000,11556000000,731000000,4063000000,15878000000,358000000,,
6031,2011,PPG,2011-12-31,6.96,6.87,14382000000,10936000000,3617000000,3249000000,14382000000,355000000,,
6032,2024,PPL,2024-12-31,1.20,1.20,15475000000,,16503000000,364000000,41069000000,,1.03,
6033,2023,PPL,2023-12-31,1.00,1.00,14294000000,,14612000000,13933000000,39236000000,,0.960,
6034,2022,PPL,2022-12-31,1.03,1.02,13565000000,,13243000000,13915000000,37837000000,,0.875,
6035,2021,PPL,2021-12-31,-1.93,-1.93,13302000000,,11140000000,8000000,33223000000,,1.66,
6036,2020,PPL,2020-12-31,1.91,1.91,12324000000,,23127000000,8000000,48116000000,,1.66,
6037,2019,PPL,2019-12-31,2.39,2.37,11901000000,,21893000000,8000000,45680000000,,1.65,
6038,2018,PPL,2018-12-31,0.65,0.65,43396000000,,2321000000,11657000000,43396000000,,0.41,
6039,2017,PPL,2017-12-31,0.59,0.59,41479000000,,2328000000,10761000000,41479000000,,0.395,
6040,2016,PPL,2016-12-31,0.71,0.71,38315000000,,2327000000,9899000000,38315000000,,0.38,
6041,2015,PPL,2015-12-31,1.01,0.96,16669000000,,2828000000,821000000,39301000000,,0.3725,
6042,2014,PPL,2014-12-31,2.64,1.04,987000000,,2602000000,13628000000,7715000000,,1.49,
6043,2013,PPL,2013-12-31,1.85,1.76,46259000000,,20907000000,12466000000,46259000000,,1.47,
6044,2012,PPL,2012-12-31,2.61,2.60,43634000000,,19476000000,10480000000,43634000000,,1.44,
6045,2011,PPL,2011-12-31,2.71,2.70,42648000000,,17993000000,10828000000,42648000000,,1.40,
6046,2024,PRGO,2024-12-31,-1.25,-1.25,4687600000,5328300000,,6733900000,9647700000,152500000,1.10,
6047,2023,PRGO,2023-12-31,-0.09,-0.09,4952900000,6041200000,,6837500000,10809100000,149700000,1.09,
6048,2022,PRGO,2022-12-31,-1.04,-1.04,5134100000,6175200000,0,6936700000,11017300000,142400000,1.04,
6049,2021,PRGO,2021-12-31,-0.52,-0.52,5983800000,5274000000,153500000,7043200000,10425700000,129600000,0.96,
6050,2020,PRGO,2020-12-31,-1.19,-1.19,4443000000.0,5833300000,164900000,7118200000,11488400000,123900000,0.90,
6051,2019,PRGO,2019-12-31,1.07,1.07,3990200000,5497300000,151400000,7359900000,11301400000,112400000,0.82,
6052,2018,PRGO,2018-12-31,0.95,0.95,10983400000,5315300000,292500000,7421700000,10983400000,104900000,0.76,
6053,2017,PRGO,2017-12-31,0.50,0.50,11628800000,5458200000,300000000,6170500000,11628800000,91100000,0.64,
6054,2016,PRGO,2016-12-31,-3.70,-3.70,13870100000,7912500000,773100000,5958100000,13870100000,83200000,0.580,
6055,2015,PRGO,2015-06-27,-0.67,-0.67,19720600000,9057800000,820900000,10662600000,19720600000,64800000,0.4600,
6056,2014,PRGO,2014-06-28,1.78,1.77,13880200000,5186500000,,8692900000,13880200000,46100000,0.39,
6057,2024,PRU,2024-12-31,7.54,7.50,803096000000,705461000000,185000000,27872000000,735587000000,,5.20,
6058,2023,PRU,2023-12-31,6.76,6.74,681739000000,691336000000,158000000,27820000000,721123000000,,5.00,
6059,2022,PRU,2022-12-31,-3.93,-3.93,707192000000,672709000000,208000000,16250000000,689917000000,,4.80,
6060,2021,PRU,2021-12-31,19.65,19.51,689767000000,874974000000,274000000,61876000000,937582000000,,4.60,
6061,2020,PRU,2020-12-31,-1.00,-1.00,-122000000,0,409000000,67425000000,940722000000,,4.40,
6062,2019,PRU,2019-12-31,10.23,10.11,57783000000,832833000000,537000000,63115000000,896552000000,,4.00,
6063,2018,PRU,2018-12-31,3.19,3.14,815078000000,766047000000,776000000,48617000000,815078000000,,3.60,
6064,2017,PRU,2017-12-31,3.14,3.09,831921000000,777577000000,799000000,54069000000,831921000000,,3.00,
6065,2016,PRU,2016-12-31,2.97,2.93,783962000000,737874000000,,45863000000,783962000000,,2.80,
6066,2015,PRU,2015-12-31,4.44,4.37,757388000000,715465000000,,41890000000,757388000000,,2.44,
6067,2014,PRU,2014-12-31,3.25,3.23,766655000000,724306000000,,41770000000,766655000000,,2.17,
6068,2013,PRU,2013-12-31,-1.55,-1.55,731781000000,695900000000,,35278000000,731781000000,,1.73,
6069,2012,PRU,2012-12-31,0.95,0.94,709298000000,670007000000,,38575000000,709298000000,,1.60,
6070,2011,PRU,2011-12-31,7.31,7.22,624521000000,586710000000,,37223000000,624521000000,,1.45,
6071,2024,PSA,2024-12-31,10.68,10.64,19754934000,9941282000,0,9712606000,19754934000,,12.00,
6072,2023,PSA,2023-12-31,11.11,11.06,19809216000,9702270000,699779000,10013178000,19809216000,,12.00,
6073,2022,PSA,2022-12-31,23.64,23.50,17552307000,7385506000,699075000,10073402000,17552307000,,21.15,
6074,2021,PSA,2021-12-31,9.91,9.87,17380908000,7957370000,499637000,9335177000,17380908000,,8.00,1402309000
6075,2020,PSA,2020-12-31,6.29,6.29,11816546000,3239647000,499109000,8558867000,11816546000,,8.00,1399361000
6076,2019,PSA,2019-12-31,7.30,7.29,11365444000,2285777000,498581000,9062911000,11365444000,,8.00,1398570000
6077,2018,PSA,2018-12-31,1.66,1.65,10928270000,1783542000,1412283000,9119478000,10928270000,,8.00,1396364000
6078,2017,PSA,2017-12-31,1.62,1.62,10732892000,1768523000,1431322000,8940009000,10732892000,,8.00,1393812000
6079,2016,PSA,2016-12-31,1.40,1.39,10130338000,688684000,390749000,9411910000,10130338000,,7.30,1267544000
6080,2015,PSA,2015-12-31,1.23,1.23,9778232000,580594000,,9170641000,9778232000,,6.50,1125934000
6081,2014,PSA,2014-12-31,1.01,1.01,9818676000,311505000,,9480796000,9818676000,,5.60,
6082,2013,PSA,2013-12-31,0.94,0.94,9876266000,1057411000,,8791730000,9876266000,,5.15,
6083,2012,PSA,2012-12-31,0.74,0.73,8793403000,670539000,,8093756000,8793403000,,4.4,
6084,2011,PSA,2011-12-31,0.87,0.87,8932562000,609280000,,8288209000,8932562000,,3.65,
6085,2024,PSX,2024-12-31,5.01,4.99,28334000000,44119000000,2913000000,27408000000,72582000000,,,
6086,2023,PSX,2023-12-31,15.56,15.48,29107000000,43851000000,3759000000,30583000000,75501000000,,,
6087,2022,PSX,2022-12-31,23.36,23.27,30273000000,42336000000,3500000000,29494000000,76442000000,,,
6088,2021,PSX,2021-12-31,2.97,2.97,15932000000,33957000000,3447000000,19166000000,55594000000,,,
6089,2020,PSX,2020-12-31,-9.06,-9.06,15596000000,33198000000,3444000000,18984000000,54721000000,,,
6090,2019,PSX,2019-12-31,6.80,6.77,15716000000,8244000000,3491000000,24910000000,33184000000,,,
6091,2018,PSX,2018-12-31,1.07,1.07,54302000000,27149000000,,24653000000,54302000000,,,
6092,2017,PSX,2017-12-31,1.02,1.02,54371000000,26943000000,,25085000000,54371000000,,,
6093,2016,PSX,2016-12-31,0.72,0.72,51653000000,27928000000,1100000000,22390000000,51653000000,,,
6094,2015,PSX,2015-12-31,7.78,7.73,48580000000,24642000000,2600000000,23100000000,48580000000,,,
6095,2014,PSX,2014-12-31,8.40,8.33,48741000000,26704000000,28000000,21590000000,48741000000,,,
6096,2013,PSX,2013-12-31,6.07,6.02,49798000000,27406000000,,21950000000,49798000000,,,
6097,2012,PSX,2012-12-31,6.55,6.48,48073000000,27267000000,,20775000000,48073000000,,0.3125,
6098,2025,PTC,2025-09-30,6.12,6.08,6617172000,2790943000,1172434000,1195000,6617172000,,,
6099,2024,PTC,2024-09-30,3.14,3.12,6383542000,3169144000,1227105000,1202000,6383542000,,,
6100,2023,PTC,2023-09-30,2.07,2.06,6288842000,3611552000,1686410000,1188000,6288842000,,,
6101,2022,PTC,2022-09-30,2.67,2.65,4687268000,2391234000,1350628000,1175000,4687268000,,,
6102,2021,PTC,2021-09-30,4.08,4.03,4507560000,2469092000,1439471000,1172000,4507560000,,,
6103,2020,PTC,2020-09-30,1.13,1.12,3382738000,1944490000,1005314000,1161000,3382738000,,,
6104,2019,PTC,2019-09-30,-0.23,-0.23,2664588000,1462590000,669134000,1149000,2664588000,,,
6105,2018,PTC,2018-09-30,0.45,0.44,2329022000,1454433000,,874589000,2329022000,,,
6106,2017,PTC,2017-09-30,0.05,0.05,2360384000,1474948000,,885436000,2360384000,,,
6107,2016,PTC,2016-09-30,-0.48,-0.48,2352253000,1509587000,,842666000,2352253000,,,
6108,2015,PTC,2015-09-30,0.41,0.41,2209913000,1349742000,,860171000,2209913000,,,
6109,2014,PTC,2014-09-30,1.36,1.34,2199954000,1346065000,,853889000,2199954000,,,
6110,2013,PTC,2013-09-30,1.20,1.19,1828906000,902426000,,926480000,1828906000,,,
6111,2012,PTC,2012-09-30,-0.30,-0.30,1791634000,994375000,,797259000,1791634000,,,
6112,2011,PTC,2011-09-30,0.73,0.71,1629682000,806992000,,822690000,1629682000,,,
6113,2025,PVH,2025-02-02,10.69,10.56,1218600000,,2090700000,0,11033200000,,0.15,
6114,2024,PVH,2024-02-04,10.88,10.76,1185300000,,2169200000,0,11172900000,,0.15,
6115,2023,PVH,2023-01-29,3.05,3.03,1296300000,,2288900000,5012700000,11768300000,,0.15,
6116,2022,PVH,2022-01-30,13.45,13.25,1409800000,,2352400000,5288800000,12396800000,,0.0375,
6117,2021,PVH,2021-01-31,-15.96,-15.96,1447900000,,3554800000,4730300000,13293500000,,,
6118,2020,PVH,2020-02-02,5.63,5.60,1599000000.0,,2707700000,5811500000,13631000000.0,,,
6119,2019,PVH,2019-02-03,9.75,9.65,11863700000,,2819400000,5827800000,11863700000,,,
6120,2018,PVH,2018-02-04,6.93,6.84,11885700000,,3061300000,5536400000,11885700000,,,
6121,2017,PVH,2017-01-29,6.84,6.79,11067900000,,3197300000,4804500000,11067900000,,,
6122,2016,PVH,2016-01-31,6.95,6.89,10696400000,,3190900000,4552300000,10696400000,,,
6123,2015,PVH,2015-02-01,5.33,5.27,10931800000,,3538000000,4364300000,10931800000,,,
6124,2014,PVH,2014-02-02,1.77,1.74,11575578000,,3963221000,4335179000,11575578000,,,
6125,2013,PVH,2013-02-03,5.98,5.87,7781549000,,2299642000,3252569000,7781549000,,,
6126,2012,PVH,2012-01-29,4.46,4.36,6752361000,,1902876000,2715449000,6752361000,,,
6127,2011,PVH,2011-01-30,0.82,0.80,6735334000,,,2442557000,6735334000,,,
6128,2024,PWR,2024-12-31,6.16,6.03,18683894000,11354177000,0,7317731000,18683894000,,0.37,55604000
6129,2023,PWR,2023-12-31,5.13,5.00,16237225000,9953870000,500000000,6272241000,16237225000,,0.33,
6130,2022,PWR,2022-12-31,3.42,3.32,13464337000,8065518000,500000000,5383464000,13464337000,,0.29,
6131,2021,PWR,2021-12-31,3.45,3.34,12855189000,7738268000,500000000,5112301000,12855189000,,0.25,
6132,2020,PWR,2020-12-31,3.15,3.07,8398272000,4049300000,1000000000,4344181000,8398272000,,0.21,
6133,2019,PWR,2019-12-31,2.76,2.73,8331682000,4277851000,,4050292000,8331682000,23236000,0.17,
6134,2018,PWR,2018-12-31,1.92,1.90,7075787000,3470334000,1072756000,3604159000,7075787000,,0.04,
6135,2017,PWR,2017-12-31,2.02,2.00,6480154000,2684525000,671941000,3791571000,6480154000,,,
6136,2016,PWR,2016-12-31,,,5354059000,2011357000,358390000,3339427000,5354059000,,,
6137,2015,PWR,2015-12-31,,,5213543000,2125728000,477602000,3085494000,5213543000,,,
6138,2014,PWR,2014-12-31,,,6312024000,1786484000,76309000,4514473000,6312024000,,,
6139,2013,PWR,2013-12-31,,,5793245000,1551926000,,4234188000,5793245000,,,
6140,2012,PWR,2012-12-31,1.44,1.44,5140757000,1368841000,,3766548000,5140757000,,,
6141,2011,PWR,2011-12-31,-0.08,-0.08,4699114000,1309851000,,3381952000,4699114000,,,
6142,2024,PX,2024-12-31,0.17,0.16,869275000,482385000,319783000,,869275000,,,
6143,2023,PX,2023-12-31,-0.06,-0.06,834074000,408912000,200992000,,834074000,,,
6144,2022,PX,2022-12-31,0.25,0.24,826360000,392477000,211107000,,826360000,,,
6145,2021,PX,2021-12-31,0.13,0.08,676217000,281053000,121837000,34000,676217000,,,
6146,2024,PYPL,2024-12-31,4.03,3.99,81611000000,61194000000,,-27085000000,81611000000,,,
6147,2023,PYPL,2023-12-31,3.85,3.84,82166000000,61115000000,,21051000000,82166000000,,,
6148,2022,PYPL,2022-12-31,2.10,2.09,78717000000,58443000000,,20274000000,78717000000,,,
6149,2021,PYPL,2021-12-31,3.55,3.52,75803000000,54076000000,,21727000000,75803000000,,,
6150,2020,PYPL,2020-12-31,3.58,3.54,70379000000,50316000000,8939000000,20019000000,70379000000,,,
6151,2019,PYPL,2019-12-31,2.09,2.07,51333000000,34404000000,4965000000,16885000000,51333000000,,,
6152,2018,PYPL,2018-12-31,0.43,0.42,43332000000,27946000000,,15386000000,43332000000,,,
6153,2017,PYPL,2017-12-31,0.32,0.32,40774000000,24780000000,,15994000000,40774000000,,,
6154,2016,PYPL,2016-12-31,0.30,0.30,33103000000,18391000000,,14712000000,33103000000,,,
6155,2015,PYPL,2015-12-31,0.21,0.21,28881000000,15122000000,,13759000000,28881000000,,,
6156,2025,QCOM,2025-09-28,5.05,5.01,50143000000,28937000000,14811000000,,50143000000,,3.48,
6157,2024,QCOM,2024-09-29,9.09,8.97,55154000000,28880000000,13270000000,,55154000000,,3.30,
6158,2023,QCOM,2023-09-24,6.47,6.42,51040000000,29459000000,14484000000,,51040000000,,3.10,
6159,2022,QCOM,2022-09-25,11.52,11.37,49014000000,31001000000,13537000000,,49014000000,,2.86,
6160,2021,QCOM,2021-09-26,7.99,7.87,41240000000,31290000000,13701000000,,41240000000,,2.66,
6161,2020,QCOM,2020-09-27,4.58,4.52,3990000000,29517000000,15226000000,586000000,35594000000,,2.54,
6162,2019,QCOM,2019-09-29,3.63,3.59,2307000000,28048000000,13437000000,343000000,32957000000,,2.48,
6163,2018,QCOM,2018-09-30,0.25,0.24,32686000000,31758000000,15365000000,,32686000000,,0.62,
6164,2017,QCOM,2017-09-24,0.51,0.50,65486000000,34740000000,19398000000,30746000000,65486000000,,0.57,
6165,2016,QCOM,2016-09-25,0.78,0.78,52359000000,20591000000,10008000000,31778000000,52359000000,,0.53,
6166,2015,QCOM,2015-09-27,0.64,0.63,50796000000,19382000000,9969000000,31421000000,50796000000,,0.48,
6167,2014,QCOM,2014-09-28,4.73,4.65,48574000000,9408000000,,39169000000,48574000000,,1.540,
6168,2013,QCOM,2013-09-29,3.99,3.91,45516000000,9429000000,,36088000000,45516000000,2055000000,1.200,
6169,2012,QCOM,2012-09-30,3.59,3.51,43012000000,9467000000,,33523000000,43012000000,1583000000,0.930,
6170,2011,QCOM,2011-09-25,2.57,2.52,36422000000,9450000000,,26951000000,36422000000,1346000000,0.81,
6171,2025,QRVO,2025-03-29,0.59,0.58,5933131000,2540819000,0,3392312000,5933131000,,,
6172,2024,QRVO,2024-03-30,-0.72,-0.72,6554635000,2998263000,0,3556372000,6554635000,,,
6173,2023,QRVO,2023-04-01,1.01,1.00,6691903000,2789109000,1666000,3902794000,6691903000,,,
6174,2022,QRVO,2022-04-02,9.38,9.26,7509072000,2955854000,0,4553218000,7509072000,,,
6175,2021,QRVO,2021-04-03,6.43,6.32,7221470000,2592045000,197500000,4629425000,7221470000,,,
6176,2020,QRVO,2020-03-28,2.86,2.80,6560682000,2268017000,100000000,4292665000,6560682000,,,
6177,2019,QRVO,2019-03-30,0.51,0.50,5808024000,1448345000,919270000,4359679000,5808024000,,,
6178,2018,QRVO,2018-03-31,-0.10,-0.10,6381519000,1605955000,983290000,4775564000,6381519000,,,
6179,2017,QRVO,2017-04-01,0.44,0.43,6522323000,1625601000,989154000,4896722000,6522323000,,,
6180,2016,QRVO,2016-04-02,-0.08,-0.08,6596819000,1597147000,988130000,4999672000,6596819000,,,
6181,2015,QRVO,2015-03-28,0.04,0.04,6892379000,719219000,,6173160000,6892379000,,,
6182,2024,R,2024-12-31,11.29,11.06,12073000000,13555000000,7765000000,0,16672000000,,3.04,
6183,2023,R,2023-12-31,8.89,8.73,11588000000,12709000000,7129000000,0,15778000000,,2.66,
6184,2022,R,2022-12-31,17.41,17.04,10811000000,11458000000,6328000000,0,14395000000,,2.40,
6185,2021,R,2021-12-31,9.87,9.66,10999687000,11036377000,6555114000,26896000,13834323000,,2.28,
6186,2020,R,2020-12-31,-2.34,-2.34,11274450000,10676397000,6588197000,26866000,12931954000,,2.24,
6187,2019,R,2019-12-31,0.86,0.86,12991716000,11999024000,7898484000,0,14475334000,,2.20,
6188,2018,R,2018-12-31,0.64,0.63,13051084000,10140757000,6619913000,2910327000,13051084000,,2.12,
6189,2017,R,2017-12-31,0.72,0.71,11452231000,8617215000,5395972000,2835016000,11452231000,,1.80,
6190,2016,R,2016-12-31,1.05,1.04,10902454000,8850179000,5365980000,2052275000,10902454000,,1.7,
6191,2015,R,2015-12-31,1.00,0.99,10967809000,8980698000,5480549000,1987111000,10967809000,,1.56,
6192,2014,R,2014-12-31,0.91,0.90,9675986000,7856512000,4470091000,1819474000,9675986000,,1.42,
6193,2013,R,2013-12-31,4.57,4.53,9103782000,7207068000,4142343000,1896714000,9103782000,,1.30,
6194,2012,R,2012-12-31,4.11,4.09,8318979000,6851492000,3762053000,1467487000,8318979000,,1.2,
6195,2011,R,2011-12-31,0.49,0.48,7617835000,6299682000,3312255000,1318153000,7617835000,,1.12,
6196,2024,RCL,2024-12-31,11.00,10.94,37070000000,29335000000,,7563000000,37070000000,107000000,0.95,
6197,2023,RCL,2023-12-31,6.63,6.31,35131000000,30232000000,,4724000000,35131000000,,,
6198,2022,RCL,2022-12-31,-8.45,-8.45,33776361000,30907549000,161400000,2832000,33776361000,0,,
6199,2021,RCL,2021-12-31,-20.89,-20.89,32258355000,27172799000,162000000,2827000,32258355000,0,,
6200,2020,RCL,2020-12-31,-27.05,-27.05,32465187000,23704518000,11200000000,2652000,32465187000,326421000,0.78,
6201,2019,RCL,2019-12-31,8.97,8.95,30320284000,17586457000,70000000,2365000,30320284000,602674000,2.96,
6202,2018,RCL,2018-12-31,1.03,1.02,27698270000,16050789000,650000000,11105461000,27698270000,527494000,0.60,
6203,2017,RCL,2017-12-31,1.00,0.99,22296317000,,0,10702303000,22296317000,437455000,0.48,
6204,2016,RCL,2016-12-31,0.46,0.46,22310324000,,200000000,9121412000,22310324000,346487000,0.375,
6205,2015,RCL,2015-12-31,0.21,0.20,20921855000,,895000000,8063039000,20921855000,280212000,0.3,
6206,2014,RCL,2014-12-31,0.12,0.12,20713190000,,245000000,8284359000,20713190000,198952000,0.25,
6207,2013,RCL,2013-12-31,2.16,2.14,20072947000,,302835000,8808265000,20072947000,143629000,0.25,
6208,2012,RCL,2012-12-31,0.08,0.08,19827930000,,315000000,8308749000,19827930000,117707000,0.10,
6209,2011,RCL,2011-12-31,2.80,2.77,19804405000,,8495853000,8407823000,19804405000,21707000,,
6210,2024,REGN,2024-12-31,40.90,38.34,37759400000,8405800000,1243300000,0,37759400000,,,
6211,2023,REGN,2023-12-31,37.05,34.77,33080200000,7107100000,1242200000,0,33080200000,,,
6212,2022,REGN,2022-12-31,40.51,38.22,29214500000,6550500000,1241000000,0,29214500000,,,
6213,2021,REGN,2021-12-31,76.40,71.97,25434800000,6666000000,1239900000,0,25434800000,,,
6214,2020,REGN,2020-12-31,32.65,30.52,17163300000,6138000000.0,,100000,17163300000,,,
6215,2019,REGN,2019-12-31,19.38,18.46,14805200000,3715500000,,100000,14805200000,,,
6216,2018,REGN,2018-12-31,4.44,4.16,11734500000,2977200000,,8757300000,11734500000,,,
6217,2017,REGN,2017-12-31,2.36,2.16,8764286000,2620208000,,6144078000,8764286000,,,
6218,2016,REGN,2016-12-31,1.74,1.59,6973466000,2524221000,,4449245000,6973466000,,,
6219,2015,REGN,2015-12-31,0.74,0.66,5609132000,1954295000,,3654837000,5609132000,,,
6220,2014,REGN,2014-12-31,0.66,0.58,3871827000,1329502000,,2542325000,3871827000,,,
6221,2013,REGN,2013-12-31,4.33,3.81,2951013000,998937000,,1952076000,2951013000,,,
6222,2012,REGN,2012-12-31,7.92,6.75,2080490000,835105000,296518000,1245385000,2080490000,,,
6223,2011,REGN,2011-12-31,,,1323583000,837851000,275019000,485732000,1323583000,,,
6224,2024,RF,2024-12-31,1.94,1.93,157302000000,139392000000,749000000,1715000000,157302000000,,0.98,
6225,2023,RF,2023-12-31,2.11,2.11,152194000000,134701000000,747000000,1659000000,152194000000,,0.88,
6226,2022,RF,2022-12-31,2.29,2.28,155220000000,139269000000,747000000,1659000000,155220000000,,0.74,
6227,2021,RF,2021-12-31,2.51,2.49,162938000000,144612000000,0,1659000000,162938000000,,0.65,
6228,2020,RF,2020-12-31,1.03,1.03,147389000000,129278000000,360000000,1656000000,147389000000,,0.62,
6229,2019,RF,2019-12-31,1.51,1.50,126240000000,109945000000,358000000,1310000000,126240000000,,0.59,
6230,2018,RF,2018-12-31,1.55,1.54,125688000000,110598000000,12424000000,15090000000,125688000000,,0.46,
6231,2017,RF,2017-12-31,1.01,1.00,124294000000,108102000000,8132000000,16192000000,124294000000,,0.315,
6232,2016,RF,2016-12-31,0.87,0.87,125968000000,109304000000,7763000000,16664000000,125968000000,,0.065,
6233,2015,RF,2015-12-31,0.75,0.75,126050000000,109206000000,8349000000,16844000000,126050000000,,0.06,
6234,2014,RF,2014-12-31,0.80,0.80,119679000000,102690000000,3462000000,16989000000,119679000000,,0.05,
6235,2013,RF,2013-12-31,0.78,0.77,117396000000,101628000000,4830000000,15768000000,117396000000,,0.10,
6236,2012,RF,2012-12-31,0.72,0.71,121347000000,105848000000,5861000000,15499000000,121347000000,,0.04,
6237,2011,RF,2011-12-31,-0.34,-0.34,127050000000,110551000000,8110000000,16499000000,127050000000,,0.04,
6238,2024,RHI,2024-12-31,2.45,2.44,2854405000,1476402000,,102000,2854405000,220409000,2.12,
6239,2023,RHI,2023-12-31,3.90,3.88,3010789000,1422438000,,105000,3010789000,205910000,1.92,
6240,2022,RHI,2022-12-31,6.08,6.03,2964488000,1395930000,,108000,2964488000,189286000,1.72,
6241,2021,RHI,2021-12-31,5.42,5.36,2952359000,1571308000,,111000,2952359000,170612000,1.52,
6242,2020,RHI,2020-12-31,2.72,2.70,2557424000,1352135000,,-558000,2557424000,155935000,1.36,
6243,2019,RHI,2019-12-31,3.93,3.90,2311408000,1167725000,457000,115000,2311408000,145631000,1.24,
6244,2018,RHI,2018-12-31,0.79,0.78,1903097000,839899000,657000,1063198000,1903097000,136423000,1.12,
6245,2017,RHI,2017-12-31,0.63,0.62,1867454000,762189000,840000,1105265000,1867454000,121000000,0.96,
6246,2016,RHI,2016-12-31,0.65,0.64,1777971000,691372000,1007000,1086599000,1777971000,114164000,0.88,
6247,2015,RHI,2015-12-31,0.59,0.58,1702960000,699179000,1160000,1003781000,1702960000,107561000,0.80,
6248,2014,RHI,2014-12-31,0.45,0.45,1647267000,667409000,1299000,979858000,1647267000,97604000,0.72,
6249,2013,RHI,2013-12-31,1.85,1.83,1490271000,570628000,1428000,919643000,1490271000,89187000,0.64,
6250,2012,RHI,2012-12-13,1.51,1.50,1381271000,539260000,1545000,842011000,1381271000,84129000,0.60,
6251,2011,RHI,2011-12-31,0.18,0.18,1311836000,511331000,1656000,800505000,1311836000,80303000,0.56,
6252,2024,RIG,2024-12-31,-0.6,-0.76,19371000000,,6881000000,10284000000,19371000000,,,
6253,2023,RIG,2023-12-31,-1.24,-1.24,20254000000,,7413000000,10415000000,20254000000,,,
6254,2022,RIG,2022-12-31,-0.89,-0.89,20436000000,,7347000000,10791000000,20436000000,,,
6255,2021,RIG,2021-12-31,-0.93,-0.93,20681000000,,7170000000,11205000000,20681000000,,,
6256,2020,RIG,2020-12-31,,,21804000000,,7807000000,11432000000,21804000000,,,
6257,2019,RIG,2019-12-31,-2.05,-2.05,24105000000,,9261000000,11862000000,24105000000,,,
6258,2018,RIG,2018-12-31,-0.48,-0.48,25665000000,,9978000000,13107000000,25665000000,,,
6259,2017,RIG,2017-12-31,0.23,0.23,22410000000,,7396000000,12707000000,22410000000,,,
6260,2016,RIG,2016-12-31,0.64,0.64,26889000000,,8464000000,15802000000,26889000000,,,
6261,2015,RIG,2015-12-31,-1.32,-1.32,26329000000,,8490000000,14498000000,26329000000,,,
6262,2014,RIG,2014-12-31,1.27,1.27,28413000000,,10092000000,13671000000,28413000000,,,
6263,2013,RIG,2013-12-31,3.87,3.87,18177000000,,1113000000,16691000000,18177000000,,,
6264,2012,RIG,2012-12-31,-0.62,-0.62,34255000000,,12459000000,15745000000,34255000000,,,
6265,2011,RIG,2011-12-31,-18.70,0.42,35088000000,,253000000,15701000000,35088000000,,,
6266,2025,RJF,2025-09-30,10.53,10.30,74000000,75726000000,3520000000,12503000000,88230000000,,2.00,
6267,2024,RJF,2024-09-30,9.94,9.70,136000000,71325000000,2040000000,11673000000,82992000000,,1.80,
6268,2023,RJF,2023-09-30,8.16,7.97,51000000,68173000000,2039000000,10214000000,78360000000,,1.68,
6269,2022,RJF,2022-09-30,7.16,6.98,59000000,71519000000,1000000,9458000000,80951000000,,1.36,
6270,2021,RJF,2021-09-30,6.81,6.63,66000000,53588000000,8000000,8245000000,61891000000,,1.04,
6271,2020,RJF,2020-09-30,5.94,5.83,39000000,40306000000,13000000,7114000000,47482000000,,1.48,
6272,2019,RJF,2019-09-30,7.32,7.17,145000000,32187000000,19000000,6581000000,38830000000,,1.36,
6273,2018,RJF,2018-09-30,5.89,5.75,37412924000,30960578000,1549636000,6368461000,37412924000,,1.10,
6274,2017,RJF,2017-09-30,4.43,4.33,34883456000,29190105000,1548839000,5581713000,34883456000,,0.88,
6275,2016,RJF,2016-09-30,3.72,3.65,31593733000,26443817000,1680587000,4914096000,31593733000,,0.80,
6276,2015,RJF,2015-09-30,3.51,3.43,26479684000,21693586000,1149222000,4522031000,26479684000,,0.72,
6277,2014,RJF,2014-09-30,3.41,3.32,23325652000,18892396000,1190836000,4141236000,23325652000,,0.64,
6278,2013,RJF,2013-09-30,2.64,2.58,23186122000,19187785000,,3662924000,23186122000,,0.56,
6279,2012,RJF,2012-09-30,2.22,2.20,21160265000,17479983000,,3268940000,21160265000,,0.52,
6280,2011,RJF,2011-09-30,2.20,2.19,18006995000,15095150000,,2587619000,18006995000,,0.52,
6281,2025,RL,2025-03-29,11.86,11.61,7047300000,4458800000,,1300000,7047300000,,3.30,
6282,2024,RL,2024-03-30,9.91,9.71,6602600000,4152300000,,1300000,6602600000,,3.00,
6283,2023,RL,2023-04-01,7.72,7.58,6789500000,4359000000,,1300000,6789500000,,3.00,
6284,2022,RL,2022-04-02,8.22,8.07,7724700000,5188700000,,1300000,7724700000,,2.75,
6285,2021,RL,2021-03-27,-1.65,-1.65,7887500000,5283100000,,1300000,7887500000,,0,
6286,2020,RL,2020-03-28,5.07,4.98,7279900000,4586800000,,1300000,7279900000,,2.75,
6287,2019,RL,2019-03-30,5.35,5.27,5942800000,2655600000,,3287200000,5942800000,,0.6875,
6288,2018,RL,2018-03-31,1.99,1.97,6143300000,2685900000,,3457400000,6143300000,,2.00,
6289,2017,RL,2017-04-01,-1.20,-1.20,5652000000,2352400000,,3299600000,5652000000,,2.00,
6290,2016,RL,2016-04-02,4.65,4.62,6213000000,2469000000,,3744000000,6213000000,,2.00,
6291,2015,RL,2015-03-28,7.96,7.88,6106000000,2215000000,,3891000000,6106000000,,0.50,
6292,2014,RL,2014-03-29,8.55,8.43,6090000000,2056000000,0,4034000000,6090000000,,1.70,
6293,2013,RL,2013-03-30,8.21,8.00,5418200000,1633600000,266600000,3784600000,5418200000,,1.60,
6294,2012,RL,2012-03-31,7.35,7.13,5416400000,1763900000,274400000,3652500000,5416400000,,0.80,
6295,2011,RL,2011-04-02,5.91,5.75,4981100000,1676400000,,3304700000,4981100000,,0.50,
6296,2025,RMD,2025-06-30,9.55,9.51,8174391000,2206532000,658392000,761000,8174391000,310880000,2.12,
6297,2024,RMD,2024-06-30,6.94,6.92,6872394000,2008351000,697313000,588000,6872394000,282320000,1.92,
6298,2023,RMD,2023-06-30,6.12,6.09,6751708000,2621805000,1431234000,588000,6751708000,258276000,1.76,
6299,2022,RMD,2022-06-30,5.34,5.30,5095853000,1735102000,765325000,586000,5095853000,245341000,1.68,
6300,2021,RMD,2021-06-30,3.27,3.24,4728125000,1842446000,643351000,,4728125000,226713000,1.56,
6301,2020,RMD,2020-06-30,4.31,4.27,4587376000,2090349000,1164133000,580000,4587376000,225093000,1.56,
6302,2019,RMD,2019-06-30,2.83,2.80,4107682000,2035489000,1258861000,2072193000,4107682000,211712000,1.48,
6303,2018,RMD,2018-06-30,2.21,2.19,3063923000,1004943000,269988000,2058980000,3063923000,199497000,1.40,
6304,2017,RMD,2017-06-30,2.42,2.40,3468487000,1508221000,,1960266000,3468487000,186346000,1.32,
6305,2016,RMD,2016-06-30,2.51,2.49,3258935000,1564104000,,1694831000,3258935000,168130000,1.20,
6306,2015,RMD,2015-06-30,2.51,2.47,2184260000,596953000,300594000,1587307000,2184260000,157262000,1.12,
6307,2014,RMD,2014-06-30,2.44,2.39,2360962000,602714000,300788000,1758248000,2360962000,141518000,1.00,
6308,2013,RMD,2013-06-30,2.15,2.10,2210721000,600205000,300786000,,2210721000,97204000,0.68,
6309,2012,RMD,2012-06-30,1.75,1.71,2137869000,530242000,250835000,,2137869000,,,
6310,2011,RMD,2011-06-30,1.49,1.44,2068922000,338185000,100163000,,2068922000,,,
6311,2025,ROK,2025-09-30,7.69,7.67,3177000000,,250000000,3654000000,11219000000,591000000,5.24,
6312,2024,ROK,2024-09-30,8.32,8.28,2798100000,,300000000,3498300000,11232100000,571000000.0,5.00,
6313,2023,ROK,2023-09-30,12.03,11.95,2676200000,,,3561600000,11304000000,542400000,4.72,
6314,2022,ROK,2022-09-30,8.02,7.97,2070000000,,,2725600000,10758700000,519400000,4.48,
6315,2021,ROK,2021-09-30,11.69,11.58,2143300000,,,2389600000,10701600000,497100000,4.28,
6316,2020,ROK,2020-09-30,8.83,8.77,1793600000,,1974700000,1027800000,7264700000,472800000,4.08,
6317,2019,ROK,2019-09-30,5.88,5.83,1410500000,,2256900000,181400000,6113000000.0,459800000,3.88,
6318,2018,ROK,2018-09-30,1.79,1.77,6262000000,,1225200000,1617500000,6262000000,440800000,3.51,
6319,2017,ROK,2017-09-30,1.47,1.45,7161700000,,1493400000,2663600000,7161700000,390700000,3.04,
6320,2016,ROK,2016-09-30,1.29,1.28,7101200000,,,1990100000,7101200000,378200000,2.90,
6321,2015,ROK,2015-09-30,1.53,1.51,6404700000,,,2256800000,6404700000,350100000,2.60,
6322,2014,ROK,2014-09-30,5.98,5.91,6229500000,,,2658100000,6229500000,320500000,2.32,
6323,2013,ROK,2013-09-30,5.43,5.36,5844600000,,,2585500000,5844600000,276300000,1.98,
6324,2012,ROK,2012-09-30,5.20,5.13,5636500000,,,1851700000,5636500000,247400000,1.745,
6325,2011,ROK,2011-09-30,4.88,4.80,5284900000,,,1748000000,5284900000,211000000,1.475,
6326,2024,ROL,2024-12-31,0.96,0.96,2819695000,1489102000,,484372000,2819695000,,,
6327,2023,ROL,2023-12-31,0.89,0.89,2595460000,1439893000,,484080000,2595460000,,,
6328,2022,ROL,2022-12-31,0.75,0.75,2122028000,854831000,,492448000,2122028000,,,
6329,2021,ROL,2021-12-31,0.71,0.72,1980870000,898822000,,491911000,1980870000,,,
6330,2020,ROL,2020-12-31,0.53,0.53,1845900000,904540000,,491612000,1845900000,,0.08,
6331,2019,ROL,2019-12-31,0.62,0.62,1744376000,928626000,101500000,327431000,1744376000,,0.105,
6332,2018,ROL,2018-12-31,0.71,0.71,1094124000,382216000,,711908000,1094124000,,0.09,
6333,2017,ROL,2017-12-31,0.18,0.18,1033663000,379739000,,653924000,1033663000,,0.115,
6334,2016,ROL,2016-12-31,0.77,0.77,916538000,347993000,,568545000,916538000,,,
6335,2015,ROL,2015-12-31,0.70,0.70,852431000,328402000,,524029000,852431000,,,
6336,2014,ROL,2014-12-31,0.94,0.94,808162000,345486000,,462676000,808162000,,.12,
6337,2013,ROL,2013-12-31,0.84,0.84,739217000,300962000,,438255000,739217000,,.105,
6338,2012,ROL,2012-12-31,0.76,0.76,692506000,337550000,,146015000,692506000,,,
6339,2011,ROL,2011-12-31,0.13,0.13,645650000,321653000,,146251000,645650000,,,
6340,2024,ROP,2024-12-31,14.47,14.35,31334700000,12467100000,7623000000,1100000,31334700000,321900000,3.08,330700000
6341,2023,ROP,2023-12-31,12.98,12.89,28167500000,10722700000,6330100000,1100000,28167500000,290200000,2.80,298600000
6342,2022,ROP,2022-12-31,42.92,42.55,26980800000,10943000000,6661700000,1100000,26980800000,262300000,2.54,269600000
6343,2021,ROP,2021-12-31,10.95,10.82,23713900000,12150100000,7921800000,1100000,23713900000,236400000,2.31,243200000
6344,2020,ROP,2020-12-31,9.08,8.98,24024800000,13545000000.0,9566500000,1100000,24024800000,214100000,2.10,219800000
6345,2019,ROP,2019-12-31,17.02,16.82,18108900000,8617000000.0,5275300000,1100000,18108900000,191700000,1.9,197600000
6346,2018,ROP,2018-12-31,2.05,2.03,15249500000,7511000000,4941700000,7738500000,15249500000,170100000,1.70,175600000
6347,2017,ROP,2017-12-31,1.55,1.53,14316413000,7452849000,5155555000,6863564000,14316413000,142753000,1.4625,149603000
6348,2016,ROP,2016-12-31,6.50,6.43,14324927000,8536062000,6209536000,5788865000,14324927000,121130000,1.25,126773000
6349,2015,ROP,2015-12-31,6.92,6.85,10168365000,4869418000,3271222000,,10168365000,100334000,1.05,0
6350,2014,ROP,2014-12-31,6.47,6.40,8412934000,3657574000,2214123000,,8412934000,79859000,0.85,0
6351,2013,ROP,2013-12-31,5.43,5.37,8184981000,3971931000,2464852000,,8184981000,49092000,0.7,0
6352,2012,ROP,2012-12-31,4.95,4.86,7071104000,3383378000,400000000,,7071104000,69903000,0.40,0
6353,2011,ROP,2011-12-31,4.45,4.34,5319417000,2124321000,,,5319417000,42090000,,-44986000
6354,2025,ROST,2025-02-01,6.36,6.32,14905332000,,0,3288000,14905332000,,1.470,
6355,2024,ROST,2024-02-03,5.59,5.56,14300109000,,249713000,3352000,14300109000,,1.340,
6356,2023,ROST,2023-01-28,4.40,4.38,13416463000,,249257000,3428000,13416463000,,1.240,
6357,2022,ROST,2022-01-29,4.90,4.87,13640256000,,0,3517000,13640256000,,1.140,
6358,2021,ROST,2021-01-30,0.24,0.24,12717867000,,64910000,3565000,12717867000,,0.285,
6359,2020,ROST,2020-02-01,4.63,4.60,9348367000,,64963000,3568000,9348367000,,1.02,
6360,2019,ROST,2019-02-02,1.21,1.20,6073691000,,312440000,3305746000,6073691000,,0.2550,
6361,2018,ROST,2018-02-03,1.20,1.19,5722051000,,396967000,3049308000,5722051000,,0.2250,
6362,2017,ROST,2017-01-28,0.77,0.77,5309351000,,,2748017000,5309351000,,0.1600,
6363,2016,ROST,2016-01-30,0.66,0.66,4869119000,,,2471991000,4869119000,,0.135,
6364,2015,ROST,2015-01-31,1.21,1.20,4703134000,,,2279210000,4703134000,,0.235,
6365,2014,ROST,2014-02-01,3.93,3.88,3896797000,,,2007302000,3896797000,,0.51,
6366,2013,ROST,2013-02-02,3.59,3.53,3670561000,,,1766863000,3670561000,,0.59,
6367,2012,ROST,2012-01-28,2.91,2.86,3301209000,,,1493012000,3301209000,,0.470,
6368,2011,ROST,2011-01-29,4.71,4.63,3116204000,,,1332692000,3116204000,,0.7,
6369,2024,RRC,2024-12-31,1.1,1.09,7347675000,3411018000,1697883000,2674000,7347675000,,,
6370,2023,RRC,2023-12-31,3.61,3.57,7203885000,3438334000,1774229000,2658000,7203885000,,,
6371,2022,RRC,2022-12-31,4.79,4.69,6625562000,3749556000,1841960000,2629000,6625562000,,,
6372,2021,RRC,2021-12-31,1.65,1.61,6660507000,4574844000,2925787000,2598000,6660507000,,,
6373,2020,RRC,2020-12-31,-2.95,-2.95,6136936000,4499401000,3085607000,2335816000,6136936000,,,
6374,2019,RRC,2019-12-31,-6.92,-6.92,6612403000,4264915000,3172937000,2514000,6612403000,,0.02,
6375,2018,RRC,2018-12-31,-7.10,-7.10,9708154000,5648723000,3836861000,4059431000,9708154000,,0.02,
6376,2017,RRC,2017-12-31,1.34,1.34,11728841000,5954569000,4108806000,5774272000,11728841000,19839000,0.08,
6377,2016,RRC,2016-12-31,-2.75,-2.75,11282245000,5873877000,3773517000,5408368000,11282245000,16682000,0.08,
6378,2015,RRC,2015-12-31,-4.29,-4.29,6900031000,4140373000,,2759658000,6900031000,27083000,0.16,
6379,2014,RRC,2014-12-31,3.81,3.79,8746780000,5289351000,723000000,3457429000,8746780000,26610000,0.16,
6380,2013,RRC,2013-12-31,0.71,0.70,7299086000,4884634000,,2414452000,7299086000,26129000,0.16,
6381,2012,RRC,2012-12-31,0.08,0.08,6728735000,4371343000,,2357392000,6728735000,25981000,0.16,
6382,2011,RRC,2011-12-31,,,,,,,,,,
6383,2024,RSG,2024-12-31,6.50,6.49,129000000,,514000000,11405000000,32402000000,,2.23,
6384,2023,RSG,2023-12-31,5.47,5.47,13665100000,,297100000,10542300000,31410100000,,2.06,
6385,2022,RSG,2022-12-31,4.70,4.69,12494300000,,250000000.0,9686000000,29052900000,,1.91,
6386,2021,RSG,2021-12-31,4.05,4.04,12199200000,,0,8978900000,24955000000,,1.77,
6387,2020,RSG,2020-12-31,3.03,3.02,11760300000,,186000000.0,8483900000,23434000000.0,,1.66,
6388,2019,RSG,2019-12-31,3.34,3.33,11404000000.0,,184400000,8118200000,22683800000,,1.56,
6389,2018,RSG,2018-12-31,3.17,3.16,11011500000,,33400000,7927100000,21617000000.0,,1.44,
6390,2017,RSG,2017-12-31,3.79,0.55,21147000000,,113600000,7958800000,21147000000,,0.345,
6391,2016,RSG,2016-12-31,1.79,0.45,20629600000,,112900000,7691300000,20629600000,,0.32,
6392,2015,RSG,2015-12-31,2.14,0.49,20577200000,,125300000,7774100000,20577200000,,0.30,
6393,2014,RSG,2014-12-31,1.54,0.37,20094000000,,7061200000,7745300000,20094000000,,0.28,
6394,2013,RSG,2013-12-31,1.63,1.62,19949200000,,1087700000,7903500000,19949200000,,0.99,
6395,2012,RSG,2012-12-31,1.56,1.55,19616900000,,87200000,7703300000,19616900000,,0.91,
6396,2011,RSG,2011-12-31,1.57,0.41,19551500000,,7092200000,7681300000,19551500000,,0.84,
6397,2024,RTX,2024-12-31,3.58,3.55,11375000000,100903000000,41078000000,60156000000,162861000000,,2.480,3217000000
6398,2023,RTX,2023-12-31,2.24,2.23,10169000000,100424000000,43638000000,59798000000,161869000000,,2.320,3239000000
6399,2022,RTX,2022-12-31,3.52,3.50,8388000000,84650000000,31289000000,72632000000,158864000000,,2.160,3128000000
6400,2021,RTX,2021-12-31,2.57,2.56,7906000000,86705000000,31351000000,73068000000,161404000000,,2.005,2957000000
6401,2020,RTX,2020-12-31,-2.59,-2.59,1900000000,88269000000,31576000000,72163000000,162153000000,,2.16,2732000000
6402,2019,RTX,2019-12-31,6.48,6.41,9973000000,,41284000000,41774000000,139716000000,,2.94,2442000000
6403,2018,RTX,2018-12-31,1.64,1.62,134211000000,93492000000,44068000000,38446000000,134211000000,,2.84,2170000000
6404,2017,RTX,2017-12-31,1.75,1.73,96920000000,65368000000,27093000000,29610000000,96920000000,,0.66,2074000000
6405,2016,RTX,2016-12-31,1.43,1.42,89706000000,60241000000,23300000000,27579000000,89706000000,,0.64,2069000000
6406,2015,RTX,2015-12-31,1.60,1.58,87484000000,58518000000,19499000000,27358000000,87484000000,,0.640,2184000000
6407,2014,RTX,2014-12-31,1.35,1.32,91289000000,58585000000,19668000000,31213000000,91289000000,,0.590,2048000000
6408,2013,RTX,2013-12-31,6.35,6.25,90594000000,57264000000,19853000000,31866000000,90594000000,,2.195,1908000000
6409,2012,RTX,2012-12-31,5.73,5.66,89409000000,62102000000,,25914000000,89409000000,,2.030,1752000000
6410,2011,RTX,2011-12-31,5.58,5.49,61452000000,38274000000,9630000000,21880000000,61452000000,,1.865,1602000000
6411,2024,RVTY,2024-12-29,2.21,2.20,12392478000,4725604000,1208000,120646000,12392478000,,0.07,
6412,2023,RVTY,2023-12-31,5.56,5.55,8401851000,5691926000,1966000,126300000,13564665000,,0.07,
6413,2023,RVTY,2023-01-01,1.01,1.01,8330045000,6746979000,768240000,126300000,14129855000,,0.07,
6414,2022,RVTY,2022-01-02,8.12,8.08,10177834000,7859309000,499328000,126241000,15000554000,,0.07,
6415,2021,RVTY,2021-01-03,3.40,3.38,3600860000,4224823000,366205000,112090000,7960315000,,0.07,
6416,2019,RVTY,2019-12-29,0.32,0.32,3082917000,3724740000,334176000,111140000,6538564000,,0.07,
6417,2018,RVTY,2018-12-30,0.24,0.23,5975522000,3390567000,1891480000,2584955000,5975522000,,0.07,
6418,2017,RVTY,2017-12-31,0.59,0.59,4276683000,2123113000,517800000,2153570000,4276683000,,0.07,
6419,2017,RVTY,2017-01-01,0.59,0.59,4276683000,2123113000,1046426000,2153570000,4276683000,,0.07,
6420,2016,RVTY,2016-01-03,0.61,0.61,4166295000,2055854000,1012885000,2110441000,4166295000,,0.07,
6421,2014,RVTY,2014-12-28,0.30,0.30,4134075000,2091973000,1052967000,2042102000,4134075000,,0.07,
6422,2013,RVTY,2013-12-29,1.49,1.47,3946712000,1952225000,497432000,1994487000,3946712000,,0.07,
6423,2012,RVTY,2012-12-30,0.61,0.61,3855641000,1961950000,150000000,1842216000,3901762000,,0.07,
6424,2012,RVTY,2012-01-01,0.07,0.07,3834198000,1991982000,150000000,1842216000,3834198000,,0.07,
6425,2011,RVTY,2011-01-02,3.28,3.25,3209373000,1283555000,,1925818000,3209373000,,,
6426,2025,S,2025-01-31,-0.92,-0.92,2406625000,737378000,,32000,2406625000,,,
6427,2024,S,2024-01-31,-1.15,-1.15,2321407000,727364000,,30000,2321407000,,,
6428,2023,S,2023-01-31,-1.36,-1.36,2258913000,602208000,,29000,2258913000,,,
6429,2022,S,2022-01-31,-1.56,-1.56,2042181000,391393000,,27000,2042181000,,,
6430,2024,SBAC,2024-12-31,6.96,6.94,6206748000,,2260217000,1076000,11417336000,424191000,,
6431,2023,SBAC,2023-12-31,4.64,4.61,5876648000,,180000000,1080000,10178441000,369960000,,
6432,2022,SBAC,2022-12-31,4.27,4.22,6308204000,,720000000,1080000,10585041000,306766000,,
6433,2021,SBAC,2021-12-31,2.17,2.14,6628156000,,350000000,1089000,9801699000,253580000,,
6434,2020,SBAC,2020-12-31,0.22,0.21,5893636000,,380000000,1098000,9158018000,207689000,,
6435,2019,SBAC,2019-12-31,1.30,1.28,6157511000,,743580000,1118000,9759941000,83387000,,
6436,2018,SBAC,2018-12-31,0.27,0.27,7213707000,,9938553000,-3376823000,7213707000,,,
6437,2017,SBAC,2017-12-31,0.31,0.31,7320205000,,9310686000,-2599114000,7320205000,,,
6438,2016,SBAC,2016-12-31,0.43,0.43,7360945000,,8775583000,-1995921000,7360945000,,,
6439,2015,SBAC,2015-12-31,-0.61,-0.61,7403215000,,8542305000,-1706144000,7403215000,,,
6440,2014,SBAC,2014-12-31,,,7841125000,,7860799000,-660800000,7841125000,,,
6441,2013,SBAC,2013-12-31,-0.18,-0.18,6783188000,,3170000000,356966000,6783188000,,,
6442,2012,SBAC,2012-12-31,,,6595617000,,5356103000,652991000,6595617000,,,
6443,2011,SBAC,2011-12-31,,,3606399000,,3354485000,-11313000,3606399000,,,
6444,2025,SBUX,2025-09-28,1.63,1.63,32019700000,40108900000,16074800000,-8096600000,32019700000,2771400000,2.45,
6445,2024,SBUX,2024-09-29,3.32,3.31,31339300000,38780900000,15568400000,-7448900000,31339300000,2585000000,2.32,
6446,2023,SBUX,2023-10-01,3.60,3.58,29445500000,37433300000,15366200000,-7994800000,29445500000,2431800000,2.16,
6447,2022,SBUX,2022-10-02,2.85,2.83,10029900000,36677100000,14868900000,-8706600000,27978400000,2263300000,2.00,
6448,2021,SBUX,2021-10-03,3.57,3.54,10571800000,36707100000,14615800000,-5321200000,31392600000,2119000000,2.29,
6449,2020,SBUX,2020-09-27,0.79,0.79,10717400000,37173900000,15909500000,-7805100000,29374500000,1923500000,1.23,
6450,2019,SBUX,2019-09-29,2.95,2.92,4446700000,25450600000,11167000000.0,-6232200000,19219600000,1761300000,1.490,
6451,2018,SBUX,2018-09-30,3.27,0.47,24156400000,22980600000,9440100000,1169500000,24156400000,1743400000,1.320,
6452,2017,SBUX,2017-10-01,1.99,0.51,14365600000,8908600000,3932600000,5450100000,14365600000,1450400000,0.000,
6453,2016,SBUX,2016-10-02,1.91,0.39,14329500000,8438800000,3602200000,5884000000,14329500000,1178000000,0.850,
6454,2015,SBUX,2015-09-27,1.84,0.33,12446100000,6626300000,2347500000,5818000000,12446100000,928600000,0.680,
6455,2014,SBUX,2014-09-28,2.75,2.71,10752900000,5479200000,2048300000,5272000000,10752900000,783100000,1.10,
6456,2013,SBUX,2013-09-29,0.01,0.01,11516700000,7034400000,,4480200000,11516700000,628900000,0.89,
6457,2012,SBUX,2012-09-30,1.83,1.79,8219200000,3104700000,,5109000000,8219200000,513000000,0.72,
6458,2011,SBUX,2011-10-02,1.66,1.62,7360400000,2973100000,,4384900000,7360400000,389500000,0.56,
6459,2024,SCHW,2024-12-31,3.00,2.99,479843000000,431468000000,22212000000,9191000000,479843000000,2275000000,1.00,
6460,2023,SCHW,2023-12-31,2.55,2.54,493178000000,452220000000,25822000000,9191000000,493178000000,2276000000,1.00,
6461,2022,SCHW,2022-12-31,3.52,3.50,551772000000,515164000000,20535000000,9706000000,551772000000,2110000000,0.84,
6462,2021,SCHW,2021-12-31,2.84,2.83,667270000000,611009000000,18914000000,9954000000,667270000000,1822000000,0.72,
6463,2020,SCHW,2020-12-31,2.13,2.12,549009000000,492949000000,13632000000,7733000000,549009000000,1280000000,0.72,
6464,2019,SCHW,2019-12-31,2.69,2.67,14300000000,272260000000,7430000000,2793000000,294005000000,1060000000,0.68,
6465,2018,SCHW,2018-12-31,0.55,0.55,296482000000,275812000000,,20670000000,296482000000,787000000,0.1,
6466,2017,SCHW,2017-12-31,0.39,0.39,243274000000,224749000000,,18525000000,243274000000,592000000,0.08,
6467,2016,SCHW,2016-12-31,0.30,0.29,223383000000,206962000000,,16421000000,223383000000,486000000,0.06,
6468,2015,SCHW,2015-12-31,0.22,0.22,183718000000,170316000000,,13402000000,183718000000,387000000,0.06,
6469,2014,SCHW,2014-12-31,0.24,0.24,154642000000,142839000000,,11803000000,154642000000,373000000,0.06,
6470,2013,SCHW,2013-12-31,0.15,0.15,143642000000,133261000000,,10381000000,143642000000,368000000,0.06,
6471,2012,SCHW,2012-12-31,0.69,0.69,133637000000,124048000000,1632000000,9589000000,133637000000,337000000,0.06,
6472,2011,SCHW,2011-12-31,0.70,0.70,108553000000,100839000000,2001000000,7714000000,108553000000,295000000,0.06,
6473,2024,SEDG,2024-12-31,-31.64,-31.64,2630195000,,,6000,2630195000,,,
6474,2023,SEDG,2023-12-31,0.61,0.6,4587731000,,,6000,4587731000,,,
6475,2022,SEDG,2022-12-31,1.7,1.65,4265949000,,,6000,4265949000,,,
6476,2021,SEDG,2021-12-31,3.24,3.06,2892060000,,,1310039000,2892060000,,,
6477,2020,SEDG,2020-12-31,2.79,2.66,2437109000,,,5000,2437109000,,,
6478,2019,SEDG,2019-12-31,3.06,2.90,1494624000,,,5000,1494624000,,,
6479,2018,SEDG,2018-12-31,2.85,2.69,964472000,,,562408000,964472000,,,
6480,2017,SEDG,2017-12-31,1.99,1.85,641305000,,,397467000,641305000,,,
6481,2016,SEDG,2016-06-30,1.92,1.73,397438000,,,256108000,397438000,,,
6482,2015,SEDG,2015-06-30,0.30,0.27,305658000,,,166944000,305658000,,,
6483,2024,SEE,2024-12-31,1.82,1.81,7022100000,6397600000,4301300000,624500000,7022100000,,0.80,117800000
6484,2023,SEE,2023-12-31,2.37,2.36,7200600000,6651100000,4593400000,549500000,7200600000,,0.80,
6485,2022,SEE,2022-12-31,3.37,3.33,6214700000,5870600000,3695300000,344100000,6214700000,,0.80,
6486,2021,SEE,2021-12-31,3.36,3.32,6229300000,5980600000,3730900000,248700000,6229300000,,0.76,
6487,2020,SEE,2020-12-31,3.24,3.22,6083800000,5911300000,3780100000,172500000,6083800000,,0.64,
6488,2019,SEE,2019-12-31,1.70,1.69,5765200000,5961400000,3747600000,-196200000,5765200000,,0.64,
6489,2018,SEE,2018-12-31,-1.21,-1.21,5050200000,5398800000,3265700000,-348600000,5050200000,,0.64,
6490,2017,SEE,2017-12-31,-0.22,-0.22,5280300000,5128000000,3262300000,152300000,5280300000,,0.64,
6491,2016,SEE,2016-12-31,2.49,2.46,7389100000,6779400000,4303200000,609700000,7389100000,,0.61,
6492,2015,SEE,2015-12-31,1.63,1.62,7426000000,6898900000,400000,527100000,7426000000,,0.52,
6493,2014,SEE,2014-12-31,1.22,1.20,8041700000,6878900000,4295700000,1162800000,8041700000,,,
6494,2013,SEE,2013-12-31,0.64,0.58,9134200000,7743700000,4346700000,1389100000,9134200000,,0.13,
6495,2012,SEE,2012-12-31,-7.31,-7.31,9437200000,7992900000,4591200000,1443800000,9437200000,,0.13,
6496,2011,SEE,2011-12-31,0.89,0.80,11496700000,8544300000,5084000000,2957500000,11496700000,,,
6497,2024,SHW,2024-12-31,10.68,10.55,23632600000,,1495700000,92500000,23632600000,723400000,,
6498,2023,SHW,2023-12-31,9.35,9.25,22954400000,,1493900000,91800000,22954400000,623700000,,
6499,2022,SHW,2022-12-31,7.83,7.72,22594000000,,1492100000,91200000,22594000000,618500000,,
6500,2021,SHW,2021-12-31,7.10,6.98,20666700000,,1490400000,90800000,20666700000,587100000,,
6501,2020,SHW,2020-12-31,22.45,22.08,198200000,216300000,1488600000,89900000,20401600000,488000000.0,,
6502,2019,SHW,2019-12-31,16.79,16.49,20496200000,,1486800000,119400000,20496200000,420800000,,
6503,2018,SHW,2018-12-31,2.68,2.62,19134000000,,,3730745000,19134279000,322934000,,
6504,2017,SHW,2017-12-31,2.58,2.53,19958000000,,,3692188000,19958427000,319029000,,
6505,2016,SHW,2016-12-31,1.80,1.75,6752521000,,,1878441000,6752521000,312082000,,
6506,2015,SHW,2015-12-31,1.41,1.38,5791855000,,,867910000,5791855000,249647000,,
6507,2014,SHW,2014-12-31,1.16,1.14,5706052000,,,996470000,5706052000,215263000,,
6508,2013,SHW,2013-12-31,7.41,7.26,6382507000,,,,6382507000,204978000,2.00,
6509,2012,SHW,2012-12-31,6.15,6.02,6234737000,,,,6234737000,160939000,1.56,
6510,2011,SHW,2011-12-31,4.22,4.14,5229252000,,,,5229252000,153512000,1.46,
6511,2025,SIG,2025-02-01,-0.81,-0.81,5045800000,3874800000,0,12600000,5726600000,,,50900000
6512,2024,SIG,2024-02-03,17.28,15.01,5913000000,3991200000,0,12600000,6813200000,,,41100000
6513,2023,SIG,2023-01-28,7.34,6.64,5901500000,4388000000,0,12600000,6620400000,,,36700000
6514,2022,SIG,2022-01-29,14.01,12.22,5540100000,4359000000,,12600000,6575100000,,,28000000.0
6515,2021,SIG,2021-01-30,-0.94,-0.94,5101900000,4346300000,,12600000,6178900000,,,
6516,2020,SIG,2020-02-01,1.40,1.40,5240200000,271400000,147500000,12600000,2111000000.0,,0.37,77400000
6517,2019,SIG,2019-02-02,-2.25,-2.25,4420100000,2603200000,,1201600000,4420100000,,0.37,79400000
6518,2018,SIG,2018-02-03,5.70,5.24,5839600000,2726200000,,2499800000,5839600000,,0.37,77500000
6519,2017,SIG,2017-01-28,4.17,3.92,6597800000,3495700000,,2490200000,6597800000,,0.31,75900000
6520,2016,SIG,2016-01-30,5.89,5.87,6474400000,3413700000,,3060700000,6474400000,,0.26,70200000
6521,2015,SIG,2015-01-31,4.77,4.75,6327600000,3517200000,,2810400000,6327600000,,0.22,57700000
6522,2014,SIG,2014-02-01,4.59,4.56,4029200000,1466100000,,2563100000,4029200000,,0.60,48200000
6523,2013,SIG,2013-02-02,4.37,4.35,3715800000,1385900000,,2329900000,3715800000,,0.48,39500000
6524,2012,SIG,2012-01-28,3.76,3.73,3611400000,1332300000,,2279100000,3611400000,17400000,,17400000
6525,2011,SIG,2011-01-29,2.34,2.32,3089800000,1150800000,,1939000000,3089800000,,,
6526,2025,SJM,2025-04-30,-11.57,-11.57,4927800000,11480700000,7036800000,26600000,17563300000,,4.32,
6527,2024,SJM,2024-04-30,7.14,7.13,4826300000,12579800000,7773000000,26500000,20273700000,,4.24,
6528,2023,SJM,2023-04-30,-0.86,-0.86,4994300000,7700600000,4314200000,26100000,14991400000,,4.08,
6529,2022,SJM,2022-04-30,5.84,5.84,7167400000,7914900000,4310600000,26600000,16055000000,,3.96,
6530,2021,SJM,2021-04-30,7.79,7.79,7480800000,8159400000,4669700000,27100000,16284200000,,3.60,
6531,2020,SJM,2020-04-30,6.84,6.84,7731400000,8779500000,5373300000,29000000.0,16970400000,,3.52,
6532,2019,SJM,2019-04-30,1.07,1.07,16711300000,8740800000,5484800000,7970500000,16711300000,,0.85,
6533,2018,SJM,2018-04-30,11.79,11.78,15301200000,7410100000,4688000000,7891100000,15301200000,,3.12,
6534,2017,SJM,2017-04-30,5.11,5.10,15639700000,8789500000,4944500000,6850200000,15639700000,,3.00,
6535,2016,SJM,2016-04-30,5.77,5.76,15984100000,8975600000,5146000000,7008500000,15984100000,,2.68,
6536,2015,SJM,2015-04-30,3.33,3.33,16882600000,9795700000,6011300000,-109800000,16882600000,,2.56,
6537,2014,SJM,2014-04-30,5.42,5.42,8650500000,-2803000000,1979800000,-11327300000,-14130300000,,2.32,
6538,2013,SJM,2013-04-30,5.00,5.00,329900000,0,2017800000,-76600000,9031800000,,2.08,
6539,2012,SJM,2012-04-30,4.06,4.06,9115226000,,2070543000,5163386000,9115226000,,1.92,
6540,2011,SJM,2011-04-30,4.06,4.05,8324585000,,1304039000,5292363000,8324585000,,1.68,
6541,2025,SLB,2025-12-31,2.38,2.35,925000000,27577000000,0,26109000000,54868000000,1602000000,1.14,
6542,2024,SLB,2024-12-31,3.14,3.11,3117000000,26585000000,0,21130000000,48935000000,1533000000,1.1,
6543,2023,SLB,2023-12-31,2.95,2.91,3089000000,26598000000,0,20189000000,47957000000,1317000000,1,
6544,2022,SLB,2022-12-31,2.43,2.39,3132000000,25146000000,0,17685000000,43135000000,848000000,0.65,
6545,2021,SLB,2021-12-31,1.34,1.32,3134000000,26225000000,0,15004000000,41511000000,699000000,0.50,
6546,2020,SLB,2020-12-31,-7.57,-7.57,3595000000,29945000000,400000000,12071000000,42434000000,1734000000,0.875,
6547,2019,SLB,2019-12-31,-7.32,-7.32,3909000000,32136000000,2200000000,23760000000,56312000000,2769000000,2.00,
6548,2018,SLB,2018-12-31,1.54,1.53,70507000000,33921000000,2400000000,36162000000,70507000000,2770000000,2.00,
6549,2017,SLB,2017-12-31,-1.08,-1.08,71987000000,34726000000,3000000000,36842000000,71987000000,2778000000,2.00,
6550,2016,SLB,2016-12-31,-1.24,-1.24,77956000000,36427000000,2600000000,41078000000,77956000000,2647000000,2.00,
6551,2015,SLB,2015-12-31,1.63,1.63,68005000000,32100000000,2400000000,35633000000,68005000000,2419000000,2.00,
6552,2014,SLB,2014-12-31,4.20,4.16,66904000000,28855000000,1500000000,37850000000,66904000000,1968000000,1.60,
6553,2013,SLB,2013-12-31,5.09,5.05,67100000000,27465000000,,39469000000,67100000000,1608000000,1.25,
6554,2012,SLB,2012-12-31,4.13,4.10,61547000000,26689000000,,34751000000,61547000000,1432000000,1.10,
6555,2011,SLB,2011-12-31,3.70,3.67,55201000000,23809000000,900000000,31263000000,55201000000,1300000000,1.00,
6556,2024,SLG,2024-12-31,0.08,0.08,10470099000,5915143000,316200000,3951300000,10470099000,218823000,3.0075,196979000
6557,2023,SLG,2023-12-31,-9.12,-9.12,9531181000,5270704000,554800000,3786315000,9531181000,230931000,3.2288,207694000
6558,2022,SLG,2022-12-31,-1.49,-1.49,12355794000,7260936000,3227563000,4585033000,12355794000,262136000,3.6896,235395000
6559,2021,SLG,2021-12-31,6.57,6.50,11066629000,5748049000,1394386000,4764876000,11066629000,271075000,6.2729,410373000
6560,2020,SLG,2020-12-31,4.88,4.87,11707567000,6211341000,1979972000,4909763000,11707567000,293996000,4.7908,341945000
6561,2019,SLG,2019-12-31,0.21,0.21,12766320000,6555975000,2183253000,5441315000,12766320000,306386000,3.435,279377000
6562,2018,SLG,2018-12-31,1.12,1.12,12751358000,6115271000,1961240000,5901521000,12751358000,313230000,3.2875,282188000
6563,2017,SLG,2017-12-31,0.11,0.11,13982904000,6629761000,2837282000,6225093000,13982904000,333543000,3.14,305059000
6564,2016,SLG,2016-12-31,0.23,0.23,15857787000,7330984000,6568712000,7324475000,15857787000,314079000,2.94,295377000
6565,2015,SLG,2015-12-31,0.44,0.44,19857941000,11431902000,10458818000,7287465000,19857941000,257378000,2.52,250963000
6566,2014,SLG,2014-12-31,1.54,1.53,17096587000,9096732000,8468974000,6937374000,17096587000,206974000,2.10,201411000
6567,2013,SLG,2013-12-31,1.10,1.10,14959001000,7627099000,220000000,6525405000,14959001000,148407000,1.49,138684000
6568,2012,SLG,2012-12-31,1.75,1.74,14387754000,7218194000,-1334956000,6419802000,14387754000,121238000,1.08,98160000
6569,2011,SLG,2011-12-31,7.37,7.33,13483852000,6833513000,-6094496000,5975547000,13483852000,63866000,0.55,46649000
6570,2024,SLM,2024-12-31,2.73,2.68,30072110000,27912190000,995420000,,30072110000,18296000,0.46,
6571,2023,SLM,2023-12-31,2.44,2.41,29169468000,27288671000,992200000,,29169468000,17705000,0.44,
6572,2022,SLM,2022-12-31,1.78,1.76,28811029000,27084059000,988986000,,28811029000,9029000,0.44,
6573,2021,SLM,2021-12-31,3.67,3.61,29221899000,27072188000,986138000,,29221899000,4736000,0.20,
6574,2020,SLM,2020-12-31,2.27,2.25,30770423000,28207588000,692879000,,30770423000,9734000,0.12,
6575,2019,SLM,2019-12-31,1.31,1.30,32686479000,29374643000,198159000,,32686479000,16837000,0.12,
6576,2018,SLM,2018-12-31,0.28,0.28,26638173000,23665517000,4284304000,,26638173000,15640000,,0
6577,2017,SLM,2017-12-31,0.21,0.20,21779584000,19305328000,3275270000,,21779584000,15714000,,0
6578,2016,SLM,2016-12-31,0.14,0.14,18533003000,16185945000,2167979000,,18533003000,21204000,,0
6579,2015,SLM,2015-12-31,0.10,0.10,15214098000,13117775000,579101000,2096323000,15214098000,19595000,,0
6580,2014,SLM,2014-12-31,0.11,0.11,12972243000,11142285000,,1829958000,12972243000,12933000,,0
6581,2013,SLM,2013-12-31,3.18,3.12,3820000000,3680000000,136648000000,5637000000,159543000000,,0.60,
6582,2012,SLM,2012-12-31,1.93,1.90,181260000000,176194000000,152401000000,5060000000,181260000000,,0.50,
6583,2011,SLM,2011-12-31,0.32,0.32,193345000000,188094000000,154393000000,5243000000,193345000000,,0.30,
6584,2025,SMCI,2025-06-30,1.77,1.68,14018429000,7716558000,11399000,6301693000,14018429000,,,
6585,2024,SMCI,2024-06-30,2.07,1.92,9826092000,4408722000,17918000,5417206000,9826092000,,,
6586,2023,SMCI,2023-06-30,12.09,11.43,3674729000,1702559000,120179000,1972005000,3674729000,,,
6587,2022,SMCI,2022-06-30,5.54,5.32,3205077000,1779330000,147618000,1425575000,3205077000,,,
6588,2021,SMCI,2021-06-30,2.19,2.09,2241964000,1145566000,34700000,1096225000,2241964000,,,
6589,2020,SMCI,2020-06-30,1.65,1.60,1918646000,852939000,5697000,1065540000,1918646000,,,
6590,2019,SMCI,2019-06-30,0.21,0.21,1682594000,741418000,,941015000,1682594000,,,
6591,2017,SMCI,2017-06-30,0.32,0.30,1515130000,741284000,40000000,773676000,1515130000,,,
6592,2016,SMCI,2016-06-30,0.35,0.32,1165600000,444221000,62199000,721195000,1165600000,,,
6593,2015,SMCI,2015-06-30,0.49,0.44,1089809000,470724000,3733000,618921000,1089809000,,,
6594,2014,SMCI,2014-06-30,1.24,1.16,796325000,327094000,46287000,469056000,796325000,,,
6595,2013,SMCI,2013-06-30,0.50,0.48,632257000,258533000,35171000,373543000,632257000,,,
6596,2012,SMCI,2012-06-30,0.72,0.67,589103000,250752000,32757000,338351000,589103000,,,
6597,2011,SMCI,2011-06-30,,,,,,,,,,
6598,2024,SNA,2024-12-28,19.85,19.51,1230800000,2479800000,,5394100000,7896800000,406400000,7.72,
6599,2023,SNA,2023-12-30,19.11,18.76,1293700000,2451500000,,5071300000,7544900000,355600000,6.72,
6600,2022,SNA,2022-12-31,17.14,16.82,1245800000,2469300000,,4481300000,6972800000,313100000,5.11,
6601,2022,SNA,2022-01-01,15.22,14.92,1209300000,2555900000,,4181900000,6759700000,275800000,5.11,
6602,2021,SNA,2021-01-02,3.85,3.82,1210400000,2710700000,,3824900000,6557300000,243300000,4.47,
6603,2019,SNA,2019-12-28,3.21,3.16,1138800000,2262700000,,3409100000,5693500000,216600000,3.93,
6604,2018,SNA,2018-12-29,2.87,2.82,5373100000,2254500000,,3098800000,5373100000,192000000,3.41,
6605,2017,SNA,2017-12-30,9.72,9.52,5249100000,2276800000,,2953900000,5249100000,169400000,2.95,
6606,2016,SNA,2016-12-31,8.24,8.10,4331100000,1900400000,,2412700000,4331100000,127900000,2.20,
6607,2016,SNA,2016-01-02,8.24,8.10,4486900000,2056200000,880100000,2412700000,4486900000,127900000,2.20,
6608,2015,SNA,2015-01-03,7.26,7.14,4310100000,2084800000,919300000,2207800000,4310100000,107600000,1.85,
6609,2013,SNA,2013-12-28,6.02,5.93,4110000000,1979600000,972000000,2113200000,4110000000,92000000,1.58,
6610,2012,SNA,2012-12-29,5.26,5.20,3902300000,2083300000,975600000,1802100000,3902300000,81500000,,
6611,2011,SNA,2011-12-31,3.22,3.19,3729400000,2325000000,1170800000,1388500000,3729400000,71300000,,
6612,2011,SNA,2011-01-01,3.22,3.19,3729400000,2325000000,,1388500000,3729400000,71300000,,
6613,2025,SNDK,2025-06-27,-11.32,-11.32,12985000000,3769000000,1849000000,1000000,12985000000,1500000000,,
6614,2025,SNPS,2025-10-31,8.13,8.04,48224461000,19897446000,13360844000,28327602000,48224461000,,,
6615,2024,SNPS,2024-10-31,14.78,14.51,13073561000,4050355000,,8990702000,13073561000,,,
6616,2023,SNPS,2023-10-31,8.08,7.92,10333131000,4148830000,,6147308000,10333131000,,,
6617,2022,SNPS,2022-10-31,6.44,6.29,9418087000,3858897000,,5515725000,9418087000,,,
6618,2021,SNPS,2021-10-31,4.96,4.81,8752260000,3453317000,,5295137000,8752260000,,,
6619,2020,SNPS,2020-10-31,4.40,4.27,8030062000,3117695000,102187000,4907404000,8030062000,,,
6620,2019,SNPS,2019-10-31,3.55,3.45,6405160000,2316284000,120000000,4083013000,6405160000,,,
6621,2018,SNPS,2018-10-31,2.90,2.82,6145974000,2660959000,134062000,3479152000,6145974000,,,
6622,2017,SNPS,2017-10-31,0.91,0.88,5396414000,2116690000,144000000,3275620000,5396414000,,,
6623,2016,SNPS,2016-10-31,0.39,0.39,5240365000,2045219000,,3195146000,5240365000,,,
6624,2015,SNPS,2015-10-31,0.42,0.41,5045739000,1911750000,,3133989000,5045739000,,,
6625,2014,SNPS,2014-10-31,1.67,1.64,4775499000,1719329000,,3056170000,4775499000,,,
6626,2013,SNPS,2013-10-31,1.62,1.58,4358935000,1570658000,,2788277000,4358935000,,,
6627,2012,SNPS,2012-10-31,1.24,1.21,4147656000,1603685000,,2501686000,4147656000,,,
6628,2011,SNPS,2011-10-31,1.51,1.47,3367334000,1266034000,,2101300000,3367334000,,,
6629,2024,SO,2024-12-31,4.02,3.99,36538000000,108506000000,,33208000000,145180000000,,,
6630,2023,SO,2023-12-31,3.64,3.62,35780000000,104106000000,,31444000000,139331000000,,,
6631,2022,SO,2022-12-31,3.28,3.26,34970000000,100359000000,,30408000000,134891000000,,,
6632,2021,SO,2021-12-31,2.26,2.24,32982000000,94967000000,,27874000000,127534000000,,,
6633,2020,SO,2020-12-31,2.95,2.93,30803000000,90410000000,270000000,27972000000,122935000000,,,
6634,2019,SO,2019-12-31,4.53,4.50,29152000000,86650000000,206000000,27505000000,118700000000,,,
6635,2018,SO,2018-12-31,0.93,0.92,116914000000,87584000000,159000000,24723000000,116914000000,,,
6636,2017,SO,2017-12-31,0.66,0.66,111005000000,85153000000,159000000,24167000000,111005000000,,,
6637,2016,SO,2016-12-31,0.53,0.53,109697000000,82803000000,2600000000,24758000000,109697000000,,,
6638,2015,SO,2015-12-31,0.56,0.56,78318000000,56175000000,2200000000,20592000000,78318000000,,,
6639,2014,SO,2014-12-31,0.39,0.39,70923000000,49583000000,1200000000,19949000000,70923000000,,,
6640,2013,SO,2013-12-31,1.88,1.87,64546000000,44407000000,153000000,19008000000,64546000000,,,
6641,2012,SO,2012-12-31,2.70,2.67,63149000000,43770000000,153000000,,63149000000,,,
6642,2011,SO,2011-12-31,0.50,2.55,59267000000,40607000000,,,59267000000,,,
6643,2024,SOLV,2024-12-31,2.77,2.76,14457000000,11498000000,979000000,2000000,14457000000,,,
6644,2024,SPG,2024-12-31,7.26,2.25,32405691000,28806239000,24264495000,2941925000,32405691000,,,
6645,2023,SPG,2023-12-31,6.98,1.38,34283495000,30595897000,26033423000,3022834000,34283495000,,,
6646,2022,SPG,2022-12-31,6.52,1.30,33011274000,29187383000,24960286000,3138524000,33011274000,,,
6647,2021,SPG,2021-12-31,6.84,1.36,33777379000,29376654000,25321022000,3361452000,33777379000,,,
6648,2020,SPG,2020-12-31,,,34786846000,31128608000,26723361000,3039472000,34786846000,,1.30,
6649,2019,SPG,2019-12-31,,,31231630000,28101319000,24163230000,2526398000,31231630000,,,
6650,2018,SPG,2018-12-31,,,30686223000,26659104000,23305535000,3296681000,30686223000,,,
6651,2017,SPG,2017-12-31,,,32257638000,27828394000,24632463000,3686168000,32257638000,,,
6652,2016,SPG,2016-12-31,,,31103578000,26005904000,-85500000,4310448000,31103578000,,,
6653,2015,SPG,2015-12-31,,,30650673000,25408767000,,4471464000,30650673000,,,
6654,2014,SPG,2014-12-31,,,29532330000,23555288000,,5093177000,29532330000,,,
6655,2013,SPG,2013-12-31,0.91,0.91,33324574000,26311457000,,5849406000,33324574000,,,
6656,2012,SPG,2012-12-31,2.18,2.18,11031088000,12704478000,,5910603000,11031088000,,,
6657,2011,SPG,2011-12-31,3.48,3.48,26216925000,20404692000,15575214000,4649666000,26216925000,,,
6658,2024,SPGI,2024-12-31,12.36,12.35,29478000000,22713000000,0,33159000000,60221000000,,3.64,1134000000
6659,2023,SPGI,2023-12-31,8.25,8.23,29674000000,22489000000,0,34200000000,60589000000,,3.60,
6660,2022,SPGI,2022-12-31,10.25,10.20,29852000000,22040000000,38000000,36388000000,61784000000,,3.32,
6661,2021,SPGI,2021-12-31,12.56,12.51,1248000000,9490000000,696000000,2032000000,15026000000,,3.08,
6662,2020,SPGI,2020-12-31,9.71,9.66,1088000000,9185000000,0,509000000,12537000000,,2.68,
6663,2019,SPGI,2019-12-31,8.65,8.60,963000000,11687000000,0,3770000000,15457000000,,2.28,
6664,2018,SPGI,2018-12-31,1.94,1.93,9458000000,7154000000,0,628000000,9458000000,,2,
6665,2017,SPGI,2017-12-31,1.54,1.53,9425000000,7307000000,399000000,711000000,9425000000,,1.64,
6666,2016,SPGI,2016-12-31,1.11,1.10,8669000000,6888000000,398000000,650000000,8669000000,,1.44,
6667,2015,SPGI,2015-12-31,1.11,1.10,8183000000,7020000000,398000000,194000000,8183000000,,1.32,
6668,2014,SPGI,2014-12-31,0.91,0.89,6771000000,5422000000,400000000,488000000,6771000000,,1.20,
6669,2013,SPGI,2013-12-31,5.01,4.91,6061000000,3907000000,400000000,1301000000,6061000000,,1.12,
6670,2012,SPGI,2012-12-31,1.57,1.53,7052000000,5402000000,0,767000000,7052000000,,1.02,
6671,2011,SPGI,2011-12-31,0.39,0.39,6427000000,4843000000,1198000000,1508000000,6427000000,,1.00,
6672,2024,SRE,2024-12-31,4.44,4.42,1758000000,1080000000,26000000,31222000000,96155000000,,2.48,1570000000
6673,2023,SRE,2023-12-31,4.81,4.79,29185000000,1029000000,25000000,28675000000,87181000000,,2.38,1499000000
6674,2022,SRE,2022-12-31,6.65,6.62,26422000000,685000000,15000000,27115000000,78574000000,,4.58,1441000000
6675,2021,SRE,2021-12-31,4.03,4.01,24058000000,455000000,15000000,25981000000,72045000000,,4.40,1379000000
6676,2020,SRE,2020-12-31,12.93,12.88,22311000000,49000000,17000000,23373000000,66623000000,,4.18,1214000000
6677,2019,SRE,2019-12-31,7.40,7.29,20560000000,,-138000000,19929000000,65665000000,,3.87,1086000000
6678,2018,SRE,2018-12-31,3.45,3.42,19225000000,16000000,,17138000000,60638000000,,3.58,969000000
6679,2017,SRE,2017-12-31,1.76,1.75,50454000000,94000000,,12670000000,50454000000,,3.29,826000000
6680,2016,SRE,2016-12-31,1.41,1.40,47786000000,102000000,,12951000000,47786000000,,3.02,754000000
6681,2015,SRE,2015-12-31,5.43,5.37,41150000000,,,11809000000,41150000000,,2.8,50000000
6682,2014,SRE,2014-12-31,4.72,4.63,39732000000,,,11326000000,39732000000,,2.64,100000000
6683,2013,SRE,2013-12-31,4.10,4.01,37244000000,,,11008000000,37244000000,,2.52,615000000
6684,2012,SRE,2012-12-31,3.56,3.48,36499000000,,,10282000000,36499000000,,2.40,580000000
6685,2011,SRE,2011-12-31,,,,,,,,,,
6686,2025,STE,2025-03-31,6.24,6.20,10146811000,3531054000,1918701000,6603405000,10146811000,,2.23,
6687,2024,STE,2024-03-31,3.83,3.81,11063697000,4748351000,3120162000,6302164000,11063697000,,2.03,
6688,2023,STE,2023-03-31,1.07,1.07,6538270000,4734667000,3018655000,6077198000,10821839000,,1.84,
6689,2022,STE,2022-03-31,2.50,2.48,6604893000,4878957000,2945481000,6532356000,11423594000,,1.69,
6690,2021,STE,2021-03-31,4.66,4.63,3600182000,2683003000,1650540000,3880990000,6574471000,,1.57,
6691,2020,STE,2020-03-31,4.81,4.76,1809636000,2018858000,1150521000,3393876000,5425582000,,1.45,
6692,2019,STE,2019-03-31,3.59,3.56,5073071000,1887273000,1183227000,3177810000,5073071000,,1.33,
6693,2024,STI,2024-12-31,-0.26,-0.26,7955811,30857811,,13169,7955811,,,
6694,2023,STI,2023-12-31,-1.82,-1.82,71345291,75535798,,12,71345291,,,
6695,2022,STI,2022-12-31,0.05,0.05,128580035,5231826,,12,128580035,,,
6696,2024,STLD,2024-12-31,9.89,9.84,8776445000,5989987000,3231007000,8934287000,14935233000,,1.84,
6697,2023,STLD,2023-12-31,14.72,14.64,8650450000,6068893000,3071056000,8866666000,14908420000,,1.70,
6698,2022,STLD,2022-12-31,21.06,20.92,8607290000,6064179000,3070575000,8130357000,14159984000,,1.36,
6699,2021,STLD,2021-12-31,15.67,15.56,8686216000,6211063000,3105876000,6304641000,12531234000,,1.04,
6700,2020,STLD,2020-12-31,2.61,2.59,6288362000,4917336000,3102676000,4345164000,9265562000,,1.00,
6701,2019,STLD,2019-12-31,3.06,3.04,5171026000,4210910000,2734344000,4075834000,8275765000,,0.96,
6702,2018,STLD,2018-12-31,0.96,0.96,7703563000,3816334000,2376723000,3935071000,7703563000,,0.75,
6703,2017,STLD,2017-12-31,0.83,0.82,6855732000,3549424000,2381940000,3351574000,6855732000,,0.62,
6704,2016,STLD,2016-12-31,0.26,0.26,6423732000,3535033000,2356826000,2927020000,6423732000,,0.56,
6705,2015,STLD,2015-12-31,0.13,0.13,6202082000,3530631000,2594656000,2679727000,6202082000,,0.55,
6706,2014,STLD,2014-12-31,0.17,0.17,7311027000,4389160000,3024166000,2795527000,7311027000,,0.46,
6707,2013,STLD,2013-12-31,0.86,0.83,5933006000,563924000,247500000,2495855000,5933006000,,0.44,
6708,2012,STLD,2012-12-31,0.75,0.73,2485235000,525351000,261250000,2377842000,5033752000,,0.40,
6709,2011,STLD,2011-12-31,1.27,1.22,5979226000,495425000,2400000000,2299900000,5979226000,,0.400,
6710,2024,STT,2024-12-31,8.33,8.21,353240000000,327914000000,1285000000,2816000000,353240000000,1033000000,2.90,
6711,2023,STT,2023-12-31,5.65,5.58,297258000000,273459000000,1265000000,1976000000,297258000000,970000000,2.64,
6712,2022,STT,2022-12-31,7.28,7.19,301450000000,276259000000,1256000000,1976000000,301450000000,972000000,2.40,
6713,2021,STT,2021-12-31,7.30,7.19,314624000000,287261000000,1370000000,1976000000,314624000000,866000000,2.18,
6714,2020,STT,2020-12-31,6.40,6.32,314706000000,288506000000,1413000000,2471000000,314706000000,889000000,2.08,
6715,2019,STT,2019-12-31,5.43,5.38,245610000000,221179000000,1331000000,2962000000,245610000000,930000000,1.98,
6716,2018,STT,2018-12-31,6.48,6.40,244626000000,219836000000,499000000,24790000000,244626000000,828000000,1.78,
6717,2017,STT,2017-12-31,5.32,5.24,238425000000,216108000000,0,22317000000,238425000000,768000000,1.6,
6718,2016,STT,2016-12-31,5.03,4.97,242698000000,221479000000,450000000,21219000000,242698000000,723000000,1.44,
6719,2015,STT,2015-12-31,4.53,4.47,245192000000,224057000000,11534000000,21103000000,245192000000,655000000,1.32,
6720,2014,STT,2014-12-31,4.65,4.57,274119000000,252646000000,10042000000,21473000000,274119000000,539000000,1.16,
6721,2013,STT,2013-12-31,4.71,4.62,243291000000,222913000000,9699000000,20378000000,243291000000,486000000,1.04,
6722,2012,STT,2012-12-31,4.25,4.20,222582000000,201713000000,7429000000,20869000000,222582000000,463000000,0.96,
6723,2011,STT,2011-12-31,3.82,3.79,216827000000,197429000000,8131000000,19398000000,216827000000,295000000,0.72,
6724,2025,STX,2025-06-27,6.93,-0.47,8023000000,8476000000,4995000000,0,8023000000,,2.86,
6725,2024,STX,2024-06-28,1.60,-0.47,7739000000,9230000000,5674000000,0,7739000000,,2800000,
6726,2023,STX,2023-06-30,-2.56,-2.56,7556000000,8755000000,423000000,0,7556000000,,2.80,
6727,2022,STX,2022-07-01,7.50,7.36,8944000000,8835000000,5646000000,0,8944000000,,2.77,
6728,2021,STX,2021-07-02,5.43,5.36,8675000000,8044000000,5139000000,0,8675000000,,2.66,
6729,2020,STX,2020-07-03,3.83,0.51,8930000000,7143000000,4175000000,0,8930000000,,2.58,
6730,2019,STX,2019-06-28,7.13,7.06,8885000000,6723000000,4253000000,2162000000,8885000000,,0.63,
6731,2018,STX,2018-06-29,4.10,4.05,9410000000,7745000000,4819000000,1665000000,9410000000,,0.63,
6732,2017,STX,2017-06-30,2.61,2.58,9268000000,7904000000,,1364000000,9268000000,,0.63,
6733,2016,STX,2016-07-01,0.83,0.82,8252000000,6659000000,,1593000000,8252000000,,2.43,
6734,2015,STX,2015-07-03,5.38,5.26,9845000000,6827000000,,3018000000,9845000000,,2.05,
6735,2014,STX,2014-06-27,4.66,4.52,9492000000,6660000000,,2832000000,9492000000,,1.67,
6736,2013,STX,2013-06-28,4.97,4.81,9243000000,5737000000,6000000,3495000000,9243000000,,1.40,
6737,2012,STX,2012-06-29,6.72,6.49,10106000000,6609000000,,3497000000,10106000000,,0.86,
6738,2011,STX,2011-07-01,1.13,1.09,9225000000,6762000000,,2463000000,9225000000,,0.18,
6739,2025,STZ,2025-02-28,-0.45,-0.45,21652300000,14517500000,10691000000,6882000000,21652300000,,4.04,
6740,2024,STZ,2024-02-29,9.42,9.39,25691700000,15627100000,11637900000,9743100000,25691700000,,3.56,
6741,2023,STZ,2023-02-28,-0.11,-0.11,24662300000,15928400000,11296000000,8413600000,24662300000,,3.20,
6742,2022,STZ,2022-02-28,-0.22,-0.22,25855800000,13808000000,10093500000,11731900000,25855800000,,3.04,
6743,2021,STZ,2021-02-28,10.44,10.23,27104800000,13175700000,10442300000,13598900000,27104800000,,3.00,
6744,2020,STZ,2020-02-29,-0.07,-0.07,27323200000,14848900000,11945700000,12131800000,27323200000,,3.00,
6745,2019,STZ,2019-02-28,6.57,6.37,29231500000,16394300000,12825000000,12551000000,29231500000,,0.75,
6746,2018,STZ,2018-02-28,4.84,4.64,20538700000,12476000000,9439900000,8046100000,20538700000,,0.74,
6747,2017,STZ,2017-02-28,2.34,2.26,18602400000,11717600000,8631600000,6891200000,18602400000,,0.52,
6748,2016,STZ,2016-02-29,1.23,1.19,16965000000,10273200000,7672900000,6559600000,16965000000,,0.40,
6749,2015,STZ,2015-02-28,1.12,1.06,15144500000,9263200000,7295600000,5770700000,15144500000,,0.31,
6750,2014,STZ,2014-02-28,9.50,9.04,14302100000,,7140800000,4981300000,14302100000,,,
6751,2013,STZ,2013-02-28,2.15,2.04,7638100000,,3305400000,2860300000,7638100000,,,
6752,2012,STZ,2012-02-29,2.20,2.13,7109900000,,2751600000,2676000000,7109900000,,,
6753,2011,STZ,2011-02-28,2.44,2.4,7167600000,,,2551900000,7167600000,,,
6754,2024,SUN,2024-12-31,,,4502000000,10307000000,7484000000,,14375000000,,,
6755,2023,SUN,2023-12-31,,,5676000000,5848000000,3580000000,,6826000000,,,
6756,2022,SUN,2022-12-31,,,5727000000,5888000000,2671000000,,6830000000,,,
6757,2021,SUN,2021-12-31,,,4825000000,5004000000,2668000000,,5815000000,,,
6758,2020,SUN,2020-12-31,,,3417000000,4635000000,3106000000,,5267000000,,,
6759,2019,SUN,2019-12-31,,,547000000,4680000000,2898000000,,5438000000,,,
6760,2018,SUN,2018-12-31,,,4879000000,4095000000,2280000000,,4879000000,,,
6761,2017,SUN,2017-12-31,,,8344000000,6097000000,3519000000,,8344000000,,,
6762,2016,SUN,2016-12-31,,,8701000000,6505000000,3509000000,,8701000000,,,
6763,2015,SUN,2015-12-31,,,6247583000,3153168000,,,6247583000,,,
6764,2014,SUN,2014-12-31,,,415163000,1060749000,0,,2197481000,,,
6765,2013,SUN,2013-12-31,0.44,,390084000,310391000,186151000,,390084000,,,
6766,2012,SUN,2012-12-31,0.42,,355800000,277468000,184855000,,355800000,,,
6767,2024,SW,2024-12-31,0.83,0.82,29078000000,26372000000,13056000000,17360000000,43759000000,650000000,1.25,
6768,2024,SWK,2024-12-28,1.96,1.95,18135800000,,499900000,8719900000,21848900000,,3.26,
6769,2023,SWK,2023-12-30,-2.07,-2.07,18960800000,,498700000,9056100000,23663800000,,3.22,
6770,2022,SWK,2022-12-31,7.13,6.76,20202000000,,497700000,9712100000,24963300000,,2.98,
6771,2022,SWK,2022-01-01,10.55,10.16,19537900000,,497800000,11590500000,28180000000,,2.98,
6772,2021,SWK,2021-01-02,7.85,7.77,14294900000,,0,11059600000,23566300000,,2.78,
6773,2019,SWK,2019-12-28,6.44,6.35,13642400000,,406000000.0,9136300000,20596600000,,2.70,
6774,2018,SWK,2018-12-29,1.13,1.11,19408000000,,3822300000,7836200000,19408000000,,2.58,
6775,2017,SWK,2017-12-30,2.63,2.59,19079900000,,3826400000,8297100000,19079900000,,2.42,
6776,2016,SWK,2016-12-31,1.74,1.71,15127800000,,3797200000,5811600000,15127800000,,2.14,
6777,2016,SWK,2016-01-02,1.82,1.77,15172300000,,3841700000,5811600000,15172300000,,2.14,
6778,2015,SWK,2015-01-03,0.94,0.91,15849100000,,3845700000,6429100000,15849100000,,2.04,
6779,2013,SWK,2013-12-28,3.16,3.09,16535100000,,0,6799200000,16535100000,,0,
6780,2012,SWK,2012-12-29,5.41,5.30,15844000000,,799300000,6667100000,15844000000,,1.80,
6781,2011,SWK,2011-12-31,4.06,3.97,15949000000,,3452200000,7003600000,15949000000,,1.64,
6782,2011,SWK,2011-01-01,1.34,1.32,15139400000,,,7017000000,15139400000,,1.34,
6783,2025,SWKS,2025-10-03,3.09,3.08,7917000000,2159900000,496400000,37200000,7917000000,,0.70,
6784,2024,SWKS,2024-09-27,3.72,0.22,8283300000,1946600000,994300000,40000000.0,8283300000,,0.68,
6785,2023,SWKS,2023-09-29,6.17,6.13,8426700000,2344000000,497700000,39900000,8426700000,,0.68,
6786,2022,SWKS,2022-09-30,7.85,7.81,8873800000,3404800000,496800000,40000000.0,8873800000,,0.62,
6787,2021,SWKS,2021-10-01,9.07,8.97,8590700000,3293600000,2235600000,41300000,8590700000,,0.56,
6788,2020,SWKS,2020-10-02,4.84,4.80,5106700000,942500000,,41400000,5106700000,,0.50,
6789,2019,SWKS,2019-09-27,4.92,4.89,4839600000,717300000,,42500000,4839600000,,0.44,
6790,2018,SWKS,2018-09-28,1.51,1.50,4828900000,731900000,,4097000000,4828900000,,0.38,
6791,2017,SWKS,2017-09-29,1.22,1.20,4573600000,507900000,,4065700000,4573600000,,0.32,
6792,2016,SWKS,2016-09-30,1.87,1.82,3855400000,314000000,,3541400000,3855400000,,0.28,
6793,2015,SWKS,2015-10-02,1.03,1.01,3719400000,560200000,,3159200000,3719400000,,0.26,
6794,2014,SWKS,2014-10-03,2.44,2.38,2973800000,441400000,,2532400000,2973800000,,0.22,
6795,2013,SWKS,2013-09-27,1.48,1.45,2333100000,232000000,,2101100000,2333100000,,,
6796,2012,SWKS,2012-09-28,1.09,1.05,2136646000,231171000,,1905475000,2136646000,,,
6797,2011,SWKS,2011-09-30,1.24,1.19,1890389000,281294000,,1609095000,1890389000,,,
6798,2024,SYF,2024-12-31,8.64,8.55,119463000000,102883000000,15462000000,1222000000,119463000000,,1.00,
6799,2023,SYF,2023-12-31,5.21,5.19,117479000000,103576000000,15982000000,734000000,117479000000,,0.96,
6800,2022,SYF,2022-12-31,6.19,6.15,104564000000,91691000000,14191000000,734000000,104564000000,,0.90,
6801,2021,SYF,2021-12-31,7.40,7.34,95748000000,82093000000,14507000000,734000000,95748000000,,0.88,
6802,2020,SYF,2020-12-31,2.28,2.27,95948000000,83247000000,15775000000,734000000,95948000000,,0.88,
6803,2019,SYF,2019-12-31,5.59,5.56,104826000000,89738000000,19866000000,734000000,104826000000,,0.86,
6804,2018,SYF,2018-12-31,0.84,0.83,106792000000,92114000000,23996000000,14678000000,106792000000,,0.72,
6805,2017,SYF,2017-12-31,0.61,0.61,95808000000,81574000000,20799000000,14234000000,95808000000,,0.56,
6806,2016,SYF,2016-12-31,0.70,0.70,90207000000,76011000000,20147000000,14196000000,90207000000,,0.26,
6807,2015,SYF,2015-12-31,0.66,0.66,84135000000,71531000000,,12604000000,84135000000,,,
6808,2014,SYF,2014-12-31,0.79,0.79,75707000000,65229000000,,10478000000,75707000000,,,
6809,2024,SYK,2024-12-31,7.86,7.76,23115000000,22337000000,,,42971000000,1219000000,0.80,
6810,2023,SYK,2023-12-31,8.34,8.25,20514000000,21319000000,0,,39912000000,1139000000,0.75,
6811,2022,SYK,2022-12-31,6.23,6.17,18283000000,20268000000,850000000,,36884000000,1051000000,0.695,
6812,2021,SYK,2021-12-31,5.29,5.21,15218000000,19754000000,0,,34631000000,950000000,0.630,
6813,2020,SYK,2020-12-31,4.26,4.20,14910000000,21246000000,400000000,,34330000000,863000000,0.575,
6814,2019,SYK,2019-12-31,5.57,5.48,9085000000,17360000000,,,30167000000,778000000,0.52,
6815,2018,SYK,2018-12-31,1.18,1.16,27229000000,15499000000,,11730000000,27229000000,703000000,0.47,
6816,2017,SYK,2017-12-31,1.19,1.17,22197000000,12217000000,,9966000000,22197000000,636000000,0.425,
6817,2016,SYK,2016-12-31,1.08,1.07,20435000000,10885000000,,9550000000,20435000000,568000000,0.380,
6818,2015,SYK,2015-12-31,0.59,0.58,16247000000,,750000000,8511000000,16247000000,521000000,0.345,
6819,2014,SYK,2014-12-31,0.19,0.18,17713000000,,,8595000000,17713000000,462000000,0.305,
6820,2013,SYK,2013-12-31,2.66,2.63,15743000000,,,9047000000,15743000000,401000000,1.10,
6821,2012,SYK,2012-12-31,3.41,3.39,13206000000,,,8597000000,13206000000,324000000,0.9025,
6822,2011,SYK,2011-12-31,3.48,3.45,12405000000,,1768000000,7683000000,12405000000,279000000,0.2125,
6823,2025,SYY,2025-06-28,3.74,3.73,13169000000,,,765000000,26774000000,,2.07,
6824,2024,SYY,2024-06-29,3.90,3.89,12505000000,,,765000000,24917000000,,2.01,
6825,2023,SYY,2023-07-01,3.49,3.47,11398284000,,,765175000,22821145000,,0.49,
6826,2022,SYY,2022-07-02,2.66,2.64,9540902000,,,765175000,22085688000,,0.47,
6827,2021,SYY,2021-07-03,1.03,1.02,7632481000,,10588184000,765175000,21413539000,,0.45,
6828,2020,SYY,2020-06-27,0.42,0.42,6647288000,,12902485000,765175000,22628266000,,0.45,
6829,2019,SYY,2019-06-29,3.24,3.20,7238309000,,,765175000,12004913000,,0.39,
6830,2018,SYY,2018-06-30,0.63,0.63,18070404000,,,2506957000,18070404000,,0.36,
6831,2017,SYY,2017-07-01,0.44,0.44,17756655000,,,2381516000,17756655000,,0.33,
6832,2016,SYY,2016-07-02,0.38,0.38,16721804000,,,3479608000,16721804000,,0.31,
6833,2015,SYY,2015-06-27,0.30,0.30,17989281000,,,5260224000,17989281000,,0.30,
6834,2014,SYY,2014-06-28,1.59,1.58,13167950000,,,5266695000,13167950000,,1.15,
6835,2013,SYY,2013-06-29,1.68,1.67,12663947000,,,5191810000,12663947000,,1.11,
6836,2012,SYY,2012-06-30,1.91,1.90,12094972000,,,4685040000,12094972000,,1.07,
6837,2011,SYY,2011-07-02,1.96,1.96,11385555000,,,4705242000,11385555000,,1.03,
6838,2024,T,2024-12-31,1.49,1.49,481757000000,,122116000000,-1755000000,394795000000,,1.11,
6839,2023,T,2023-12-31,1.97,1.97,504006000000,,133402000000,-1337000000,407060000000,,1.11,
6840,2022,T,2022-12-31,-1.13,-1.13,471444000000,,133207000000,-1800000000,402853000000,,1.11,
6841,2021,T,2021-12-31,2.77,2.76,494063000000,,169147000000,-1964000000,551622000000,,2.08,
6842,2020,T,2020-12-31,-0.75,0.16,522758000000,4900000000,155209000000,-3926000000,525761000000,,2.08,
6843,2019,T,2019-12-31,1.90,1.89,521252000000,,,,551669000000,,2.05,
6844,2018,T,2018-12-31,2.85,2.85,531864000000,,,,531864000000,,2.01,
6845,2017,T,2017-12-31,4.77,4.76,444097000000,,,,444097000000,,1.97,
6846,2016,T,2016-12-31,,,403821000000,,,,403821000000,,1.93,
6847,2015,T,2015-12-31,2.37,2.37,402672000000,278754000000,17787000000,,402672000000,,1.89,
6848,2014,T,2014-12-31,1.19,1.19,292829000000,,,,292829000000,,1.85,
6849,2013,T,2013-12-31,3.39,3.39,277787000000,,,,277787000000,,1.81,
6850,2012,T,2012-12-31,1.25,1.25,272315000000,,,,272315000000,,1.77,
6851,2011,T,2011-12-31,0.66,0.66,270344000000,,64753000000,,270344000000,10172000000,1.73,
6852,2024,TAP,2024-12-31,5.38,5.35,230300000,12611600000,6126200000,13092400000,26064300000,369200000,0.44,
6853,2023,TAP,2023-12-31,,,261600000,12940000000,6202400000,13196000000,26375100000,354700000,1.64,
6854,2022,TAP,2022-12-31,,,228200000,12953100000,6541400000,12689700000,25868300000,329300000,1.52,
6855,2021,TAP,2021-12-31,,,23653500000,13954900000,7155200000,13417100000,27619000000,147800000,,
6856,2020,TAP,2020-12-31,,,23375600000,14709800000,8214300000,12365000000.0,27331100000,125300000,0.57,
6857,2019,TAP,2019-12-31,,,18814100000,15186700000,9030800000,13419400000,28859800000,424400000,,
6858,2018,TAP,2018-12-31,,,30109800000,16768700000,10476900000,13198200000,30109800000,1700000000,,
6859,2017,TAP,2017-12-31,0.97,0.96,30246900000,16811900000,10927100000,13226100000,30246900000,353400000,1.64,
6860,2016,TAP,2016-12-31,0.80,0.80,29341500000,17719800000,12059400000,11418700000,29341500000,352900000,1.64,
6861,2015,TAP,2015-12-31,0.44,0.43,12276300000,5213200000,2908700000,7043000000,12276300000,303400000,1.64,
6862,2014,TAP,2014-12-31,0.89,0.88,13996300000,6110200000,3111400000,7863300000,13996300000,273600000,1.48,
6863,2013,TAP,2013-12-31,3.10,3.08,15580100000,6916300000,3274800000,8638900000,15580100000,234600000,1.28,
6864,2012,TAP,2012-12-29,2.45,2.44,16212200000,8220600000,660400000,7966900000,16212200000,232200000,1.28,
6865,2011,TAP,2011-12-31,3.66,3.63,12423800000,4733600000,44700000,7647900000,12423800000,228100000,1.24,
6866,2024,TDC,2024-12-31,1.18,1.16,1704000000,1571000000,481000000,1000000,1704000000,,,
6867,2023,TDC,2023-12-31,0.62,0.61,1873000000,1738000000,500000000,1000000,1873000000,,,
6868,2022,TDC,2022-12-31,0.32,0.31,2022000000,1764000000,,1000000,2022000000,,,
6869,2021,TDC,2021-12-31,1.35,1.30,2169000000,1709000000,413000000,1000000,2169000000,,,
6870,2020,TDC,2020-12-31,1.18,1.16,2193000000,1793000000,456000000,1000000,2193000000,,,
6871,2019,TDC,2019-12-31,-0.18,-0.18,2057000000,1795000000,482000000,1000000,2057000000,,,
6872,2018,TDC,2018-12-31,-0.06,-0.06,2360000000,1865000000,500000000,495000000,2360000000,,,
6873,2017,TDC,2017-12-31,-0.02,-0.02,2556000000,1888000000,,668000000,2556000000,,,
6874,2016,TDC,2016-12-31,-0.36,-0.36,2413000000,1442000000,,971000000,2413000000,,,
6875,2015,TDC,2015-12-31,0.15,0.15,2530000000,1681000000,,849000000,2530000000,,,
6876,2014,TDC,2014-12-31,0.37,0.37,3132000000,1425000000,,1707000000,3132000000,,,
6877,2013,TDC,2013-12-31,2.31,2.27,3096000000,1239000000,,1857000000,3096000000,,,
6878,2012,TDC,2012-12-31,2.49,2.44,3066000000,1287000000,,1779000000,3066000000,,,
6879,2011,TDC,2011-12-31,0.39,0.38,2616000000,1122000000,,1494000000,2616000000,,,
6880,2025,TDG,2025-09-30,32.08,32.08,9859000000,32588000000,2616000000,-9686000000,22909000000,9629000000,90.00,
6881,2024,TDG,2024-09-30,25.62,25.62,9139000000,31869000000,24394000000,-6290000000,25586000000,2038000000,,
6882,2023,TDG,2023-09-30,22.03,22.03,7315000000,21948000000,4377000000,-1984000000,19970000000,38000000,35.00,
6883,2022,TDG,2022-09-30,13.40,13.40,6994000000,21873000000,4368000000,-3773000000,18107000000,1091000000,,
6884,2021,TDG,2021-09-30,,,6980000000,22225000000,945000000,-2916000000,19315000000,73000000,,
6885,2020,TDG,2020-09-30,,,7005000000,22363000000,19660000000,-3972000000,18395000000,1928000000,,
6886,2019,TDG,2019-09-30,,,7037090000,0,3942182000,576000,-2894905000,1712219000,,
6887,2018,TDG,2018-09-30,,,12197467000,14005938000,12577763000,-1808471000,12197467000,56148000,,
6888,2017,TDG,2017-09-30,,,9975661000,12926865000,11463074000,-2951204000,9975661000,2581552000,,
6889,2016,TDG,2016-09-30,,,10726277000,11377767000,9995836000,-651490000,10726277000,3000000,,
6890,2015,TDG,2015-09-30,,,8427050000,9465356000,8227342000,-1038306000,8427050000,3365000,,
6891,2014,TDG,2014-09-30,,,6756848000,8312947000,7273131000,-1556099000,6756848000,1451391000,,1700000000
6892,2013,TDG,2013-09-30,,,6148879000,6485260000,5731238000,-336381000,6148879000,1991350000,22.00,1900000000
6893,2012,TDG,2012-09-30,,,5459617000,4240783000,3619125000,1218834000,5459617000,3299000,,
6894,2011,TDG,2011-09-30,,,4513636000,3702687000,3138375000,810949000,4513636000,2811000,,
6895,2024,TDY,2024-12-29,17.43,17.21,10942400000,4645100000,2649000000,500000,14200500000,,,
6896,2023,TDY,2023-12-31,18.80,18.49,11382200000,5302100000,3920600000,500000,14527900000,,,
6897,2023,TDY,2023-01-01,16.85,16.53,11432300000,6181100000,3920600000,500000,14354000000,,,
6898,2022,TDY,2022-01-02,10.31,10.05,11756800000,6808300000,4099400000,500000,14430300000,,,
6899,2021,TDY,2021-01-03,10.95,10.62,5084800000,1856200000,778500000,400000,5084800000,,,
6900,2019,TDY,2019-12-29,11.08,10.73,4579800000,1865100000,850600000,400000,4579800000,,,
6901,2018,TDY,2018-12-30,1.87,1.81,3809300000,1579600000,,2229700000,3809300000,,,
6902,2017,TDY,2017-12-31,1.52,1.48,2774400000,1220000000,3500000,,2774400000,,,
6903,2017,TDY,2017-01-01,1.52,1.48,2774400000,1220000000,509700000,,2774400000,,,
6904,2016,TDY,2016-01-03,1.59,1.57,2718500000,1374400000,755500000,1344100000,2718500000,,,
6905,2014,TDY,2014-12-28,1.22,1.20,2862200000,1393700000,609800000,1427300000,2862200000,,,
6906,2013,TDY,2013-12-29,4.96,4.87,2751100000,1232400000,250000000,1471700000,2751100000,,,
6907,2012,TDY,2012-12-30,6.97,4.39,1826100000,842000000,543300000,979300000,2406400000,,,
6908,2012,TDY,2012-01-01,6.97,6.84,1826100000,842000000,298000000,979300000,1826100000,,,
6909,2011,TDY,2011-01-02,3.33,3.27,1557800000,770800000,,786000000,1557800000,,,
6910,2024,TE,2024-12-31,-3.20,-3.20,1335846000,1098709000,602277000,188762000,1335846000,,0,
6911,2023,TE,2023-12-31,-0.51,-0.51,732185000,97469000,,633195000,732185000,,,
6912,2025,TECH,2025-06-30,0.47,0.46,2557868000,,,,2557868000,,0.32,
6913,2024,TECH,2024-06-30,1.07,1.05,2703867000,,,2068850000,2703867000,,0.32,
6914,2023,TECH,2023-06-30,1.81,1.76,2638692000,,,1966516000,2638692000,,0.32,
6915,2022,TECH,2022-06-30,6.93,6.63,2294805000,,256000000,1701770000,2294805000,,1.28,
6916,2021,TECH,2021-06-30,3.62,3.47,2262957000,,341000000,1562971000,2262957000,,1.28,
6917,2020,TECH,2020-06-30,6.00,5.82,2027589000,,357000000,385000,2027589000,,1.28,
6918,2019,TECH,2019-06-30,1.18,1.15,1884410000,,505200000,-9537000,1884410000,,1.28,
6919,2018,TECH,2018-06-30,0.53,0.52,1593202000,,250000000,24682000,1593202000,,,
6920,2017,TECH,2017-06-30,2.04,2.03,1558219000,,,949627000,1558219000,,,
6921,2016,TECH,2016-06-30,2.81,2.80,1129581000,,,879280000,1129581000,,,
6922,2015,TECH,2015-06-30,2.90,2.89,1063360000,,,846935000,1063360000,,,
6923,2014,TECH,2014-06-30,3.01,3.00,862491000,,,795265000,862491000,,,
6924,2013,TECH,2013-06-30,3.06,3.05,778098000,,,737541000,778098000,,,
6925,2012,TECH,2012-06-30,3.04,3.04,719324000,,,674442000,719324000,,,
6926,2011,TECH,2011-06-30,3.03,3.02,617670000,,,586122000,617670000,,,
6927,2025,TEL,2025-09-26,6.2,6.16,5975000000,12351000000,,,25081000000,,0.71,
6928,2024,TEL,2024-09-27,10.40,10.33,5679000000,10368000000,,,22854000000,,2.36,
6929,2023,TEL,2023-09-29,6.06,6.03,5678000000,10057000000,,,21712000000,,2.36,
6930,2022,TEL,2022-09-30,7.52,7.47,5530000000,9885000000,,,20782000000,,2.24,
6931,2021,TEL,2021-09-24,6.85,6.79,5791000000,10714000000,,,21462000000,,2.00,
6932,2020,TEL,2020-09-25,-0.73,-0.73,4973000000,9747000000,,,19242000000,,1.92,
6933,2019,TEL,2019-09-27,5.46,5.42,4781000000,3348000000,,,13918000000,,1.84,
6934,2018,TEL,2018-09-28,7.33,7.27,20386000000,9555000000,4000000000,,20386000000,,1.76,
6935,2017,TEL,2017-09-29,4.74,4.70,19403000000,9652000000,4344000000,,19403000000,,1.62,
6936,2016,TEL,2016-09-30,5.49,5.44,17608000000,9123000000,4070000000,,17608000000,,1.48,
6937,2015,TEL,2015-09-25,5.98,5.89,20608000000,11023000000,3903000000,9585000000,20608000000,,1.27,
6938,2014,TEL,2014-09-26,4.34,4.27,20152000000,11139000000,3948000000,9007000000,20152000000,,1.04,
6939,2013,TEL,2013-09-27,0.66,0.65,2977000000,475000000,3014000000,8380000000,8861000000,,0.96,
6940,2012,TEL,2012-09-28,0.60,2.59,19306000000,11329000000,714000000,7971000000,19306000000,,0.80,
6941,2011,TEL,2011-09-30,0.67,0.67,17723000000,224000000,716000000,7474000000,7708000000,,0.68,
6942,2024,TER,2024-12-31,3.41,3.32,1287219000,889420000,,20215000,3708714000,76423000,,
6943,2023,TER,2023-12-31,2.91,2.73,1329522000,960927000,,19087000,3486824000,67878000,,
6944,2022,TER,2022-12-31,4.52,4.22,1382623000,1049958000,,19470000,3501252000,69711000,,
6945,2021,TER,2021-12-31,6.15,5.53,1245596000,1245469000,,20281000,3809425000,65977000,,
6946,2020,TER,2020-12-31,4.72,4.28,1070378000,1441541000,,20765000,3652346000,66482000,0.10,
6947,2019,TER,2019-12-31,2.74,2.60,784808000,1306856000,,20801000,2787014000,61305000,0.36,
6948,2018,TER,2018-12-31,2.41,2.35,669452000,1184252000,,1522354000,2706606000,67322000,0.36,
6949,2017,TER,2017-12-31,1.30,1.28,3109545000,1155899000,,1953646000,3109545000,55447000,0.28,
6950,2016,TER,2016-12-31,-0.21,-0.21,2762493000,933834000,,1828659000,2762493000,48619000,0.24,
6951,2015,TER,2015-12-31,0.98,0.97,2548674000,582888000,,1965786000,2548674000,50713000,0.24,
6952,2014,TER,2014-12-31,0.40,0.37,2538520000,459540000,0,2078980000,2538520000,37425000,0.18,
6953,2013,TER,2013-12-31,0.86,0.70,2629824000,644730000,,1985094000,2629824000,,,
6954,2012,TER,2012-12-31,1.16,0.94,2429345000,650990000,171059000,1778355000,2429345000,,,
6955,2011,TER,2011-12-30,2.02,1.65,2188639000,683579000,159956000,1505060000,2188639000,,,
6956,2024,TER,2024-12-31,3.41,3.32,1287219000,889420000,,20215000,3708714000,76423000,,
6957,2023,TER,2023-12-31,2.91,2.73,1329522000,960927000,,19087000,3486824000,67878000,,
6958,2022,TER,2022-12-31,4.52,4.22,1382623000,1049958000,,19470000,3501252000,69711000,,
6959,2021,TER,2021-12-31,6.15,5.53,1245596000,1245469000,,20281000,3809425000,65977000,,
6960,2020,TER,2020-12-31,4.72,4.28,1070378000,1441541000,,20765000,3652346000,66482000,0.10,
6961,2019,TER,2019-12-31,2.74,2.60,784808000,1306856000,,20801000,2787014000,61305000,0.36,
6962,2018,TER,2018-12-31,2.41,2.35,669452000,1184252000,,1522354000,2706606000,67322000,0.36,
6963,2017,TER,2017-12-31,1.30,1.28,3109545000,1155899000,,1953646000,3109545000,55447000,0.28,
6964,2016,TER,2016-12-31,-0.21,-0.21,2762493000,933834000,,1828659000,2762493000,48619000,0.24,
6965,2015,TER,2015-12-31,0.98,0.97,2548674000,582888000,,1965786000,2548674000,50713000,0.24,
6966,2014,TER,2014-12-31,0.40,0.37,2538520000,459540000,0,2078980000,2538520000,37425000,0.18,
6967,2013,TER,2013-12-31,0.86,0.70,2629824000,644730000,,1985094000,2629824000,,,
6968,2012,TER,2012-12-31,1.16,0.94,2429345000,650990000,171059000,1778355000,2429345000,,,
6969,2011,TER,2011-12-30,2.02,1.65,2188639000,683579000,159956000,1505060000,2188639000,,,
6970,2024,TFC,2024-12-31,3.36,3.36,531176000000,467497000000,22134000000,-648000000,531176000000,3135000000,2.08,
6971,2023,TFC,2023-12-31,-1.09,-1.09,535349000000,476096000000,19808000000,-1079000000,535349000000,3131000000,2.08,
6972,2022,TFC,2022-12-31,4.46,4.43,555255000000,494718000000,14107000000,-1535000000,555255000000,2989000000,2.00,
6973,2021,TFC,2021-12-31,4.51,4.47,541241000000,471970000000,14269000000,-86000000,541241000000,2852000000,1.86,
6974,2020,TFC,2020-12-31,3.11,3.08,509228000000,438316000000,15984000000,2100000000,509228000000,2725000000,1.80,
6975,2019,TFC,2019-12-31,3.76,3.71,473078000000,406520000000,14431000000,-1122000000,473078000000,1459000000,1.710,
6976,2018,TFC,2018-12-31,3.96,3.91,225697000000,195519000000,23709000000,-20000000,225697000000,1378000000,1.560,
6977,2017,TFC,2017-12-31,2.78,2.74,221642000000,191947000000,23648000000,-15000000,221642000000,1179000000,1.26,
6978,2016,TFC,2016-12-31,2.81,2.77,219276000000,189350000000,21965000000,,219276000000,1092000000,1.15,
6979,2015,TFC,2015-12-31,2.59,2.56,209947000000,182607000000,23769000000,,209947000000,937000000,1.05,
6980,2014,TFC,2014-12-31,2.79,2.75,186814000000,162388000000,23312000000,,186814000000,814000000,0.95,
6981,2013,TFC,2013-12-31,2.22,2.19,183010000000,160201000000,21493000000,,183010000000,912000000,0.92,
6982,2012,TFC,2012-12-31,2.74,2.70,183872000000,162649000000,19114000000,,183872000000,564000000,0.80,
6983,2011,TFC,2011-12-31,1.85,1.83,174579000000,157099000000,21803000000,,174579000000,446000000,0.65,
6984,2024,TFX,2024-12-31,1.49,1.48,7097914000,2819774000,1655871000,48096000,7097914000,,1.36,
6985,2023,TFX,2023-12-31,7.58,7.53,7532546000,3091558000,1815072000,48046000,7532546000,,1.36,
6986,2022,TFX,2022-12-31,7.74,7.68,6928063000,2906095000,1711523000,47957000,6928063000,,1.36,
6987,2021,TFX,2021-12-31,10.38,10.23,6871722000,3116974000,1850102000,47929000,6871722000,,1.36,
6988,2020,TFX,2020-12-31,7.21,7.09,7152559000,3816102000,2478388000,47812000,7152559000,,1.36,
6989,2019,TFX,2019-12-31,9.99,9.80,8269909000,5290589000,1908943000,2979320000,8269909000,,1.36,
6990,2018,TFX,2018-12-31,1.24,1.20,6277991000,3738013000,2158825000,,6277991000,,1.36,
6991,2017,TFX,2017-12-31,0.89,0.86,6181492000,3750961000,2249552000,,6181492000,,1.36,
6992,2016,TFX,2016-12-31,1.22,1.04,3891213000,1751872000,1033323000,2137517000,3891213000,,1.36,
6993,2015,TFX,2015-12-31,0.92,0.81,3878516000,1867423000,1065942000,2009272000,3878516000,,1.36,
6994,2014,TFX,2014-12-31,0.85,0.76,3977255000,2063556000,1068401000,1911309000,3977255000,,1.36,
6995,2013,TFX,2013-12-31,3.67,3.45,4209007000,2292991000,1281587000,1913527000,4209007000,,1.36,
6996,2012,TFX,2012-12-31,-4.65,-4.65,3739497000,1957960000,,1778950000,3739497000,,1.36,
6997,2011,TFX,2011-12-31,1.94,1.92,3924103000,1941320000,954809000,1980588000,3924103000,,1.36,
6998,2024,TGNA,2024-12-31,3.55,3.53,7326519000,4301488000,3076451000,324419000,7326519000,,0.49,
6999,2023,TGNA,2023-12-31,2.29,2.28,7000057000,4276373000,3072801000,324419000,7000057000,,0.42,
7000,2022,TGNA,2022-12-31,2.82,2.81,7328896000,4239756000,3069316000,324419000,7328896000,,0.38,
7001,2021,TGNA,2021-12-31,2.15,2.14,6917646000,4381611000,3231970000,,6917646000,,0.36,
7002,2020,TGNA,2020-12-31,2.20,2.19,6848699000,4775671000,3553220000,,6848699000,,0.28,
7003,2019,TGNA,2019-12-31,1.32,1.31,6953976000,5363599000,4179245000,,6953976000,,0.28,
7004,2018,TGNA,2018-12-31,1.88,1.87,5276842000,3935918000,2944466000,,5276842000,,0.28,
7005,2017,TGNA,2017-12-31,1.27,1.26,4962115000,3967074000,3007693000,995041000,4962115000,,0.35,
7006,2016,TGNA,2016-12-31,2.02,1.99,8542725000,5943455000,4043395000,2271418000,8542725000,,0.56,
7007,2015,TGNA,2015-12-31,2.04,2.00,8537758000,6056348000,4201462000,2191971000,8537758000,,0.68,
7008,2014,TGNA,2014-12-28,4.69,4.58,11205455000,7695712000,4495882000,3254914000,11205455000,,0.80,
7009,2013,TGNA,2013-12-29,1.70,1.66,9240706000,6331295000,3712900000,2693098000,9240706000,,0.8,
7010,2012,TGNA,2012-12-30,1.83,1.79,6379886000,3829320000,205000000,2350614000,6379886000,,0.8,
7011,2011,TGNA,2011-12-25,1.92,1.89,6616450000,4104425000,1760363000,2327891000,6616450000,,0.24,
7012,2025,TGT,2025-02-01,8.89,8.86,57769000000,,0,38000000,57769000000,,4.46,2080000000
7013,2024,TGT,2024-02-03,8.96,8.94,55356000000,,4668000000,38000000,55356000000,,4.38,2050000000
7014,2023,TGT,2023-01-28,6.02,5.98,53335000000,,0,38000000,53335000000,,4.14,1931000000
7015,2022,TGT,2022-01-29,14.23,14.10,53811000000,,4544000000,39000000,53811000000,,3.38,1655000000
7016,2021,TGT,2021-01-30,8.72,8.64,51248000000,,3607000000,42000000,51248000000,,2.70,1367000000
7017,2020,TGT,2020-02-01,6.42,6.36,42779000000,,2205000000,11833000000,42779000000,,2.62,1345000000
7018,2019,TGT,2019-02-02,1.54,1.52,41290000000,,10247000000,11297000000,41290000000,,0.64,1347000000
7019,2018,TGT,2018-02-03,2.03,2.02,38999000000,,10440000000,11709000000,38999000000,,0.62,1356000000
7020,2017,TGT,2017-01-28,1.46,1.45,37431000000,,11715000000,10953000000,37431000000,,0.60,1359000000
7021,2016,TGT,2016-01-30,2.33,2.32,40262000000,,11859000000,12957000000,40262000000,,0.56,1378000000
7022,2015,TGT,2015-01-31,-4.14,-4.10,41404000000,,11946000000,13997000000,41404000000,,0.52,1273000000
7023,2014,TGT,2014-02-01,3.10,3.07,44553000000,,769000000,16231000000,44553000000,,1.65,1051000000
7024,2013,TGT,2013-02-02,4.57,4.52,48163000000,,14648000000,54000000,48163000000,,1.38,903000000
7025,2012,TGT,2012-01-28,4.31,4.28,37108000000,,15680000000,-57000000,46630000000,,0.30,
7026,2011,TGT,2011-01-29,1.46,1.45,43705000000,54000000,6090000000,,43705000000,,0.92,
7027,2024,THC,2024-12-31,33.02,32.70,16722000000,20389000000,,4171000000,28936000000,,,
7028,2023,THC,2023-12-31,6.01,5.71,17268000000,22804000000,,1608000000,28312000000,,,
7029,2022,THC,2022-12-31,3.84,3.79,15682000000,22548000000,,1142000000,27156000000,,,
7030,2021,THC,2021-12-31,8.55,8.42,17173000000,23322000000,,1028000000,27579000000,,,
7031,2020,THC,2020-12-31,3.80,3.75,18048000000,24217000000,,28000000,27106000000,,,
7032,2019,THC,2019-12-31,-2.24,-2.24,16182000000,21362000000,,-371000000,23351000000,,,
7033,2018,THC,2018-12-31,1.09,1.07,15684000000,20302000000,,-119000000,22409000000,,,
7034,2017,THC,2017-12-31,-7.00,-7.00,23385000000,20980000000,,-147000000,23385000000,,,
7035,2016,THC,2016-12-31,-1.93,-1.93,24701000000,21226000000,,417000000,24701000000,,,
7036,2015,THC,2015-12-31,-1.41,-1.41,23682000000,20458000000,,691000000,23682000000,,,
7037,2013,THC,2013-12-31,-1.32,-1.32,16130000000,15005000000,,755000000,16130000000,,,
7038,2012,THC,2012-12-31,1.35,1.30,9044000000,7810000000,,1143000000,9044000000,,,
7039,2011,THC,2011-12-31,0.12,0.12,8462000000,6954000000,,1423000000,8462000000,,,
7040,2025,TJX,2025-02-01,4.31,4.26,14137000000,,,1119000000,31749000000,,1.50,
7041,2024,TJX,2024-02-03,3.90,3.86,12993000000,,,1134000000,29747000000,,1.33,
7042,2023,TJX,2023-01-28,3.00,2.97,12170000000,,,1155000000,28349000000,,1.18,
7043,2022,TJX,2022-01-29,2.74,2.70,11230232000,,,1181189000,28461458000,,1.04,
7044,2021,TJX,2021-01-30,0.08,0.07,10220441000,,,1204698000,30813555000,,0.26,
7045,2020,TJX,2020-02-01,2.71,2.67,11162890000,,,1199100000,24145003000,,0.92,
7046,2019,TJX,2019-02-02,0.69,0.68,14326029000,,,5048606000,14326029000,,0.78,
7047,2018,TJX,2018-02-03,4.10,4.04,14058015000,,,5148309000,14058015000,,1.25,
7048,2017,TJX,2017-01-28,3.51,3.46,12883808000,,,4510599000,12883808000,,1.04,
7049,2016,TJX,2016-01-30,3.38,3.33,11499482000,,,4307075000,11499482000,,0.84,
7050,2015,TJX,2015-01-31,3.20,3.15,11128381000,,,4264230000,11128381000,,0.70,
7051,2014,TJX,2014-02-01,3.00,2.94,10201022000,,,,10201022000,,0.58,
7052,2013,TJX,2013-02-02,2.60,2.55,9511855000,,,,9511855000,,0.46,
7053,2012,TJX,2012-01-28,1.97,1.93,8281605000,,,,8281605000,,0.38,
7054,2011,TJX,2011-01-29,3.36,3.30,7971763000,,,,7971763000,,0.60,
7055,2024,TMO,2024-12-31,16.58,16.53,84031000000,,30999000000,49584000000,97321000000,,1.56,
7056,2023,TMO,2023-12-31,15.52,15.45,20191000000,,34650000000,46735000000,98726000000,,1.40,
7057,2022,TMO,2022-12-31,17.75,17.63,21848000000,,33889000000,43978000000,97154000000,,1.20,
7058,2021,TMO,2021-12-31,19.62,19.46,22751000000,,32072000000,40793000000,95123000000,,1.04,
7059,2020,TMO,2020-12-31,16.09,15.96,20209000000,,21723000000,437000000,69052000000,,0.88,
7060,2019,TMO,2019-12-31,9.24,9.17,18306000000,,17736000000,434000000,58381000000,,0.76,
7061,2018,TMO,2018-12-31,1.44,1.43,56232000000,,,27586000000,56232000000,,0.17,
7062,2017,TMO,2017-12-31,1.41,1.40,56669000000,,,25413000000,56669000000,,0.15,
7063,2016,TMO,2016-12-31,1.02,1.01,45907500000,,,21539300000,45907500000,,0.15,
7064,2015,TMO,2015-12-31,0.97,0.96,40889000000,,,21350200000,40889000000,,0.15,
7065,2014,TMO,2014-12-31,1.38,1.36,4133300000,,,20548100000,42852100000,,0.15,
7066,2013,TMO,2013-12-31,3.53,3.48,31863400000,,,16856100000,31863400000,,.60,
7067,2012,TMO,2012-12-31,3.24,3.21,27444600000,,,15464700000,27444600000,,.54,
7068,2011,TMO,2011-12-31,3.49,3.46,26833700000,,,15038100000,26833700000,,,
7069,2024,TMUS,2024-12-31,9.70,9.66,208035000000,,78265000000,-20584000000,208035000000,,3.71,
7070,2023,TMUS,2023-12-31,7.02,6.93,207682000000,,75018000000,-9373000000,207682000000,,0.65,
7071,2022,TMUS,2022-12-31,2.07,2.06,211338000000,,71960000000,-3016000000,211338000000,,,
7072,2021,TMUS,2021-12-31,2.42,2.41,206563000000,,74193000000,-13000000,206563000000,,,
7073,2020,TMUS,2020-12-31,2.68,2.65,200162000000,,71125000000,-11000000,200162000000,,,
7074,2019,TMUS,2019-12-31,4.06,4.02,28903000000,,500000000,-8000000,28903000000,0,,
7075,2018,TMUS,2018-12-31,0.78,0.78,72468000000,,1300000000,24718000000,72468000000,0,,
7076,2017,TMUS,2017-12-31,0.83,0.80,70563000000,,0,22559000000,70563000000,55000000,,
7077,2016,TMUS,2016-12-31,0.57,0.56,65891000000,,500000000,18236000000,65891000000,55000000,,
7078,2015,TMUS,2015-12-31,-0.09,-0.09,62436000000,,500000000,16557000000,62436000000,55000000,,
7079,2014,TMUS,2014-12-31,-0.19,-0.19,56653000000,,500000000,15663000000,56653000000,,,
7080,2013,TMUS,2013-12-31,0.05,0.05,49953000000,,1000000000,14245000000,49953000000,,,
7081,2012,TMUS,2012-12-31,1.08,1.07,10189415000,6830508000,4446526000,3358907000,10189415000,,,
7082,2011,TMUS,2011-12-31,0.83,0.82,9482931000,6555331000,4471916000,2927600000,9482931000,,,
7083,2024,TMUS,2024-12-31,9.70,9.66,208035000000,,78265000000,-20584000000,208035000000,,3.71,
7084,2023,TMUS,2023-12-31,7.02,6.93,207682000000,,75018000000,-9373000000,207682000000,,0.65,
7085,2022,TMUS,2022-12-31,2.07,2.06,211338000000,,71960000000,-3016000000,211338000000,,,
7086,2021,TMUS,2021-12-31,2.42,2.41,206563000000,,74193000000,-13000000,206563000000,,,
7087,2020,TMUS,2020-12-31,2.68,2.65,200162000000,,71125000000,-11000000,200162000000,,,
7088,2019,TMUS,2019-12-31,4.06,4.02,28903000000,,500000000,-8000000,28903000000,0,,
7089,2018,TMUS,2018-12-31,0.78,0.78,72468000000,,1300000000,24718000000,72468000000,0,,
7090,2017,TMUS,2017-12-31,0.83,0.80,70563000000,,0,22559000000,70563000000,55000000,,
7091,2016,TMUS,2016-12-31,0.57,0.56,65891000000,,500000000,18236000000,65891000000,55000000,,
7092,2015,TMUS,2015-12-31,-0.09,-0.09,62436000000,,500000000,16557000000,62436000000,55000000,,
7093,2014,TMUS,2014-12-31,-0.19,-0.19,56653000000,,500000000,15663000000,56653000000,,,
7094,2013,TMUS,2013-12-31,0.05,0.05,49953000000,,1000000000,14245000000,49953000000,,,
7095,2012,TMUS,2012-12-31,1.08,1.07,10189415000,6830508000,4446526000,3358907000,10189415000,,,
7096,2011,TMUS,2011-12-31,0.83,0.82,9482931000,6555331000,4471916000,2927600000,9482931000,,,
7097,2025,TPR,2025-06-28,0.84,0.82,2497500000,5722700000,2377900000,2100000,6580500000,299300000,1.40,
7098,2024,TPR,2024-06-29,3.56,3.50,2238400000,10499400000,6937200000,2300000,13396300000,321400000,1.40,
7099,2023,TPR,2023-07-01,3.96,3.88,2272300000,4839000000,1635800000,2300000,7116800000,283300000,1.20,
7100,2022,TPR,2022-07-02,3.24,3.17,2392200000,4979800000,1659200000,2400000,7265300000,264400000,1.000,
7101,2021,TPR,2021-07-03,3.00,2.95,2513500000,5123100000,1590700000,2800000,8382400000,0,0,
7102,2020,TPR,2020-06-27,-2.34,-2.34,2616600000,5647800000,700000000,2800000,7924200000,380300000,1.013,
7103,2019,TPR,2019-06-29,2.22,2.21,1945900000,3363900000,1601900000,2900000,6877300000,390700000,1.350,
7104,2018,TPR,2018-06-30,0.49,0.48,6678300000,3433700000,1600000000,3244600000,6678300000,384100000,1.350,
7105,2017,TPR,2017-07-01,0.44,0.43,5831600000,2829700000,1579500000,3001900000,5831600000,378000000,1.350,
7106,2016,TPR,2016-07-02,0.40,0.07,4892700000,2209800000,861200000,2682900000,4892700000,374500000,1.35,
7107,2015,TPR,2015-06-27,0.32,0.32,4666900000,2177000000,879100000,2489900000,4666900000,371800000,1.350,
7108,2014,TPR,2014-06-28,2.81,2.79,3663131000,1242478000,,2420653000,3663131000,376498000,1.35,
7109,2013,TPR,2013-06-29,3.66,3.61,3531897000,1122739000,,2409158000,3531897000,339724000,1.24,
7110,2012,TPR,2012-06-30,3.60,3.53,3104321000,1111390000,23360000,1992931000,3104321000,260276000,,
7111,2011,TPR,2011-07-02,2.99,2.92,2635116000,1022547000,24155000,1612569000,2635116000,178115000,,
7112,2024,TRGP,2024-12-31,5.77,5.74,13576600000,,14174600000,2592400000,22734100000,,2.75,610200000
7113,2023,TRGP,2023-12-31,3.69,3.66,20671800000,,12953900000,2739700000,20671800000,,1.85,419000000
7114,2022,TRGP,2022-12-31,3.95,3.88,19560000000.0,,11536400000,2665700000,19560000000.0,,1.40,318300000
7115,2021,TRGP,2021-12-31,-0.07,-0.07,15208200000,,6597200000,2011800000,15208200000,,0.40,91500000
7116,2020,TRGP,2020-12-31,-7.26,-7.26,15875700000,,7755700000,2653900000,15875700000,,1.21,282000000.0
7117,2019,TRGP,2019-12-31,-1.44,-1.44,18815100000,,7822400000,4920800000,18815100000,,3.64,846800000
7118,2018,TRGP,2018-12-31,-0.53,-0.53,16938200000,,6660300000,6079400000,16938200000,,3.64,813100000
7119,2017,TRGP,2017-12-31,-0.31,-0.31,14388600000,,5053000000,6160300000,14388600000,,3.64,749400000
7120,2016,TRGP,2016-12-31,-1.80,-1.80,12871200000,,4881000000,5248600000,12871200000,,0.91000,0
7121,2015,TRGP,2015-12-31,1.09,1.09,13253700000,,160000000,1461400000,13253700000,,0.83000,
7122,2014,TRGP,2014-12-31,2.44,2.43,6453500000,,3093400000,169800000,6453500000,,0.69000,
7123,2013,TRGP,2013-12-31,1.56,1.55,6048600000,,279700000,148800000,6048600000,,0.49500,
7124,2012,TRGP,2012-12-31,0.93,0.91,5105000000,,82000000,144100000,5105000000,,0.39375,0
7125,2011,TRGP,2011-12-31,,,,,,,,,,
7126,2011,TRGP,2011-02-23,,,,,,,,,,
7127,2024,TRIP,2024-12-31,0.04,0.04,2561000000,1618000000,831000000,1605000000,2561000000,,0,
7128,2023,TRIP,2023-12-31,0.07,0.08,2537000000,1666000000,497000000,1493000000,2537000000,,0,
7129,2022,TRIP,2022-12-31,0.14,0.14,2569000000,1708000000,495000000,1404000000,2569000000,,0,
7130,2021,TRIP,2021-12-31,-1.08,-1.08,2289000000,1500000000,493000000,1326000000,2289000000,,0,
7131,2020,TRIP,2020-12-31,-2.14,-2.14,1969000000,1083000000,,1253000000,1969000000,,0,
7132,2019,TRIP,2019-12-31,0.91,0.89,1984000000,823000000,,1150000000,1984000000,,3.50,
7133,2018,TRIP,2018-12-31,0.82,0.81,2167000000,696000000,,1471000000,2167000000,,,
7134,2017,TRIP,2017-12-31,-0.14,-0.14,2272000000,909000000,,1363000000,2272000000,,0,
7135,2016,TRIP,2016-12-31,0.83,0.82,2238000000,736000000,,1502000000,2238000000,,0,
7136,2015,TRIP,2015-12-31,1.38,1.36,2128000000,716000000,,1412000000,2128000000,,0,
7137,2014,TRIP,2014-12-31,1.58,1.55,1959000000,834000000,300000000,1125000000,1959000000,,0,
7138,2013,TRIP,2013-12-31,1.44,1.41,1473014000,608534000,340000000,864480000,1473014000,,0,
7139,2012,TRIP,2012-12-31,0.36,0.35,1299194000,572226000,380000000,726968000,1299194000,,,
7140,2011,TRIP,2011-12-31,1.33,1.32,835886000,542349000,,293537000,835886000,,,
7141,2025,TRMB,2025-01-03,6.13,6.09,9488300000,3743000000,,200000,9488300000,,,
7142,2023,TRMB,2023-12-29,1.26,1.25,9539300000,5039200000,3100000000,200000,9539300000,,,
7143,2022,TRMB,2022-12-30,1.81,1.80,7269000000,3218800000,1220000000,4050200000,7269000000,,,
7144,2021,TRMB,2021-12-31,1.96,1.94,7099600000,3154900000,1293200000,3944700000,7099600000,,,
7145,2021,TRMB,2021-01-01,1.56,1.55,6876900000,3278300000,1291400000,3596900000,6876900000,,,
7146,2020,TRMB,2020-01-03,2.05,2.03,6640700000,3520300000,225000000.0,3119000000.0,6640700000,,,
7147,2018,TRMB,2018-12-28,1.13,1.12,5776400000,3101600000,1968500000,2674400000,5776400000,,,
7148,2017,TRMB,2017-12-29,0.20,0.20,4298200000,1932200000,913900000,2366000000,4298200000,,,
7149,2016,TRMB,2016-12-30,0.10,0.09,3680700000,1460100000,729700000,2219700000,3680700000,,,
7150,2016,TRMB,2016-01-01,0.10,0.09,3680700000,1460100000,729700000,2219700000,3680700000,,,
7151,2015,TRMB,2015-01-02,0.22,0.21,3874348000,1505496000,738446000,2357014000,3874348000,,,
7152,2014,TRMB,2014-01-03,0.85,0.84,3700840000,1466858000,758458000,2220906000,3700840000,,,
7153,2012,TRMB,2012-12-28,1.52,1.49,3469104000,1555580000,700000000,1897455000,3469104000,,,
7154,2011,TRMB,2011-12-30,0.33,0.32,2652475000,1063573000,385000000,1569293000,2652475000,,,
7155,2024,TROW,2024-12-31,9.18,9.15,13472000000,2021900000,,10345400000,13472000000,1135600000,4.96,
7156,2023,TROW,2023-12-31,7.78,7.76,12278800000,1987600000,,9505100000,12278800000,1121700000,4.88,
7157,2022,TROW,2022-12-31,6.73,6.70,11643300000,1956400000,,8839500000,11643300000,1107400000,4.80,
7158,2021,TROW,2021-12-31,13.25,13.12,12509000000,2255300000,,9022700000,12509000000,1701900000,4.32,
7159,2020,TROW,2020-12-31,10.08,9.98,10659000000.0,1390300000,,45600000,10659000000.0,845800000,3.60,
7160,2019,TROW,2019-12-31,8.82,8.70,9330400000,1107300000,,47000000.0,9330400000,733900000,3.04,
7161,2018,TROW,2018-12-31,1.81,1.77,7689300000,824700000,,6124300000,7689300000,694300000,2.80,
7162,2017,TROW,2017-12-31,1.56,1.54,7534700000,717500000,,5824400000,7534700000,563100000,2.28,
7163,2016,TROW,2016-12-31,1.21,1.18,6225000000,529200000,,5008600000,6225000000,540800000,2.16,
7164,2015,TROW,2015-12-31,1.16,1.13,5106900000,344900000,,4762000000,5106900000,1059000000,2.08,
7165,2014,TROW,2014-12-31,1.16,1.12,5644400000,249200000,,5395200000,5644400000,462100000,1.76,
7166,2013,TROW,2013-12-31,4.02,3.90,5033100000,215000000,,4818100000,5033100000,396700000,1.52,
7167,2012,TROW,2012-12-31,3.47,3.36,4202800000,356700000,,3846100000,4202800000,603400000,1.36,
7168,2011,TROW,2011-12-31,0.75,0.72,3770300000,349600000,,3420700000,3770300000,,1.24,
7169,2024,TRV,2024-12-31,21.76,21.47,98311000000,105325000000,,25452000000,133189000000,,4.15,962000000
7170,2023,TRV,2023-12-31,12.93,12.79,93565000000,101057000000,,24906000000,125978000000,,3.93,
7171,2022,TRV,2022-12-31,11.91,11.77,86522000000,94157000000,,24565000000,115717000000,,3.67,
7172,2021,TRV,2021-12-31,14.63,14.49,90353000000,91579000000,,24154000000,120466000000,,3.49,
7173,2020,TRV,2020-12-31,10.56,10.52,88422000000,87563000000,,23743000000,116764000000,,3.37,
7174,2019,TRV,2019-12-31,10.01,9.92,83896000000,56102000000,,23469000000,77333000000,,3.23,
7175,2018,TRV,2018-12-31,2.45,2.42,104233000000,81339000000,,22894000000,104233000000,,3.03,
7176,2017,TRV,2017-12-31,7.39,7.33,103483000000,79752000000,,23731000000,103483000000,,2.83,
7177,2016,TRV,2016-12-31,2.33,2.30,100245000000,77024000000,,23221000000,100245000000,,2.62,
7178,2015,TRV,2015-12-31,2.58,2.55,100184000000,76586000000,,23598000000,100184000000,,2.38,
7179,2014,TRV,2014-12-31,10.82,10.70,103078000000,78242000000,,,103078000000,,2.15,
7180,2013,TRV,2013-12-31,9.84,9.74,103812000000,79016000000,,,103812000000,,,
7181,2012,TRV,2012-12-31,6.35,6.30,104938000000,79533000000,,,104938000000,,,
7182,2011,TRV,2011-12-31,3.40,3.36,104602000000,80125000000,,,104602000000,,,
7183,2024,TSCO,2024-12-28,2.05,2.04,9805485000,7535151000,150000000,7116000,9805485000,472492000,0.88,
7184,2023,TSCO,2023-12-30,10.15,10.09,9188151000,7038389000,150000000,1419000,9188151000,449620000,4.12,
7185,2022,TSCO,2022-12-31,9.78,9.71,8489990000,6447574000,150000000,1415000,8489990000,409603000,3.68,
7186,2021,TSCO,2021-12-25,8.69,8.61,7767467000,5764802000,150000000.0,1411000,7767467000,239006000,2.08,
7187,2020,TSCO,2020-12-26,6.44,6.38,7049116000,5125276000,150000000.0,1401000,7049116000,174656000,1.50,
7188,2019,TSCO,2019-12-28,4.70,4.66,5289268000,3722145000,150000000.0,1389000,5289268000,162699000,1.36,
7189,2018,TSCO,2018-12-29,4.34,4.31,3085262000,1523442000,150000000,1561820000,3085262000,147087000,0.27,
7190,2017,TSCO,2017-12-30,3.31,3.30,2868769000,1450096000,150000000,1418673000,2868769000,133828000,0.27,
7191,2016,TSCO,2016-12-31,3.29,3.27,2674942000,1221724000,,1453218000,2674942000,122272000,0.20,
7192,2015,TSCO,2015-12-26,3.03,3.00,2370826000,977532000,,1393294000,2370826000,103101000,0.16,
7193,2015,TSCO,2015-02-18,,,,,,,,,0.16,
7194,2014,TSCO,2014-02-19,,,,,,,,,0.13,
7195,2012,TSCO,2012-12-29,3.89,3.80,1706808000,681834000,,1024974000,1706808000,51318000,0.72,
7196,2012,TSCO,2012-02-29,,,,,,,,,,
7197,2011,TSCO,2011-02-23,,,,,,,,,,
7198,2025,TSLA,2025-12-31,1.18,1.08,137806000000,54941000000,0,82137000000,137806000000,,,
7199,2024,TSLA,2024-12-31,2.23,2.04,122070000000,48390000000,0,72913000000,122070000000,,,
7200,2023,TSLA,2023-12-31,4.73,4.30,106618000000,43009000000,37000000,62634000000,106618000000,,,
7201,2022,TSLA,2022-12-31,4.02,3.62,82338000000,36440000000,37000000,44704000000,82338000000,,,
7202,2021,TSLA,2021-12-31,5.60,4.90,62131000000,30548000000,119000000,30189000000,62131000000,,,
7203,2020,TSLA,2020-12-31,0.74,0.64,52148000000,28418000000,1971000000,22225000000,52148000000,,,
7204,2019,TSLA,2019-12-31,-4.92,-4.92,34309000000,26199000000,3686000000,6618000000,34309000000,,,
7205,2018,TSLA,2018-12-31,-5.72,-5.72,29739614000,23426010000,3660316000,4923243000,29739614000,,,
7206,2017,TSLA,2017-12-31,-11.83,-11.83,28655372000,23022980000,3722673000,4237242000,28655372000,,,
7207,2016,TSLA,2016-12-31,,,22664076000,16750167000,2957288000,4752911000,22664076000,,,
7208,2015,TSLA,2015-12-31,,,8092460000,6961471000,441000000,1088944000,8092460000,,,
7209,2014,TSLA,2014-12-31,,,5849251000,4879345000,2959795000,911710000,5849251000,,,
7210,2013,TSLA,2013-12-31,,,2416930000,1749810000,441000000,667120000,2416930000,,,
7211,2012,TSLA,2012-12-31,,,1114190000,989490000,452336000,124700000,1114190000,,,
7212,2011,TSLA,2011-12-31,,,713448000,489403000,,224045000,713448000,,,
7213,2025,TSN,2025-09-27,1.37,1.33,3949000000,,,18085000000,36658000000,,0.51,
7214,2024,TSN,2024-09-28,2.31,2.25,3730000000,,1500000000,18390000000,37100000000,,0.50,
7215,2023,TSN,2023-09-30,-1.87,-1.87,3772000000,,,18133000000,36251000000,,0.49,
7216,2022,TSN,2022-10-01,9.18,8.92,3883000000,,,19702000000,36821000000,,0.48,
7217,2021,TSN,2021-10-02,8.57,8.34,3678000000,,,7000000,36309000000,,0.46,
7218,2020,TSN,2020-10-03,6.02,5.86,3508000000,,,7000000,34741000000,,0.445,
7219,2019,TSN,2019-09-28,5.67,5.52,3137000000,,1800000000,14082000000,33097000000,,0.42,
7220,2018,TSN,2018-09-29,0.88,0.85,29109000000,,900000000,12803000000,29109000000,,0.375,
7221,2017,TSN,2017-09-30,0.95,0.92,28066000000,,,10541000000,28066000000,,0.30,
7222,2016,TSN,2016-10-01,1.18,1.15,22373000000,,,9608000000,22373000000,,0.225,
7223,2015,TSN,2015-10-03,0.78,0.75,23004000000,,,9691000000,23004000000,,0.15,
7224,2014,TSN,2014-09-27,2.48,2.37,23956000000,,,8890000000,23956000000,,0.325,
7225,2013,TSN,2013-09-28,2.04,2.12,12177000000,,,6201000000,12177000000,,0.3100,
7226,2012,TSN,2012-09-29,1.64,1.58,11896000000,,,6012000000,11896000000,,0.160,
7227,2011,TSN,2011-10-01,0.81,0.78,11071000000,,,5657000000,11071000000,,0.16,
7228,2024,TT,2024-12-31,11.35,11.24,20146700000,12659800000,4770300000,7457400000,20146700000,,3.36,
7229,2023,TT,2023-12-31,8.85,8.77,19391900000,12374900000,4779800000,6995200000,19391900000,,3.00,
7230,2022,TT,2022-12-31,7.55,7.48,18081600000,11976400000,4836300000,6088600000,18081600000,,2.68,
7231,2021,TT,2021-12-31,5.96,5.87,18059800000,11786700000,4842100000,6255900000,18059800000,,2.36,
7232,2020,TT,2020-12-31,3.56,3.52,18156700000,11729600000,5272100000,6407700000,18156700000,,2.12,
7233,2019,TT,2019-12-31,5.84,5.77,10546500000,3278900000,5573400000,7267600000,10546500000,,2.12,
7234,2018,TT,2018-12-31,5.41,5.35,17914900000,10850100000,4091300000,7022700000,17914900000,,,
7235,2017,TT,2017-12-31,5.11,5.05,18173300000,10966400000,4057300000,7140300000,18173300000,,,
7236,2016,TT,2016-12-31,5.70,5.65,17397400000,10679100000,4060100000,6643800000,17397400000,,,
7237,2015,TT,2015-12-31,2.51,2.48,16738800000,10859600000,4085600000,5816700000,16738800000,,,
7238,2014,TT,2014-12-31,3.44,3.40,17298500000,11253100000,4108300000,5987400000,17298500000,,,
7239,2013,TT,2013-12-31,2.11,2.07,17658100000,10526800000,3504500000,7068900000,17658100000,,0.21,
7240,2012,TT,2012-12-31,3.35,3.28,18492900000,11263600000,3223100000,7147800000,18492900000,,0.21,
7241,2011,TT,2011-12-31,1.06,1.01,18754200000,11738500000,3576600000,6924300000,18754200000,,0.16,
7242,2025,TTWO,2025-03-31,-25.58,-25.58,9180700000,7043000000,,2137700000,9180700000,,,
7243,2024,TTWO,2024-03-31,-22.01,-22.01,12216900000,6549000000,,5667900000,12216900000,,,
7244,2023,TTWO,2023-03-31,-7.03,-7.03,15862100000,6819600000,1733000000,9042500000,15862100000,,,
7245,2022,TTWO,2022-03-31,3.62,3.58,6546219000,2736560000,,3809659000,6546219000,,,
7246,2021,TTWO,2021-03-31,5.14,5.09,6028218000,2696326000,,1376000,6028218000,,,
7247,2020,TTWO,2020-03-31,3.58,3.54,4948832000,2409588000,,1359000,4948832000,,,
7248,2019,TTWO,2019-03-31,0.50,0.50,4243065000,2202485000,,2040580000,4243065000,,,
7249,2018,TTWO,2018-03-31,0.80,0.77,3737841000,2248871000,8160000,1488970000,3737841000,,,
7250,2017,TTWO,2017-03-31,0.97,0.89,3149154000,2145426000,268149000,1003728000,3149154000,,,
7251,2016,TTWO,2016-03-31,-0.10,-0.10,2590277000,2008892000,537500000,581385000,2590277000,,,
7252,2015,TTWO,2015-03-31,-3.48,-3.48,2231100000,1668012000,537500000,563088000,2231100000,,,
7253,2014,TTWO,2014-03-31,3.79,3.20,1799630000,997824000,219975000,801806000,1799630000,,,
7254,2013,TTWO,2013-03-31,-0.34,-0.34,1277839000,689844000,125181000,587995000,1277839000,,,
7255,2012,TTWO,2012-03-31,-1.31,-1.31,1149427000,553700000,115631000,595727000,1149427000,,,
7256,2011,TTWO,2011-03-31,0.56,0.56,971659000,356380000,,,971659000,,,
7257,2024,TXN,2024-12-31,5.24,5.20,35509000000,18606000000,13600000000,16903000000,35509000000,4795000000,5.26,
7258,2023,TXN,2023-12-31,7.13,7.07,32348000000,15451000000,11220000000,16897000000,32348000000,4557000000,5.02,
7259,2022,TXN,2022-12-31,9.51,9.41,27207000000,12630000000,8740000000,14577000000,27207000000,4297000000,4.69,
7260,2021,TXN,2021-12-31,8.38,8.26,24676000000,11343000000,7740000000,13333000000,24676000000,3886000000,4.21,
7261,2020,TXN,2020-12-31,6.05,5.97,19351000000,10164000000,6800000000,9187000000,19351000000,3426000000,3.72,
7262,2019,TXN,2019-12-31,5.33,5.24,18018000000,9111000000,5800000000,8907000000,18018000000,3008000000,3.21,3008000000
7263,2018,TXN,2018-12-31,5.71,5.59,17137000000,8143000000,5068000000,8994000000,17137000000,2555000000,2.63,0
7264,2017,TXN,2017-12-31,3.68,3.61,17642000000,7305000000,4077000000,10337000000,17642000000,2104000000,2.12,0
7265,2016,TXN,2016-12-31,3.54,3.48,16431000000,5958000000,3609000000,10473000000,16431000000,1646000000,1.64,0
7266,2015,TXN,2015-12-31,2.86,2.82,16230000000,6284000000,4120000000,9946000000,16230000000,1444000000,1.40,0
7267,2014,TXN,2014-12-31,0.44,0.44,17722000000,7332000000,,10390000000,17722000000,1323000000,1.24,0
7268,2013,TXN,2013-12-31,1.94,1.91,18938000000,8131000000,,10807000000,18938000000,1175000000,1.07,1175000000
7269,2012,TXN,2012-12-31,1.53,1.51,20021000000,9060000000,4186000000,10961000000,20021000000,819000000,0.72,0
7270,2011,TXN,2011-12-31,1.91,1.88,20497000000,9545000000,4211000000,10952000000,20497000000,644000000,0.56,0
7271,2024,TXT,2024-12-28,4.38,4.33,16158000000,9229000000,0,23000000,16838000000,12000000,0.08,16000000
7272,2023,TXT,2023-12-30,4.61,4.56,16195000000,9451000000,350000000,24000000,16856000000,16000000,0.08,16000000
7273,2022,TXT,2022-12-31,,,15629000000,8724000000,350000000,28000000,16293000000,17000000,0.08,18000000
7274,2022,TXT,2022-01-01,,,14960000000,8320000000,0,28000000,15827000000,18000000,0.08,18000000
7275,2021,TXT,2021-01-02,,,14505000000,8825000000,0,29000000,15443000000,18000000,0.08,18000000
7276,2020,TXT,2020-01-04,,,14054000000,8697000000,,29000000,15018000000,18000000,0.08,18000000
7277,2018,TXT,2018-12-29,0.73,0.72,14264000000,9072000000,,5192000000,14264000000,20000000,0.08,
7278,2017,TXT,2017-12-30,0.37,0.37,15340000000,9693000000,,5647000000,15340000000,21000000,0.02,
7279,2016,TXT,2016-12-31,2.52,2.50,14708000000,9744000000,,4964000000,14708000000,22000000,0.08,
7280,2016,TXT,2016-01-02,2.52,2.50,14708000000,9744000000,,4964000000,14708000000,22000000,0.08,
7281,2015,TXT,2015-01-03,2.15,2.13,14605000000,10333000000,,4272000000,14605000000,28000000,0.08,
7282,2013,TXT,2013-12-28,1.78,1.75,11219000000,8560000000,,4384000000,12944000000,22000000,0.08,
7283,2012,TXT,2012-12-29,2.10,2.00,10711000000,8076000000,,2991000000,13033000000,17000000,0.08,
7284,2011,TXT,2011-12-31,0.31,0.28,15282000000,12310000000,,2972000000,15282000000,22000000,0.02,
7285,2011,TXT,2011-01-01,0.31,0.28,15282000000,12310000000,,2972000000,15282000000,22000000,0.08,
7286,2024,TYL,2024-12-31,6.17,6.05,572224000,1791593000,597934000,481000,5180015000,,,
7287,2023,TYL,2023-12-31,3.95,3.88,631117000,1738668000,646007000,481000,4676663000,,,
7288,2022,TYL,2022-12-31,3.95,3.87,636377000,2063028000,987389000,481000,4687417000,,,
7289,2021,TYL,2021-12-31,3.95,3.82,965966000,2408129000,748511000,481000,4732161000,,,
7290,2020,TYL,2020-12-31,4.87,4.69,847672000,,,481000,2607274000,,,
7291,2019,TYL,2019-12-31,3.79,3.65,834010000,,,481000,2191614000,,,
7292,2018,TYL,2018-12-31,3.84,0.95,1790963000,,,1324846000,1790963000,,,
7293,2017,TYL,2017-12-31,4.40,0.83,1589592000,,,1167094000,1589592000,,,
7294,2016,TYL,2016-12-31,0.50,0.47,1357945000,,,915525000,1357945000,,,
7295,2015,TYL,2015-12-31,1.90,1.77,1356570000,,,858857000,1356570000,,,
7296,2014,TYL,2014-12-31,1.79,1.66,573982000,,,336973000,573982000,,,
7297,2013,TYL,2013-12-31,1.23,1.13,444488000,,,246319000,444488000,,,
7298,2012,TYL,2012-12-31,1.09,0.17,338315000,,,145299000,338315000,,,
7299,2011,TYL,2011-12-31,0.88,0.17,295391000,,,78110000,295391000,,,
7300,2025,UA,2025-03-31,-0.47,-0.47,4300871000,2410593000,595125000,63000,4300871000,,,
7301,2024,UA,2024-03-31,0.53,0.52,4760734000,2607448000,675792000,63000,4760734000,,,
7302,2023,UA,2023-03-31,0.86,0.84,4857083000,2858680000,674478000,63000,4857083000,,,
7303,2021,UA,2021-12-31,0.77,0.77,4991396000,2902402000,662531000,63000,4991396000,,,
7304,2020,UA,2020-12-31,-1.21,-1.21,5030628000,3354635000,412468000,62000,5030628000,,,
7305,2019,UA,2019-12-31,0.20,0.20,4843531000,2693444000,600000000,62000,4843531000,,,
7306,2018,UA,2018-12-31,-0.10,-0.10,4245022000,2228151000,736250000,62000,4245022000,0,,
7307,2017,UA,2017-12-31,-0.01,-0.01,4006367000,1987725000,801250000,2018642000,4006367000,,,
7308,2016,UA,2016-12-31,0.04,0.04,3644331000,1613431000,828250000,2030900000,3644331000,,,
7309,2015,UA,2015-12-31,0.05,0.05,2868900000,1200678000,669000000,1668222000,2868900000,,,
7310,2014,UA,2014-12-31,0.06,0.06,2095083000,744783000,284201000,1350300000,2095083000,,,
7311,2013,UA,2013-12-31,1.54,1.50,1577741000,524387000,52923000,1053354000,1577741000,,,
7312,2012,UA,2012-12-31,1.23,1.21,1157083000,340161000,61889000,816922000,1157083000,,,
7313,2011,UA,2011-12-31,0.24,0.23,919210000,282778000,77724000,636432000,919210000,,,
7314,2025,UAA,2025-03-31,-0.47,-0.47,4300871000,2410593000,595125000,63000,4300871000,,,
7315,2024,UAA,2024-03-31,0.53,0.52,4760734000,2607448000,675792000,63000,4760734000,,,
7316,2023,UAA,2023-03-31,0.86,0.84,4857083000,2858680000,674478000,63000,4857083000,,,
7317,2021,UAA,2021-12-31,0.77,0.77,4991396000,2902402000,662531000,63000,4991396000,,,
7318,2020,UAA,2020-12-31,-1.21,-1.21,5030628000,3354635000,412468000,62000,5030628000,,,
7319,2019,UAA,2019-12-31,0.20,0.20,4843531000,2693444000,600000000,62000,4843531000,,,
7320,2018,UAA,2018-12-31,-0.10,-0.10,4245022000,2228151000,736250000,62000,4245022000,0,,
7321,2017,UAA,2017-12-31,-0.01,-0.01,4006367000,1987725000,801250000,2018642000,4006367000,,,
7322,2016,UAA,2016-12-31,0.04,0.04,3644331000,1613431000,828250000,2030900000,3644331000,,,
7323,2015,UAA,2015-12-31,0.05,0.05,2868900000,1200678000,669000000,1668222000,2868900000,,,
7324,2014,UAA,2014-12-31,0.06,0.06,2095083000,744783000,284201000,1350300000,2095083000,,,
7325,2013,UAA,2013-12-31,1.54,1.50,1577741000,524387000,52923000,1053354000,1577741000,,,
7326,2012,UAA,2012-12-31,1.23,1.21,1157083000,340161000,61889000,816922000,1157083000,,,
7327,2011,UAA,2011-12-31,0.24,0.23,919210000,282778000,77724000,636432000,919210000,,,
7328,2024,UAL,2024-12-31,9.58,9.45,74083000000,,24653000000,4000000,74083000000,,,
7329,2023,UAL,2023-12-31,7.98,7.89,71104000000,,29075000000,4000000,71104000000,,,
7330,2022,UAL,2022-12-31,2.26,2.23,67358000000,,31194000000,4000000,67358000000,,,
7331,2021,UAL,2021-12-31,-6.10,-6.10,68175000000,,33363000000,4000000,68175000000,,,
7332,2020,UAL,2020-12-31,-25.30,-25.30,59548000000,,26747000000,4000000,59548000000,,,
7333,2019,UAL,2019-12-31,11.63,11.58,52611000000,,14552000000,3000000,52611000000,,,
7334,2018,UAL,2018-12-31,0.52,0.52,44792000000,,13636000000,9995000000,44792000000,,,
7335,2017,UAL,2017-12-31,7.04,7.02,42326000000,,101000000,8806000000,42326000000,,,
7336,2016,UAL,2016-12-31,6.86,6.85,40140000000,,192000000,8659000000,40140000000,,,
7337,2015,UAL,2015-12-31,19.52,19.47,40861000000,,875000000,8966000000,40861000000,,,
7338,2014,UAL,2014-12-31,3.05,2.93,37353000000,,11434000000,2396000000,37353000000,,,
7339,2013,UAL,2013-12-31,1.64,1.53,36812000000,,11708000000,2984000000,36812000000,,,
7340,2012,UAL,2012-12-31,-2.18,-2.18,37628000000,,12404000000,481000000,37628000000,,,
7341,2011,UAL,2011-12-31,-0.65,-0.65,37988000000,,11907000000,1806000000,37988000000,,,
7342,2024,UBER,2024-12-31,4.71,4.56,51244000000,28768000000,9575000000,21558000000,51244000000,,0,
7343,2023,UBER,2023-12-31,0.93,0.87,38699000000,26017000000,9560000000,11249000000,38699000000,,0,
7344,2022,UBER,2022-12-31,-4.64,-4.65,32109000000,23605000000,9361000000,7340000000,32109000000,,0,
7345,2021,UBER,2021-12-31,-0.26,-0.29,38774000000,23425000000,9388000000,14458000000,38774000000,,0,
7346,2020,UBER,2020-12-31,-3.86,-3.86,33252000000,19498000000,7914000000,12266000000,33252000000,,0,
7347,2019,UBER,2019-12-31,-6.81,-6.81,31761000000,16578000000,5791000000,14190000000,31761000000,,0,
7348,2024,UDR,2024-12-31,0.26,0.26,1207997000,6436691000,1115798000,3443205000,10897586000,,1.7,
7349,2023,UDR,2023-12-31,1.34,1.34,68000000.0,6420801000,1213751000,3991144000,11373242000,,1.68,
7350,2022,UDR,2022-12-31,0.26,0.26,85700000,6100325000,1005622000,4098085000,11038470000,,1.52,
7351,2021,UDR,2021-12-31,0.49,0.48,111522000,6001474000,1006762000,3442874000,10775220000,,1.45,
7352,2020,UDR,2020-12-31,0.20,0.20,118399000,5522648000,835215000,3234200000,9637533000,,1.44,
7353,2019,UDR,2019-12-31,0.63,0.63,9636472000,5228493000,1122505000,3358542000,9636472000,,1.37,
7354,2018,UDR,2018-12-31,0.30,0.30,7711728000,3816211000,3547787000,2905625000,7711728000,,1.2900,
7355,2017,UDR,2017-12-31,0.09,0.09,7733273000,3949771000,71000000,2825800000,7733273000,,1.24,
7356,2016,UDR,2016-12-31,0.04,0.04,7679584000,3673132000,3401478000,3093110000,7679584000,,1.1800,
7357,2015,UDR,2015-12-31,0.28,0.28,7663844000,3816797000,3570795000,2899755000,7663844000,,1.11,
7358,2014,UDR,2014-12-31,0.60,0.59,6846534000,3828104000,3583105000,2735097000,6846534000,,1.040,
7359,2013,UDR,2013-12-31,,,6807722000,3777621000,3523703000,2811648000,6807722000,,0.940,
7360,2012,UDR,2012-12-31,,,6888509000,3671259000,3409333000,2992916000,6888509000,,0.880,
7361,2011,UDR,2011-12-31,,,6721354000,4166095000,,2314050000,6721354000,,0.80,
7362,2024,UHS,2024-12-31,17.16,16.82,14469749000,,4504541000,6666207000,14469749000,,,
7363,2023,UHS,2023-12-31,10.35,10.23,6201235000,,4912469000,6149001000,13967602000,,,
7364,2022,UHS,2022-12-31,9.23,9.14,5993887000,,4807980000,5920582000,13494188000,,,
7365,2021,UHS,2021-12-31,11.99,11.82,5534912000,,4190288000,6089664000,13093543000,,,
7366,2020,UHS,2020-12-31,11.06,10.99,4927456000,,3856251000,6317146000,13476879000,,,
7367,2019,UHS,2019-12-31,9.16,9.13,4405643000,,3984127000,5504105000,11668250000,,,
7368,2018,UHS,2018-12-31,8.35,8.31,11265480000,,3998633000,5389262000,11265480000,37342000,,
7369,2017,UHS,2017-12-31,7.86,7.81,10761828000,,4040009000,4989514000,10761828000,38211000,,
7370,2016,UHS,2016-12-31,7.22,7.14,10317802000,,4136125000,4533220000,10317802000,38875000,,
7371,2015,UHS,2015-12-31,6.89,6.76,9634113000,,3450025000,4249647000,9634113000,39532000,,
7372,2014,UHS,2014-12-31,5.52,5.42,8974443000,,3278534000,3735946000,8974443000,29665000,,
7373,2013,UHS,2013-12-31,5.21,5.14,8311723000,,3309074000,3249979000,8311723000,19621000,,
7374,2012,UHS,2012-12-31,4.57,4.53,8200843000,,3730020000,2713345000,8200843000,58395000,,
7375,2011,UHS,2011-12-31,1.17,1.15,7665245000,,3653907000,2296352000,7665245000,19466000,,
7376,2025,ULTA,2025-02-01,25.44,25.34,6001693000,3513340000,,468000,6001693000,,,
7377,2024,ULTA,2024-02-03,26.18,26.03,5707011000,3427683000,,491000,5707011000,,,
7378,2023,ULTA,2023-01-28,24.17,24.01,5370411000,3410600000,,511000,5370411000,,,
7379,2022,ULTA,2022-01-29,18.09,17.98,4764379000,3229006000,,530000,4764379000,,,
7380,2021,ULTA,2021-01-30,3.12,3.11,5089969000,3090420000,,569000,5089969000,,,
7381,2020,ULTA,2020-02-01,12.21,12.15,4863872000,2961778000,,573000,4863872000,,,
7382,2019,ULTA,2019-02-02,11.00,10.94,3191172000,1370954000,,1820218000,3191172000,,,
7383,2018,ULTA,2018-02-03,9.02,8.96,2908687000,1134470000,,1774217000,2908687000,,,
7384,2017,ULTA,2017-01-28,6.55,6.52,2551878000,1001660000,,1550218000,2551878000,,,
7385,2016,ULTA,2016-01-30,5.00,4.98,2230918000,788032000,,1442886000,2230918000,,,
7386,2015,ULTA,2015-01-31,4.00,3.98,1983170000,735661000,,1247509000,1983170000,,0.00,
7387,2014,ULTA,2014-02-01,3.17,3.15,1602727000,599633000,,1003094000,1602727000,,,
7388,2013,ULTA,2013-02-02,2.73,2.68,1275249000,488307000,,786942000,1275249000,62482000,1.00,62482000
7389,2012,ULTA,2012-01-28,1.96,1.90,957217000,372513000,,584704000,957217000,,,
7390,2011,ULTA,2011-01-29,,,,,,,,,,
7391,2024,UNH,2024-12-31,15.64,15.51,119009000000,195687000000,,92658000000,298278000000,7533000000,,
7392,2023,UNH,2023-12-31,24.12,23.86,110943000000,174801000000,,88756000000,273720000000,6761000000,,
7393,2022,UNH,2022-12-31,21.47,21.18,107094000000,159358000000,,77772000000,245705000000,5991000000,,
7394,2021,UNH,2021-12-31,18.33,18.08,102967000000,135727000000,,71760000000,212206000000,5280000000,,
7395,2020,UNH,2020-12-31,16.23,16.03,98229000000,126750000000,,65491000000,197289000000,4584000000,,
7396,2019,UNH,2019-12-31,14.55,14.33,88250000000,111727000000,,57616000000,173889000000,3932000000,,
7397,2018,UNH,2018-12-31,2.94,2.87,152221000000,95994000000,,51696000000,152221000000,3320000000,,
7398,2017,UNH,2017-12-31,2.28,2.23,139058000000,87036000000,,47776000000,139058000000,2773000000,2.875,
7399,2016,UNH,2016-12-31,1.69,1.67,122810000000,82621000000,,38274000000,122810000000,2261000000,2.375,
7400,2015,UNH,2015-12-31,1.48,1.46,111383000000,75922000000,,33830000000,111383000000,1786000000,1.8750,
7401,2014,UNH,2014-12-31,1.12,1.10,86382000000,52540000000,,32454000000,86382000000,1362000000,1.4050,
7402,2013,UNH,2013-12-31,5.59,5.50,81882000000,48558000000,14804000000,32149000000,81882000000,1056000000,1.0525,
7403,2012,UNH,2012-12-31,5.38,5.28,80885000000,47586000000,,31178000000,80885000000,-820000000,0.8000,
7404,2011,UNH,2011-12-31,4.81,4.73,67889000000,39597000000,,28292000000,67889000000,651000000,0.6125,
7405,2024,UNM,2024-12-31,9.49,9.46,61959300000,50998200000,3739800000,19500000,61959300000,296500000,,
7406,2023,UNM,2023-12-31,0.05,0.05,15561100000,53603800000,3430400000,19400000,63255200000,277100000,,
7407,2022,UNM,2022-12-31,0.05,0.05,16278700000,52237400000,3429800000,30800000,61434900000,254200000,,
7408,2021,UNM,2021-12-31,4.04,4.02,18696300000,58699200000,,30700000,70115600000,239400000,,
7409,2020,UNM,2020-12-31,3.89,3.89,19034200000,59754800000,3345700000,30700000,70625800000,231900000,,
7410,2019,UNM,2019-12-31,5.25,5.24,18586300000,57048400000,3326600000,30600000,67013400000,229200000,,
7411,2018,UNM,2018-12-31,1.23,1.23,61875600000,53253800000,2971300000,8621800000,61875600000,215600000,,
7412,2017,UNM,2017-12-31,1.00,1.00,64013100000,54438200000,2938300000,9574900000,64013100000,196000000,,
7413,2016,UNM,2016-12-31,0.88,0.88,61941500000,52973500000,2999400000,8968000000,61941500000,182600000,,
7414,2015,UNM,2015-12-31,0.85,0.84,60589700000,51925800000,2827500000,8663900000,60589700000,174200000,,
7415,2014,UNM,2014-12-31,0.88,0.88,62497100000,53944700000,2780600000,8552400000,62497100000,159400000,,
7416,2013,UNM,2013-12-31,3.24,3.23,59403600000,50744500000,165800000,8659100000,59403600000,146500000,,
7417,2012,UNM,2012-12-31,3.18,3.17,62236100000,53623500000,500000000,8612600000,62236100000,133800000,,
7418,2011,UNM,2011-12-31,0.78,0.78,60179000000,51602000000,358800000,8577000000,60179000000,121000000,,
7419,2024,UNP,2024-12-31,11.10,11.09,67715000000,50825000000,31192000000,2783000000,67715000000,3213000000,5.28,3212000000
7420,2023,UNP,2023-12-31,10.47,10.45,67132000000,52344000000,32579000000,2782000000,67132000000,3173000000,5.2,
7421,2022,UNP,2022-12-31,11.24,11.21,65449000000,53286000000,33326000000,2782000000,65449000000,3159000000,5.08,
7422,2021,UNP,2021-12-31,9.98,9.95,63525000000,49364000000,29729000000,2781000000,63525000000,2800000000,4.29,
7423,2020,UNP,2020-12-31,7.90,7.88,62398000000,45440000000,26729000000,16958000000,62398000000,2626000000,3.88,
7424,2019,UNP,2019-12-31,8.41,8.38,61673000000,43545000000,25200000000,18128000000,61673000000,2598000000,3.70,
7425,2018,UNP,2018-12-31,1.69,1.68,59147000000,38724000000,22391000000,20423000000,59147000000,2299000000,3.06,
7426,2017,UNP,2017-12-31,1.32,1.32,57806000000,32950000000,16944000000,24856000000,57806000000,1982000000,2.48,
7427,2016,UNP,2016-12-31,1.16,1.16,55718000000,35786000000,15007000000,19932000000,55718000000,1879000000,2.255,
7428,2015,UNP,2015-12-31,1.31,1.30,54600000000,33898000000,14201000000,20702000000,54600000000,2344000000,2.20,
7429,2014,UNP,2014-12-31,5.77,5.75,52716000000,31527000000,9266000000,21189000000,52716000000,1632000000,1.91,
7430,2013,UNP,2013-12-31,9.47,9.42,49731000000,28506000000,8068000000,21225000000,49731000000,1333000000,2.96,
7431,2012,UNP,2012-12-31,8.33,8.27,47153000000,27276000000,6950000000,19877000000,47153000000,1146000000,2.49,
7432,2011,UNP,2011-12-31,6.78,6.72,45096000000,26518000000,6801000000,18578000000,45096000000,837000000,1.93,
7433,2024,UPS,2024-12-31,6.76,6.75,38657000000,,21030000000,16718000000,70070000000,5399000000,,5594000000
7434,2023,UPS,2023-12-31,7.81,7.80,38368000000,,21998000000,17306000000,70857000000,5372000000,,5611000000
7435,2022,UPS,2022-12-31,-0.07,-0.07,38303000000,,0,19786000000,71124000000,5114000000,,5363000000
7436,2021,UPS,2021-12-31,14.75,14.68,35746000000,,0,14253000000,69405000000,3437000000,,3604000000
7437,2020,UPS,2020-12-31,1.55,1.54,35067000000,,15000000,657000000,62408000000,3374000000,,3552000000
7438,2019,UPS,2019-12-31,5.14,5.11,32795000000,,2172000000,3267000000,57857000000,3194000000,,3341000000
7439,2018,UPS,2018-12-31,1.55,1.55,50016000000,,22349000000,3021000000,50016000000,3011000000,,3189000000
7440,2017,UPS,2017-12-31,1.32,1.32,45403000000,,23886000000,1000000000,45403000000,2771000000,,2928000000
7441,2016,UPS,2016-12-31,1.27,1.27,40377000000,,15557000000,405000000,40377000000,2643000000,,2771000000
7442,2015,UPS,2015-12-31,1.13,1.12,38311000000,,13692000000,2470000000,38311000000,2525000000,,2649000000
7443,2014,UPS,2014-12-31,0.99,0.98,35471000000,,10081000000,2141000000,35471000000,2366000000,,2487000000
7444,2013,UPS,2013-12-31,4.65,4.61,36212000000,,10279000000,6474000000,36212000000,2260000000,,2367000000
7445,2012,UPS,2012-12-31,0.84,0.83,38863000000,,11992000000,4653000000,38863000000,2130000000,,2243000000
7446,2011,UPS,2011-12-31,3.88,3.84,34701000000,,11128000000,7035000000,34701000000,1997000000,,2086000000
7447,2025,URBN,2025-01-31,4.34,4.26,4519480000,2047976000,,9000,4519480000,,,
7448,2024,URBN,2024-01-31,3.1,3.05,4111209000,1998669000,,9000,4111209000,,,
7449,2023,URBN,2023-01-31,1.71,1.70,3682912000,1890229000,,9000,3682912000,,,
7450,2022,URBN,2022-01-31,3.17,3.13,3791347000,2045607000,,10000,3791347000,,,
7451,2021,URBN,2021-01-31,0.01,0.01,3546345000,2068987000,,10000,3546345000,,,
7452,2020,URBN,2020-01-31,1.68,1.67,3315633000,1860278000,,10000,3315633000,,,
7453,2019,URBN,2019-01-31,2.75,2.72,2160515000,671417000,,1489098000,2160515000,,,
7454,2018,URBN,2018-01-31,0.97,0.96,1952780000,651877000,,1300903000,1952780000,,,
7455,2017,URBN,2017-01-31,1.87,1.86,1902637000,589553000,,1313084000,1902637000,,,
7456,2016,URBN,2016-01-31,1.79,1.78,1833301000,696074000,,1137227000,1833301000,,,
7457,2015,URBN,2015-01-31,1.70,1.68,1888741000,560772000,,1327969000,1888741000,,,
7458,2014,URBN,2014-01-31,1.92,1.89,2221214000,527044000,,1694170000,2221214000,,,
7459,2013,URBN,2013-01-31,1.63,1.62,1797211000,442623000,,1354588000,1797211000,,,
7460,2012,URBN,2012-01-31,1.20,1.19,1483708000,417440000,,1066268000,1483708000,,,
7461,2011,URBN,2011-01-31,1.64,1.60,1794321000,382773000,,1411548000,1794321000,,,
7462,2025,URI,2025-12-31,7.92,7.91,21787000000,20898000000,1459000000,8968000000,29866000000,464000000,7.16,
7463,2024,URI,2024-12-31,8.06,8.04,21044000000,19541000000,0,8622000000,28163000000,434000000,6.52,
7464,2023,URI,2023-12-31,6.50,6.47,20411000000,17459000000,100000000,8130000000,25589000000,406000000,5.92,
7465,2022,URI,2022-12-31,5.07,5.05,19604000000,17121000000,100000000,7062000000,24183000000,,,
7466,2021,URI,2021-12-31,2.81,2.80,16087000000,14301000000,843000000,5991000000,20292000000,,,
7467,2020,URI,2020-12-31,2.33,2.33,15051000000,13323000000,634000000,4545000000,17868000000,,,
7468,2019,URI,2019-12-31,2.21,2.19,16036000000,22000000,1669000000,1000000,3852000000,,,
7469,2018,URI,2018-12-31,2.18,2.15,15597000000,23000000,1669000000,1000000,3426000000,,,
7470,2017,URI,2017-12-31,1.29,1.27,15030000000,11924000000,9516000000,3106000000,15030000000,,,
7471,2016,URI,2016-12-31,1.01,1.01,11988000000,10340000000,7843000000,1648000000,11988000000,,,
7472,2015,URI,2015-12-31,1.19,1.16,12083000000,10607000000,8206000000,1476000000,12083000000,,,
7473,2014,URI,2014-12-31,5.54,5.15,12467000000,10669000000,7992000000,1796000000,12467000000,,,
7474,2013,URI,2013-12-31,4.14,3.64,11231000000,9383000000,7137000000,1828000000,11231000000,,,
7475,2012,URI,2012-12-31,0.91,0.79,11026000000,9452000000,7278000000,1543000000,11026000000,,,
7476,2011,URI,2011-12-31,,,,,,,,,,
7477,2024,USB,2024-12-31,3.79,3.79,678318000000,619278000000,0,58578000000,678318000000,,1.98,3110000000
7478,2023,USB,2023-12-31,3.27,3.27,663491000000,607720000000,1000000000,55306000000,663491000000,,1.93,3000000000
7479,2022,USB,2022-12-31,3.69,3.69,674805000000,623573000000,1000000000,50766000000,674805000000,,1.88,2829000000
7480,2021,USB,2021-12-31,5.11,5.10,573284000000,517897000000,1300000000,54918000000,573284000000,,1.76,2630000000
7481,2020,USB,2020-12-31,3.06,3.06,553905000000,500180000000,1300000000,53095000000,553905000000,,1.68,2541000000
7482,2019,USB,2019-12-31,4.16,4.16,495426000000,442943000000,1300000000,51853000000,495426000000,,1.58,2493000000
7483,2018,USB,2018-12-31,4.15,4.14,467374000000,415717000000,41340000000,51029000000,467374000000,,1.34,2190000000
7484,2017,USB,2017-12-31,3.53,3.51,462040000000,412374000000,32259000000,49040000000,462040000000,,1.16,1950000000
7485,2016,USB,2016-12-31,3.25,3.24,445964000000,398031000000,33323000000,47298000000,445964000000,,1.070,1842000000
7486,2015,USB,2015-12-31,3.18,3.16,421853000000,375036000000,32078000000,46131000000,421853000000,,1.010,1785000000
7487,2014,USB,2014-12-31,3.10,3.08,402529000000,358361000000,32260000000,43479000000,402529000000,,0.965,1745000000
7488,2013,USB,2013-12-31,3.02,3.00,364021000000,322214000000,20049000000,41113000000,364021000000,,0.885,1631000000
7489,2012,USB,2012-12-31,2.85,2.84,353855000000,313588000000,25516000000,38998000000,353855000000,,0.78,1474000000
7490,2011,USB,2011-12-31,2.47,2.46,340122000000,305151000000,31953000000,33978000000,340122000000,,0.50,961000000
7491,2025,V,2025-09-30,10.22,10.20,99627000000,61718000000,25200000000,,99627000000,4634000000,0.59,4600000000
7492,2024,V,2024-09-30,9.74,9.73,94511000000,55374000000,20800000000,,94511000000,4217000000,0.52,4200000000
7493,2023,V,2023-09-30,8.29,8.28,90499000000,51766000000,20500000000,,90499000000,3751000000,0.45,
7494,2022,V,2022-09-30,7.01,7.00,85501000000,49920000000,,,85501000000,3203000000,0.375,
7495,2021,V,2021-09-30,5.63,5.63,82896000000,45307000000,21000000000,,82896000000,2798000000,0.32,
7496,2020,V,2020-09-30,4.90,4.89,80919000000,44709000000,24100000000,,80919000000,2664000000,0.30,
7497,2019,V,2019-09-30,5.32,5.32,72574000000,37890000000,16700000000,,72574000000,2269000000,,
7498,2018,V,2018-09-30,4.43,4.42,69225000000,35219000000,16630000000,,69225000000,1918000000,,
7499,2017,V,2017-09-30,2.80,2.80,67977000000,35217000000,16618000000,,67977000000,1579000000,,
7500,2016,V,2016-09-30,2.49,2.48,64035000000,31123000000,15882000000,,64035000000,1350000000,,
7501,2015,V,2015-09-30,2.58,2.58,40236000000,10394000000,,,40236000000,1177000000,0.12,
7502,2014,V,2014-09-30,8.65,8.62,38569000000,11156000000,,,38569000000,1006000000,0.40,
7503,2013,V,2013-09-30,7.61,7.59,35956000000,9086000000,,,35956000000,864000000,0.33,
7504,2012,V,2012-09-30,3.17,3.16,40013000000,12383000000,,,40013000000,595000000,0.22,
7505,2011,V,2011-09-30,5.18,5.16,34760000000,8323000000,,26437000000,34760000000,423000000,0.15,
7506,2025,VFC,2025-03-29,-0.49,-0.48,1592896000,7890177000,3951179000,97424000,9377536000,,0.36,
7507,2024,VFC,2024-03-30,-2.49,-2.49,1544364000,9954598000,5686846000,97209000,11612963000,,,246054000
7508,2023,VFC,2023-04-01,0.31,0.31,1936090000,11079775000,6618081000,97166000,13990488000,,,203394000
7509,2022,VFC,2022-04-02,3.55,3.53,1307244000,9811853000,5067023000,97075000,13342208000,,,2597000
7510,2021,VFC,2021-04-03,1.05,1.04,1019244000,10697865000,5690861000,97985000,13754029000,,,564904000
7511,2020,VFC,2020-03-28,-1.24,-1.22,1182148000,7775917000,2585514000,97203000,11133251000,,1.90,748663000
7512,2019,VFC,2019-03-30,0.33,0.32,10356785000,6058269000,2087015000,4298516000,10356785000,,1.94,767061000
7513,2017,VFC,2017-12-30,0.51,0.50,9958502000,6238602000,2152073000,3719900000,9958502000,,,684679000
7514,2016,VFC,2016-12-31,0.73,0.72,9639542000,4254704000,2275074000,5384838000,9639542000,,,565275000
7515,2016,VFC,2016-01-02,2.90,2.85,9639542000,4254704000,1393953000,5384838000,9639542000,,,565275000
7516,2015,VFC,2015-01-03,2.42,2.38,9980140000,,1402648000,,9980140000,,,478933000
7517,2013,VFC,2013-12-28,2.76,2.71,10315443000,,1402528000,,10315443000,,,402136000
7518,2012,VFC,2012-12-29,9.89,9.70,9633021000,,1802410000,5125625000,9633021000,,,333229000
7519,2011,VFC,2011-12-31,5.25,5.18,6457556000,,1802294000,3861219000,6457556000,,,
7520,2011,VFC,2011-01-01,5.25,5.18,6457556000,,903816000,3861219000,6457556000,,,
7521,2024,BK,2024-12-31,5.84,5.80,138000000000,374300000000,28006000000,41318000000,416064000000,1542000000,,1348000000
7522,2023,BK,2023-12-31,3.89,3.87,134000000000,368944000000,28886000000,40874000000,409953000000,1487000000,,1262000000
7523,2022,BK,2022-12-31,2.91,2.90,138000000000,364933000000,28108000000,40734000000,405783000000,1376000000,,1165000000
7524,2021,BK,2021-12-31,4.17,4.14,189000000,401047000000,23053000000,43034000000,444438000000,1323000000,,1126000000
7525,2020,BK,2020-12-31,3.84,3.83,469146000000,423510000000,25984000000,45801000000,469633000000,1296000000,,1117000000
7526,2019,BK,2019-12-31,4.53,4.51,381263000000,339779000000,27501000000,41483000000,381508000000,1289000000,,1120000000
7527,2018,BK,2018-12-31,4.06,4.04,362873000000,322005000000,29163000000,40638000000,362873000000,1221000000,,1052000000
7528,2017,BK,2017-12-31,3.74,3.72,371758000000,330012000000,27979000000,41251000000,371758000000,1076000000,,901000000
7529,2016,BK,2016-12-31,3.16,3.15,333469000000,293889000000,24463000000,38811000000,333469000000,900000000,,778000000
7530,2014,BK,2014-12-31,2.17,2.15,385303000000,346600000000,20264000000,37441000000,385303000000,,,763000000
7531,2013,BK,2013-12-31,1.75,1.74,363038000000,335776000000,19864000000,37521000000,374310000000,,,681000000
7532,2012,BK,2012-12-31,2.04,2.03,358990000000,321548000000,18530000000,36431000000,358990000000,,,623000000
7533,2011,BK,2011-12-31,2.03,2.03,325266000000,291065000000,19933000000,33417000000,325266000000,,,593000000
7534,2024,VICI,2024-12-31,2.56,2.56,45368940000,18417139000,16732889000,26537955000,45368940000,1752991000,0.4150,
7535,2023,VICI,2023-12-31,2.48,2.47,44059841000,18402067000,16724125000,25255931000,44059841000,1583840000,0.3900,
7536,2022,VICI,2022-12-31,1.27,1.27,37575826000,15285713000,13739675000,21933637000,37575826000,1219117000,0.3600,
7537,2021,VICI,2021-12-31,1.80,1.76,17499533000,5392844000,0,12108268000,17597373000,758790000,0.3300,
7538,2020,VICI,2020-12-31,1.76,1.75,16968975000,7551391000,0,9415839000,17063613000,612205000,0.2975,
7539,2019,VICI,2019-12-31,1.25,1.24,13177318000,5199029000,0,7965183000,13265619000,503958000,0.2875,
7540,2018,VICI,2018-12-31,1.43,1.43,11247637000,4432346000,498500000,6817449000,11333368000,262682000,0.2625,
7541,2017,VICI,2017-12-31,0.19,0.19,9739712000,4963348000,4816892000,4691489000,9739712000,31501000,,
7542,2024,VLO,2024-12-31,8.58,8.58,46729000000,,8085000000,24512000000,60143000000,,,
7543,2023,VLO,2023-12-31,24.93,24.92,49031000000,,9218000000,26346000000,63056000000,,,
7544,2022,VLO,2022-12-31,29.05,29.04,48484000000,,9241000000,23561000000,60982000000,,,
7545,2021,VLO,2021-12-31,2.27,2.27,47365000000,,11950000000,18430000000,57888000000,,,
7546,2020,VLO,2020-12-31,-3.50,-3.50,42939000000,,13013000000,18801000000,51774000000,,,
7547,2019,VLO,2019-12-31,5.84,5.84,47067000000,,8881000000,-676000000,43984000000,,,
7548,2018,VLO,2018-12-31,1.09,1.09,50155000000,,8503000000,21667000000,50155000000,,,
7549,2017,VLO,2017-12-31,0.68,0.68,50158000000,,8310000000,21991000000,50158000000,,,
7550,2016,VLO,2016-12-31,1.05,1.05,46173000000,,7926000000,20024000000,46173000000,,,
7551,2015,VLO,2015-12-31,1.87,1.87,44343000000,,7292000000,20527000000,44343000000,,,
7552,2014,VLO,2014-12-31,1.55,1.54,45550000000,,6354000000,20677000000,45550000000,,,
7553,2013,VLO,2013-12-31,4.99,4.97,47260000000,1639000000,6525000000,19460000000,47260000000,,,
7554,2012,VLO,2012-12-31,3.77,3.75,44477000000,,7000000000,18032000000,44477000000,,,
7555,2011,VLO,2011-12-31,3.69,3.68,42783000000,,7690000000,16423000000,42783000000,,,
7556,2024,VLTO,2024-12-31,3.37,3.34,2450000000,,697000000,2038000000,6406000000,89000000,0.11,
7557,2023,VLTO,2023-12-31,3.41,3.40,2508000000,,696000000,1383000000,5693000000,,,-22000000
7558,2024,VMC,2024-12-31,6.89,6.85,14294600000,8962300000,5307400000,8118600000,17104800000,,1.84,
7559,2023,VMC,2023-12-31,7.02,6.98,11749600000,7037800000,3877800000,7483400000,14545700000,,,
7560,2022,VMC,2022-12-31,4.33,4.31,11575200000,7282400000,3875700000,6928600000,14234600000,,,
7561,2021,VMC,2021-12-31,5.05,5.02,10917800000,7114900000,3880000000.0,6545000000.0,13682600000,,,
7562,2020,VMC,2020-12-31,4.41,4.39,9459185000,5659575000,3287675000,132516000,11686905000,,,
7563,2019,VMC,2019-12-31,4.67,4.63,9334218000,5026936000,2784340000,132371000,10648793000,,,
7564,2018,VMC,2018-12-31,0.40,0.39,9832130000,4629227000,2779380000,5202903000,9832130000,,,
7565,2017,VMC,2017-12-31,0.34,0.33,9504891000,4535998000,2854865000,4968893000,9504891000,,,
7566,2016,VMC,2016-12-31,0.30,0.30,8471475000,3898999000,1982889000,4572476000,8471475000,,0.80,
7567,2015,VMC,2015-12-31,-0.30,-0.30,8301632000,3847444000,14000000,4454188000,8301632000,,0.40,
7568,2014,VMC,2014-12-31,0.41,0.41,8061902000,3885203000,2005584000,4176699000,8061902000,,0.22,
7569,2013,VMC,2013-12-31,-0.42,-0.42,8259143000,4321037000,2522413000,3938106000,8259143000,,0.04,
7570,2012,VMC,2012-12-31,-0.41,-0.41,8126599000,4365537000,2677003000,3761062000,8126599000,,0.04,
7571,2011,VMC,2011-12-31,-0.42,-0.42,8229314000,4437697000,2815439000,3791617000,8229314000,,0.76,
7572,2024,VNO,2024-12-31,0.04,0.04,15998608000,9826739000,1195914000,5158242000,15998608000,,0.74,141103000
7573,2023,VNO,2023-12-31,0.23,0.23,16187665000,9843931000,500000000,5509064000,16187665000,,0.675,129066000
7574,2022,VNO,2022-12-31,-2.13,-2.13,16493375000,9980263000,575000000,5839728000,16493375000,,2.12,406562000
7575,2021,VNO,2021-12-31,0.53,0.53,17266588000,10062667000,2562604000,6236346000,17266588000,,2.12,406109000
7576,2020,VNO,2020-12-31,-1.83,-1.83,16221822000,8667400000,1818447000,6533198000,16221822000,,2.38,454939000
7577,2019,VNO,2019-12-31,16.23,16.21,18287013000,10087120000,1766712000,6732030000,18287013000,,1.95,503785000
7578,2018,VNO,2018-12-31,-0.09,-0.09,17180794000,11289349000,1668823000,4465231000,17180794000,,,479348000
7579,2017,VNO,2017-12-31,0.25,0.25,17397934000,11405296000,1592348000,4337652000,17397934000,,,496490000
7580,2016,VNO,2016-12-31,4.36,4.34,20814847000,11917905000,1333422000,6898519000,20814847000,,,475961000
7581,2015,VNO,2015-12-31,3.61,3.59,21143293000,12437994000,1577297000,6697595000,21143293000,,,474751000
7582,2014,VNO,2014-12-31,4.18,4.15,21248320000,12421158000,,6745426000,21248320000,,,547831000
7583,2013,VNO,2013-12-31,2.10,2.09,20097224000,11498860000,,6765232000,20097224000,,,545913000
7584,2012,VNO,2012-12-31,2.95,2.94,21965975000,13117679000,,6850935000,21965975000,,0.69,699318000
7585,2011,VNO,2011-12-31,3.26,3.23,20446487000,11777363000,,6828316000,20446487000,,,508745000
7586,2024,VNT,2024-12-31,2.76,2.75,4310500000,3250600000,,1051100000,4310500000,15200000,,
7587,2023,VNT,2023-12-31,2.43,2.42,4294000000,3398400000,,890400000,4294000000,15500000,,
7588,2022,VNT,2022-12-31,2.50,2.49,4343300000,3763800000,2585700000,576500000,4343300000,15900000,,
7589,2021,VNT,2021-12-31,2.44,2.43,4349800000,,2583800000,569900000,4349800000,12700000,,
7590,2020,VNT,2020-12-31,2.03,2.02,3073000000.0,,1795300000,187800000,3073000000.0,,,
7591,2024,VRSK,2024-12-31,6.74,6.71,4264700000,4159700000,3091300000,100100000,4264700000,221300000,0.39,-0
7592,2023,VRSK,2023-12-31,4.19,4.17,4366100000,4043900000,2884300000,310000000,4366100000,196800000,0.34,-0
7593,2022,VRSK,2022-12-31,6.04,6.00,6961100000,5193400000,3744200000,1749300000,6961100000,195200000,0.31,-0
7594,2021,VRSK,2021-12-31,4.12,4.08,7808100000,4965600000,3323500000,2816500000,7808100000,188200000,0.29,-0
7595,2020,VRSK,2020-12-31,4.38,4.31,7561800000,4863600000,3224700000,100000,7561800000,175800000,0.27,-0
7596,2019,VRSK,2019-12-31,2.75,2.70,7055200000,4794400000,3152700000,100000,7055200000,163500000,0.25,164100000
7597,2018,VRSK,2018-12-31,3.63,3.56,5900300000,3829700000,2742300000,2070600000,5900300000,,,
7598,2017,VRSK,2017-12-31,3.36,3.29,6020300000,4094900000,3032000000,1925400000,6020300000,,,
7599,2016,VRSK,2016-12-31,3.51,3.45,4631200000,3298800000,2413900000,1332400000,4631200000,,,
7600,2015,VRSK,2015-12-31,3.07,3.01,5615927000,4243916000,3177128000,1372011000,5615927000,,,
7601,2014,VRSK,2014-12-31,2.41,2.37,2345330000,2134287000,1441084000,211043000,2345330000,,,
7602,2013,VRSK,2013-12-31,2.07,2.02,2504451000,1956862000,67500000,547589000,2504451000,,,
7603,2012,VRSK,2012-12-31,1.98,1.92,2360336000,2104745000,1461425000,255591000,2360336000,,,
7604,2011,VRSK,2011-12-31,1.70,1.63,1541106000,1639596000,30000000,-98490000,1541106000,,,
7605,2024,VRSN,2024-12-31,,,1406500000,3364400000,,-1957900000,1406500000,,,
7606,2023,VRSN,2023-12-31,,,1749000000,3330000000,,-1581000000,1749000000,,,
7607,2022,VRSN,2022-12-31,6.24,6.24,1733400000,3295600000,,-1562200000,1733400000,,,
7608,2021,VRSN,2021-12-31,7.01,7.00,1983764000,3244283000,,-1260519000,1983764000,,,
7609,2020,VRSN,2020-12-31,7.08,7.07,1766910000,3157108000,,-1390198000,1766910000,,,
7610,2019,VRSN,2019-12-31,5.17,5.15,1854009000,3344109000,,-1490100000,1854009000,,,
7611,2018,VRSN,2018-12-31,5.13,4.75,1914504000,3299978000,,-1385474000,1914504000,,,
7612,2017,VRSN,2017-12-31,4.56,3.68,2941188000,4201459000,,-1260271000,2941188000,,,
7613,2016,VRSN,2016-12-31,4.12,3.42,2334572000,3535167000,,-1200595000,2334572000,,,
7614,2015,VRSN,2015-12-31,3.29,2.82,2357737000,3428184000,,-1070447000,2357737000,,,
7615,2014,VRSN,2014-12-31,2.80,2.52,2154859000,3038325000,,-883466000,2154859000,,,
7616,2013,VRSN,2013-12-31,3.77,3.49,2660767000,3084325000,0,-423558000,2660767000,0,,
7617,2012,VRSN,2012-12-31,2.04,1.95,2062476000,2071799000,100000000,-9323000,2062476000,0,,
7618,2011,VRSN,2011-12-31,0.87,0.86,1856179000,1944286000,100000000,-88107000,1856179000,,2.75,
7619,2024,VRTX,2024-12-31,-2.08,-2.08,22533200000,6123600000,,2600000,22533200000,,,
7620,2023,VRTX,2023-12-31,14.05,13.89,22730200000,5149800000,,2600000,22730200000,,,
7621,2022,VRTX,2022-12-31,12.97,12.82,18150900000,4238200000,,2600000,18150900000,,,
7622,2021,VRTX,2021-12-31,9.09,9.01,13432500000,3332500000,,2500000,13432500000,,,
7623,2020,VRTX,2020-12-31,10.44,10.29,11751808000,3064993000,,,11751808000,,,
7624,2019,VRTX,2019-12-31,4.58,4.51,8318465000,2233221000,,,8318465000,,,
7625,2018,VRTX,2018-12-31,0.83,0.81,6245898000,1810695000,,4435203000,6245898000,,,
7626,2017,VRTX,2017-12-31,1.01,0.99,3546014000,1503708000,,2028579000,3546014000,,,
7627,2016,VRTX,2016-12-31,-0.17,-0.17,2896787000,1558596000,,1156582000,2896787000,,,
7628,2015,VRTX,2015-12-31,-2.31,-2.31,2498875000,1405247000,,939967000,2498875000,,,
7629,2014,VRTX,2014-12-31,-3.14,-3.14,2334679000,1238496000,,1075006000,2334679000,,,
7630,2013,VRTX,2013-12-31,-1.98,-1.98,2319041000,962636000,,1356405000,2319041000,,,
7631,2012,VRTX,2012-12-31,-0.50,-0.50,2759288000,1524906000,,999180000,2759288000,,,
7632,2011,VRTX,2011-12-31,0.14,0.14,2204280000,1238768000,,786843000,2204280000,,,
7633,2024,VST,2024-12-31,7.16,7.00,37770000000,32187000000,16298000000,5570000000,37770000000,,,307000000
7634,2023,VST,2023-12-31,3.63,3.58,32966000000,27644000000,14402000000,5307000000,32966000000,,,313000000
7635,2022,VST,2022-12-31,-3.26,-3.26,32787000000,27869000000,0,4902000000,32787000000,,,302000000
7636,2021,VST,2021-12-31,-2.69,-2.69,29683000000,21391000000,0,8291000000,29683000000,,,290000000
7637,2020,VST,2020-12-31,1.30,1.30,25208000000,16847000000,,8371000000,25208000000,,,266000000
7638,2019,VST,2019-12-31,1.88,1.86,10399000000,1457000000,140000000,5000000,9417000000,,,243000000
7639,2018,VST,2018-12-31,-0.71,-0.71,26024000000,18157000000,3563000000,7863000000,26024000000,0,0.00,
7640,2017,VST,2017-12-31,-0.59,-0.59,14600000000,8258000000,,6342000000,14600000000,0,0.00,
7641,2024,VTR,2024-12-31,0.20,0.19,26186906000,15047081000,13522551000,10771267000,26186906000,,1.80,
7642,2023,VTR,2023-12-31,-0.10,-0.10,759817000,14878392000,13490896000,9488058000,24725433000,,1.80,
7643,2022,VTR,2022-12-31,-0.12,-0.12,741890000,13671513000,12296780000,10152968000,24157840000,,1.80,
7644,2021,VTR,2021-12-31,0.13,0.13,749834000,13491743000,12027544000,10854385000,24717786000,,1.8000,
7645,2020,VTR,2020-12-31,1.18,1.17,649128000,13415723000,11895412000,10180167000,23929404000,,2.14250,
7646,2019,VTR,2019-12-31,1.18,1.17,666404000,244934000,12158773000,10445892000,15875910000,,3.17,
7647,2018,VTR,2018-12-31,1.15,1.14,6795142000,8891305000,10733699000,10215857000,15716860000,,3.1625,
7648,2017,VTR,2017-12-31,0.56,0.55,23954541000,12863866000,11276062000,10866226000,23954541000,,0.775,
7649,2016,VTR,2016-12-31,0.44,0.44,23166600000,12437119000,11127326000,10460240000,23166600000,,0.730,
7650,2015,VTR,2015-12-31,1.26,1.25,22261918000,12439962000,11206996000,9564327000,22261918000,,0.790,
7651,2014,VTR,2014-12-31,0.41,0.41,21226171000,12299758000,10888092000,8680184000,21226171000,,0.725,
7652,2013,VTR,2013-12-31,1.55,1.54,19731494000,10671023000,9364992000,8824281000,19731494000,,0.67,
7653,2012,VTR,2012-12-31,1.24,1.23,18980000000,9716082000,8413646000,9019128000,18980000000,,0.62,
7654,2011,VTR,2011-12-31,1.60,1.58,17271910000,278415000,502215000,9274957000,17271910000,,0.575,
7655,2024,VTRS,2024-12-31,-0.53,-0.53,41500900000,22865400000,1000000000,,41500900000,,,
7656,2023,VTRS,2023-12-31,0.05,0.05,47685500000,27218100000,1000000000,,47685500000,,0.12,
7657,2022,VTRS,2022-12-31,1.71,1.71,50022200000,28949900000,1000000000,,50022200000,,,
7658,2021,VTRS,2021-12-31,-1.05,-1.05,54842800000,34350100000,1000000000,,54842800000,,,
7659,2020,VTRS,2020-12-31,-1.11,-1.11,61553000000.0,38598900000,750000000.0,,61553000000.0,,,
7660,2019,VTRS,2019-12-31,0,,0,0,,1,0,,,
7661,2024,VZ,2024-12-31,4.15,4.14,384711000000,,8000000000,,384711000000,11249000000,2.685,
7662,2023,VZ,2023-12-31,2.76,2.75,380255000000,,8500000000,,380255000000,11025000000,2.635,
7663,2022,VZ,2022-12-31,5.06,5.06,379680000000,,7900000000,,379680000000,10805000000,2.585,
7664,2021,VZ,2021-12-31,5.32,5.32,366596000000,,0,,366596000000,10445000000,2.535,
7665,2020,VZ,2020-12-31,4.30,4.30,316481000000,,500000000,,316481000000,10232000000,2.485,
7666,2019,VZ,2019-12-31,1.22,1.22,291727000000,,3300000000,,291727000000,10016000000,2.435,
7667,2018,VZ,2018-12-31,1.11,1.11,264829000000,,,,264829000000,9772000000,2.385,
7668,2017,VZ,2017-12-31,0.85,0.84,257143000000,,2400000000,,257143000000,9472000000,2.335,
7669,2016,VZ,2016-12-31,3.22,3.21,244180000000,,,,244180000000,9262000000,2.285,
7670,2015,VZ,2015-12-31,4.38,4.37,244640000000,,,,244640000000,8538000000,2.23,
7671,2014,VZ,2014-12-31,2.42,2.42,232708000000,,,,232708000000,7803000000,2.16,
7672,2013,VZ,2013-12-31,4.01,4.00,274098000000,,93144000000,,274098000000,5936000000,2.090,
7673,2012,VZ,2012-12-31,0.31,0.31,225222000000,,51487000000,,225222000000,5230000000,2.030,
7674,2011,VZ,2011-12-31,0.51,0.51,230461000000,,53218000000,,230461000000,5555000000,1.975,
7675,2024,WAB,2024-12-31,6.05,6.04,13176000000,8569000000,224000000,10091000000,18702000000,,,
7676,2023,WAB,2023-12-31,4.54,4.53,24674000000,8464000000,0,10487000000,18988000000,,,
7677,2022,WAB,2022-12-31,3.46,3.46,21118000000,8369000000,0,10102000000,18516000000,,,
7678,2021,WAB,2021-12-31,2.96,2.96,18291000000,8215000000,0,10201000000,18454000000,,,
7679,2020,WAB,2020-12-31,2.18,2.17,15392800000,8301800000,645100000,10122300000,18454500000,,,
7680,2019,WAB,2019-12-31,1.91,1.84,14450900000,6650400000,684700000,9941500000,16606900000,,,
7681,2018,WAB,2018-12-31,0.92,0.92,8649234000,5780159000,338112000,2865131000,8649234000,,,
7682,2017,WAB,2017-12-31,0.77,0.77,6579980000,3751448000,12000000,2808868000,6579980000,,,
7683,2016,WAB,2016-12-31,1.03,1.02,6581018000,3604193000,98700000,2205977000,6581018000,,,
7684,2015,WAB,2015-12-31,1.00,0.99,3300335000,1598996000,445000000,1699607000,3300335000,,,
7685,2014,WAB,2014-12-31,3.66,3.62,3303841000,1495543000,250000000,1807242000,3303841000,,,
7686,2013,WAB,2013-12-31,3.05,3.01,2821997000,1234830000,250000000,1585259000,2821997000,12644000,,
7687,2012,WAB,2012-12-31,5.24,5.19,2351542000,1069525000,317896000,1276830000,2351542000,7666000,,
7688,2011,WAB,2011-12-31,0.85,0.85,2158953000,1111309000,395873000,1045189000,2158953000,3849000,,
7689,2024,WAT,2024-12-31,10.75,10.71,4553795000,2725288000,1630000000,1630000,4553795000,,,
7690,2023,WAT,2023-12-31,10.87,10.84,4626854000,3476513000,2360000000,1627000,4626854000,,,
7691,2022,WAT,2022-12-31,11.8,11.73,3281453000,2776965000,1580000000,1624000,3281453000,,,
7692,2021,WAT,2021-12-31,11.25,11.17,3094932000,2727378000,1520000000,1621000,3094932000,,,
7693,2020,WAT,2020-12-31,8.40,8.36,2839920000,2607776000,1360000000,1617000,2839920000,,,
7694,2019,WAT,2019-12-31,8.76,8.69,2557055000,2773336000,1685366000,1610000,2557055000,,,
7695,2018,WAT,2018-12-31,7.71,7.65,3727426000,2160168000,1150178000,1567258000,3727426000,,,
7696,2017,WAT,2017-12-31,0.25,0.25,5324354000,3090566000,2000273000,1598000,5324354000,,,
7697,2016,WAT,2016-12-31,6.46,6.41,4662059000,2360110000,1830297000,2301949000,4662059000,,,
7698,2015,WAT,2015-12-31,5.70,5.65,4268677000,2209826000,,2058851000,4268677000,,,
7699,2014,WAT,2014-12-31,,,3877934000,1983268000,,1894666000,3877934000,,,
7700,2013,WAT,2013-12-31,,,3582629000,1819456000,,1763173000,3582629000,,,
7701,2012,WAT,2012-12-31,,,3168150000,1700793000,,1467357000,3168150000,,,
7702,2011,WAT,2011-12-31,,,2723234000,1496656000,,1226578000,2723234000,,,
7703,2024,WBD,2024-12-31,-4.62,-4.62,104560000000,69622000000,39505000000,34037000000,104560000000,,,
7704,2023,WBD,2023-12-31,-1.28,-1.28,122757000000,76285000000,43669000000,45226000000,122757000000,,,
7705,2022,WBD,2022-12-31,-3.82,-3.82,134001000000,85334000000,48999000000,47095000000,134001000000,,,
7706,2021,WBD,2021-12-31,1.55,1.54,34427000000,21031000000,14759000000,11599000000,34427000000,,,
7707,2020,WBD,2020-12-31,1.82,1.81,34087000000,21704000000,15404000000,10464000000,34087000000,,,
7708,2019,WBD,2019-12-31,2.90,2.88,18156000000,21769000000,15419000000,9891000000,33735000000,,,
7709,2018,WBD,2018-12-31,-0.01,-0.01,32550000000,22033000000,17045000000,8386000000,32550000000,,,
7710,2017,WBD,2017-12-31,0.37,0.37,22555000000,17532000000,14785000000,,22555000000,,,
7711,2016,WBD,2016-12-31,0.42,0.42,15758000000,10348000000,7923000000,,15758000000,,,
7712,2015,WBD,2015-12-31,0.38,0.37,15864000000,10172000000,7735000000,5451000000,15864000000,,,
7713,2014,WBD,2014-12-31,0.33,0.33,16014000000,9663000000,7153000000,5602000000,16014000000,,,
7714,2013,WBD,2013-12-31,3.01,2.97,14979000000,8746000000,6499000000,6196000000,14979000000,,,
7715,2012,WBD,2012-12-31,2.51,2.48,12930000000,6637000000,5243000000,6291000000,12930000000,,,
7716,2011,WBD,2011-12-31,0.75,0.74,11913000000,5394000000,4245000000,6517000000,11913000000,,,
7717,2025,WDC,2025-06-27,5.31,5.12,14002000000,8462000000,4711000000,3000000,14002000000,44000000,0.1,-1000000
7718,2024,WDC,2024-06-28,-2.61,-2.61,24188000000,13141000000,7434000000,3000000,24188000000,,,
7719,2023,WDC,2023-06-30,-5.44,-5.44,24429000000,12706000000,7070000000,3000000,24429000000,,,
7720,2022,WDC,2022-07-01,4.81,4.75,26259000000,14038000000,7022000000,3000000,26259000000,0,0,
7721,2021,WDC,2021-07-02,2.69,2.66,26132000000,15411000000,8725000000,3000000,26132000000,0,0,
7722,2020,WDC,2020-07-03,-0.84,-0.84,25662000000,16111000000,9575000000,3000000,25662000000,595000000,1.50,
7723,2019,WDC,2019-06-28,-2.58,-2.58,23251000000,13284000000,10522000000,3000000,23251000000,584000000,2.00,
7724,2018,WDC,2018-06-29,0.20,0.20,29235000000,17704000000,11172000000,11531000000,29235000000,593000000,0.5,
7725,2017,WDC,2017-06-30,1.38,1.34,29860000000,18442000000,13151000000,11418000000,29860000000,574000000,2,
7726,2016,WDC,2016-07-01,1.08,1.07,32862000000,21717000000,16994000000,11145000000,32862000000,464000000,2.00,
7727,2015,WDC,2015-07-03,1.88,1.84,15181000000,5962000000,2312000000,9219000000,15181000000,396000000,,
7728,2014,WDC,2014-06-27,6.88,6.68,15499000000,6657000000,2438000000,8842000000,15499000000,259000000,,
7729,2013,WDC,2013-06-28,4.07,3.98,14036000000,6143000000,1955000000,7893000000,14036000000,181000000,,
7730,2012,WDC,2012-06-29,6.69,6.58,14206000000,6537000000,2185000000,7669000000,14206000000,,,
7731,2011,WDC,2011-07-01,3.14,3.09,8118000000,2630000000,294000000,5488000000,8118000000,,,
7732,2024,WEC,2024-12-31,4.83,4.83,6919200000,34700000,7500000,2808400000,47363200000,,3.34,
7733,2023,WEC,2023-12-31,4.22,4.22,6452200000,10000000,7500000,2635100000,43939700000,,3.12,
7734,2022,WEC,2022-12-31,4.46,4.45,6087400000,22400000,7300000,2476700000,41872100000,,2.91,
7735,2021,WEC,2021-12-31,4.12,4.11,5717900000,21300000,7300000,2346000000,38988500000,,2.71,
7736,2020,WEC,2020-12-31,1.43,1.43,5493300000,45900000,12450500000,3200000,37028100000,,2.53,
7737,2019,WEC,2019-12-31,1.33,1.33,23934800000,58100000,11858300000,3200000,34951800000,,2.36,
7738,2018,WEC,2018-12-31,1.24,1.23,33475800000,38100000,9994000000,9788900000,33475800000,,0.5525,
7739,2017,WEC,2017-12-31,1.13,1.12,31590500000,27600000,1892300000,9491800000,31590500000,,0.52,
7740,2016,WEC,2016-12-31,1.10,1.09,30123200000,,1890000000,8960200000,30123200000,,0.4950,
7741,2015,WEC,2015-12-31,0.87,0.86,29355200000,,1887200000,8685200000,29355200000,,0.4225,
7742,2014,WEC,2014-12-31,2.61,2.59,15163400000,,4552400000,4419700000,15163400000,,1.56,
7743,2013,WEC,2013-12-31,2.54,2.51,14769400000,,4626700000,4233000000,14769400000,,1.445,
7744,2012,WEC,2012-12-31,2.37,2.35,14285000000,,4772900000,2300000,14285000000,,1.20,
7745,2011,WEC,2011-12-31,2.26,2.24,13862100000,,4541400000,3963300000,13862100000,,1.04,
7746,2024,WELL,2024-12-31,1.58,1.57,30094016000,18471722000,0,31956208000,51044308000,1545275000,,
7747,2023,WELL,2023-12-31,0.66,0.66,24857722000,17640439000,0,25404376000,44012166000,1260578000,,
7748,2022,WELL,2022-12-31,0.31,0.30,22000732000,16499237000,0,20294814000,37893233000,1131527000,,
7749,2021,WELL,2021-12-31,0.79,0.78,18851999000,15912452000,324935000,17636001000,34910325000,,,
7750,2020,WELL,2020-12-31,2.36,2.33,16044153000,15258580000,13887606000,15972719000,32483642000,,,
7751,2019,WELL,2019-12-31,3.07,3.05,15784898000,16398247000,642597000,15540444000,33380751000,,,
7752,2018,WELL,2018-12-31,2.03,2.02,14607127000,14331427000,12185695000,14632334000,30342072000,,,
7753,2017,WELL,2017-12-31,1.26,1.26,27944445000,12643799000,11035855000,14423147000,27944445000,,,
7754,2016,WELL,2016-12-31,2.83,2.81,28865184000,13185279000,11725104000,14806393000,28865184000,,,
7755,2015,WELL,2015-12-31,2.35,2.34,29023845000,13664877000,12123965000,14590560000,29023845000,,,
7756,2014,WELL,2014-12-31,1.46,1.45,25014296000,11454838000,10758919000,13175153000,25014296000,,,
7757,2013,WELL,2013-12-31,0.28,0.28,23083957000,11292587000,10432418000,11414583000,23083957000,,,
7758,2012,WELL,2012-12-31,0.99,0.98,19549109000,8993998000,8457043000,10294801000,19549109000,,,
7759,2011,WELL,2011-12-31,0.90,0.90,14924606000,7612309000,6573311000,7124764000,14924606000,,,
7760,2024,WFC,2024-12-31,5.43,5.37,11900000000,1748779000000,2200000000,179120000000,1929845000000,,1.50,5243000000
7761,2023,WFC,2023-12-31,4.88,4.83,5300000000,1745025000000,207588000000,185735000000,1932468000000,,1.30,-83000000
7762,2022,WFC,2022-12-31,3.17,3.14,5100000000,1699141000000,0,179889000000,1881016000000,,1.10,-59000000
7763,2021,WFC,2021-12-31,4.99,4.95,817000000,1757958000000,149000000,187606000000,1948068000000,,0.60,-29000000
7764,2020,WFC,2020-12-31,0.42,0.41,1500000000,1769243000000,203000000,184887000000,1955163000000,,1.22,-44000000
7765,2019,WFC,2019-12-31,4.08,4.05,1927555000000,1739571000000,4817000000,187146000000,1927555000000,,1.92,-86000000
7766,2018,WFC,2018-12-31,4.31,4.28,1895883000000,1698817000000,229044000000,196166000000,1895883000000,,1.640,7889000000
7767,2017,WFC,2017-12-31,4.14,4.10,1951757000000,1743678000000,225020000000,206936000000,1951757000000,,1.54,7658000000
7768,2016,WFC,2016-12-31,4.03,3.99,1930115000000,1729618000000,255077000000,199581000000,1930115000000,,1.515,7661000000
7769,2015,WFC,2015-12-31,4.18,4.12,1787632000000,1593741000000,199536000000,192998000000,1787632000000,,1.475,7580000000
7770,2014,WFC,2014-12-31,4.17,4.10,1687155000000,1501893000000,183943000000,184394000000,1687155000000,,1.35,7067000000
7771,2013,WFC,2013-12-31,3.95,3.89,8122000000,2400000000,2300000000,170142000000,1527015000000,,1.15,6086000000
7772,2012,WFC,2012-12-31,3.40,3.36,14625000000,3600000000,3500000000,157554000000,1422968000000,,0.88,4658000000
7773,2011,WFC,2011-12-31,2.85,2.82,18215000000,5100000000,125354000000,140241000000,1313867000000,,0.48,-21000000
7774,2024,WHR,2024-12-31,-5.87,-5.87,9693000000,,6608000000,2683000000,16301000000,384000000,,
7775,2023,WHR,2023-12-31,8.76,8.72,11061000000,,7214000000,2362000000,17312000000,384000000,,
7776,2022,WHR,2022-12-31,-27.18,-27.18,10913000000,,7611000000,2336000000,17124000000,390000000,,
7777,2021,WHR,2021-12-31,28.73,28.36,7980000000,,5227000000,4846000000,20285000000,338000000,,
7778,2020,WHR,2020-12-31,17.24,17.07,7511000000,,0,3799000000,20350000000,311000000,,
7779,2019,WHR,2019-12-31,18.60,18.45,7791000000,,0,3195000000,18881000000,305000000,,
7780,2018,WHR,2018-12-31,1.31,1.30,18347000000,,4993000000,2291000000,18347000000,306000000,,
7781,2017,WHR,2017-12-31,2.05,2.01,20038000000,,4768000000,4198000000,20038000000,312000000,,
7782,2016,WHR,2016-12-31,1.94,1.92,19153000000,,4436000000,4773000000,19153000000,294000000,,
7783,2015,WHR,2015-12-31,2.42,2.38,19010000000,,3978000000,4743000000,19010000000,269000000,,
7784,2014,WHR,2014-12-31,2.06,2.02,20002000000,,3778000000,4885000000,20002000000,224000000,,
7785,2013,WHR,2013-12-31,10.42,10.24,15544000000,,250000000,4924000000,15544000000,187000000,,
7786,2012,WHR,2012-12-31,5.14,5.06,15396000000,,2454000000,4260000000,15396000000,155000000,,
7787,2011,WHR,2011-12-31,5.07,4.99,15181000000,,2490000000,4181000000,15181000000,148000000,,
7788,2024,WM,2024-12-31,6.84,6.81,128000000,36313000000,,8252000000,44567000000,,3,
7789,2023,WM,2023-12-31,5.69,5.66,119000000,25927000000,,6903000000,32823000000,,2.80,
7790,2022,WM,2022-12-31,5.42,5.39,113000000,24503000000,,6849000000,31367000000,,2.60,
7791,2021,WM,2021-12-31,4.32,4.29,117000000,21971000000,156000000,7124000000,29097000000,,2.30,
7792,2020,WM,2020-12-31,3.54,3.52,114000000,21891000000,210000000,7452000000,29345000000,,2.18,
7793,2019,WM,2019-12-31,3.93,3.91,109000000,29991000000,269000000,7068000000,29714000000,,2.05,
7794,2018,WM,2018-12-31,0.91,0.91,22650000000,16374000000,151000000,6275000000,22650000000,,1.86,
7795,2017,WM,2017-12-31,0.68,0.67,21829000000,15787000000,34000000,6019000000,21829000000,,1.70,
7796,2016,WM,2016-12-31,2.66,2.65,20859000000,15539000000,57000000,5297000000,20859000000,,1.64,
7797,2015,WM,2015-12-31,1.66,1.65,20419000000,15052000000,80000000,5345000000,20419000000,,1.54,
7798,2014,WM,2014-12-31,2.80,2.79,1846000000,440000000,,5866000000,21412000000,,1.50,
7799,2013,WM,2013-12-31,0.21,0.21,22603000000,16601000000,,5707000000,22603000000,,1.46,
7800,2012,WM,2012-12-31,1.76,1.76,23097000000,16422000000,,6354000000,23097000000,,1.42,
7801,2011,WM,2011-12-31,0.39,0.39,22569000000,16179000000,,6070000000,22569000000,,1.36,
7802,2024,WMB,2024-12-31,1.82,1.82,54532000000,,,12436000000,54532000000,,1.90,
7803,2023,WMB,2023-12-31,2.61,2.60,19705000000,,,12402000000,52627000000,,1.79,
7804,2022,WMB,2022-12-31,1.68,1.67,49000000,76000000,,11485000000,48433000000,,1.70,
7805,2021,WMB,2021-12-31,1.25,1.24,78000000,61000000,,11423000000,47612000000,,1.64,
7806,2020,WMB,2020-12-31,0.17,0.17,107000000,42000000,,11769000000,44165000000,,1.60,
7807,2019,WMB,2019-12-31,0.70,0.70,16575000000,,,13363000000,46040000000,,1.52,
7808,2018,WMB,2018-12-31,-0.16,-0.16,45302000000,,,14660000000,45302000000,,1.36,
7809,2017,WMB,2017-12-31,2.63,2.62,46352000000,,,9656000000,46352000000,,1.20,
7810,2016,WMB,2016-12-31,-0.57,-0.57,46835000000,,,4643000000,46835000000,,1.6800,
7811,2015,WMB,2015-12-31,-0.76,-0.76,49020000000,,,6148000000,49020000000,,0.10,
7812,2014,WMB,2014-12-31,2.94,2.92,50563000000,,,8777000000,50563000000,,1.9575,
7813,2013,WMB,2013-12-31,0.63,0.62,27142000000,,,4864000000,27142000000,,1.4375,
7814,2012,WMB,2012-12-31,1.39,1.37,24327000000,,,4752000000,24327000000,,1.19625,
7815,2011,WMB,2011-12-31,.64,.63,16502000000,,8718000000,1793000000,16502000000,,.775,
7816,2025,WMT,2025-01-31,2.42,2.41,150006000000,,35999000000,91013000000,260823000000,,0.8300,
7817,2024,WMT,2024-01-31,1.92,1.91,137782000000,,39579000000,83861000000,252399000000,,0.7600,
7818,2023,WMT,2023-01-31,4.29,4.27,130659000000,,38840000000,76693000000,243197000000,,2.24,
7819,2022,WMT,2022-01-31,4.90,4.87,125044000000,,37667000000,83253000000,244860000000,,2.20,
7820,2021,WMT,2021-01-31,4.77,4.75,113490000000,,44309000000,80925000000,252496000000,,2.16,
7821,2020,WMT,2020-01-31,5.22,5.19,110353000000,,49180000000,74669000000,236495000000,6048000000,2.16,
7822,2019,WMT,2019-01-31,1.27,1.27,219295000000,,45396000000,72496000000,219295000000,6102000000,2.12,
7823,2018,WMT,2018-01-31,0.74,0.73,204522000000,,33783000000,77869000000,204522000000,6124000000,2.08,
7824,2017,WMT,2017-01-31,1.23,1.22,198825000000,,38271000000,77798000000,198825000000,6216000000,2.04,
7825,2016,WMT,2016-01-31,1.44,1.43,199581000000,,40959000000,80546000000,199581000000,6294000000,2.00,
7826,2015,WMT,2015-01-31,1.54,1.53,203706000000,,45896000000,81394000000,203706000000,6185000000,1.96,
7827,2014,WMT,2014-01-31,4.90,4.88,204751000000,,1947000000,76255000000,204751000000,6139000000,1.88,
7828,2013,WMT,2013-01-31,5.04,5.02,203105000000,,5550000000,76343000000,203105000000,5361000000,1.59,
7829,2012,WMT,2012-01-31,4.54,4.52,193406000000,,46045000000,71315000000,193406000000,5048000000,1.46,
7830,2011,WMT,2011-01-31,4.48,4.47,180663000000,,45347000000,68542000000,180663000000,4437000000,1.21,
7831,2024,WRB,2024-12-31,4.39,4.36,33030140000,32159829000,248666000,8395111000,40567268000,,,
7832,2023,WRB,2023-12-31,5.10,5.05,30132743000,29732778000,248556000,7455431000,37202015000,,,
7833,2022,WRB,2022-12-31,4.99,4.94,27009652000,27092938000,0,6748332000,33861099000,,,
7834,2021,WRB,2021-12-31,5.53,5.48,24414305000,25418684000,76503000,6653011000,32086414000,,,
7835,2020,WRB,2020-12-31,2.84,2.81,21739360000,22281116000,0,6310802000,28606913000,,,
7836,2019,WRB,2019-12-31,3.58,3.52,20003202000,20525086000,0,6074939000,26643428000,,,
7837,2018,WRB,2018-12-31,5.06,5.00,19634329000,19416179000,140568000,5437851000,24895977000,,,
7838,2017,WRB,2017-12-31,1.01,0.96,24299917000,18848754000,140434000,5411344000,24299917000,,,
7839,2016,WRB,2016-12-31,0.97,0.93,23364844000,18283710000,140301000,5047208000,23364844000,,,
7840,2015,WRB,2015-12-31,0.94,0.89,21730967000,17097759000,149484000,4600246000,21730967000,,,
7841,2014,WRB,2014-12-31,1.31,1.25,21716691000,17092557000,149342000,4589945000,21716691000,,,
7842,2013,WRB,2013-12-31,3.69,3.55,20551796000,16182402000,297738000,4336035000,20551796000,,,
7843,2012,WRB,2012-12-31,3.72,3.56,20155896000,15820430000,,4306217000,20155896000,,,
7844,2011,WRB,2011-12-31,2.83,2.71,18487731000,14471779000,,4008426000,18487731000,,,
7845,2024,WST,2024-12-31,6.75,6.69,2621100000,961100000,202600000,18800000,3643400000,,0.82,
7846,2023,WST,2023-12-31,7.98,7.88,2629100000,948500000,206800000,18800000,3829500000,,0.78,
7847,2022,WST,2022-12-31,7.87,7.73,2578300000,931900000,208900000,18800000,3616800000,,0.74,
7848,2021,WST,2021-12-31,8.89,8.67,2152600000,978400000,253000000.0,18800000,3313800000,,0.70,
7849,2020,WST,2020-12-31,1.01,0.99,1798300000,939300000,255200000,18800000,2793800000,,0.66,
7850,2019,WST,2019-12-31,3.27,3.21,1480600000,768200000,90000000.0,,2341400000,,0.62,
7851,2018,WST,2018-12-31,2.80,2.74,1978900000,582600000,196100000,,1978900000,,0.58,
7852,2017,WST,2017-12-31,2.04,1.99,1862800000,582900000,197000000,,1862800000,,0.54,
7853,2016,WST,2016-12-31,1.96,1.91,1716700000,599200000,228600000,,1716700000,,0.5,
7854,2015,WST,2015-12-31,1.33,1.30,1695100000,671200000,298200000,,1695100000,,0.46,
7855,2014,WST,2014-12-31,1.79,1.75,1670900000,714000000,336700000,,1670900000,,0.41,
7856,2013,WST,2013-12-31,1.61,1.57,1671600000,765200000,84100000,,1671600000,,0.39,
7857,2012,WST,2012-12-31,2.37,2.30,1564000000,835100000,411500000,,1564000000,,0.74,
7858,2011,WST,2011-12-31,,,,,,,,,,
7859,2024,WTW,2024-12-31,-0.96,-0.96,27681000000,19664000000,5350000000,7940000000,27681000000,,3.52,358000000
7860,2023,WTW,2023-12-31,10.01,9.95,29090000000,19497000000,5250000000,9520000000,29090000000,,3.36,353000000
7861,2022,WTW,2022-12-31,9.00,8.98,31769000000,21676000000,0,10016000000,31769000000,,3.28,360000000
7862,2021,WTW,2021-12-31,32.88,32.78,34970000000,21662000000,0,13260000000,34970000000,,3.02,384000000
7863,2020,WTW,2020-12-31,7.68,7.65,38531000000,27599000000,0,10820000000,38531000000,,2.75,354000000
7864,2019,WTW,2019-12-31,8.05,8.02,10849000000,600000000,0,-538000000,10849000000,,2.60,339000000
7865,2018,WTW,2018-12-31,5.29,5.27,32385000000,22388000000,4479000000,9852000000,32385000000,,2.40,313000000
7866,2017,WTW,2017-12-31,2.51,2.50,32458000000,22181000000,5638000000,10126000000,32458000000,,2.12,300000000
7867,2016,WTW,2016-12-31,1.76,1.75,30253000000,20019000000,4943000000,10065000000,30253000000,,1.92,274000000
7868,2015,WTW,2015-12-31,5.49,5.41,18839000000,16426000000,,2229000000,18839000000,,3.28,
7869,2014,WTW,2014-12-31,2.03,2.00,15435000000,13369000000,,1985000000,15435000000,,1.2,
7870,2013,WTW,2013-12-31,2.07,2.04,14800000000,12557000000,,2215000000,14800000000,,1.12,
7871,2012,WTW,2012-12-31,-2.58,-2.58,15112000000,13387000000,,1699000000,15112000000,,1.08,
7872,2011,WTW,2011-12-31,1.18,1.16,15728000000,13211000000,,2486000000,15728000000,,1.04,
7873,2024,WU,2024-12-31,2.75,2.74,8370500000,7401600000,2950000000,,8370500000,,0.94,324000000
7874,2023,WU,2023-12-31,1.69,1.68,8198800000,7719800000,2150000000,,8198800000,,0.235,350300000
7875,2022,WU,2022-12-31,2.35,2.34,8496300000,8018500000,2450000000.0,,8496300000,,0.94,363000000.0
7876,2021,WU,2021-12-31,1.98,1.97,8823500000,8467900000,2750000000.0,,8823500000,,0.94,384800000
7877,2020,WU,2020-12-31,1.81,1.79,9496300000,9309700000,,,9496300000,,0.90,373200000
7878,2019,WU,2019-12-31,0.40,0.39,8758500000,8798000000.0,,,8758500000,,0.20,342600000
7879,2018,WU,2018-12-31,0.46,0.46,8996800000,9306600000,,,8996800000,,0.19,
7880,2017,WU,2017-12-31,0.34,0.33,9231400000,9722800000,,,9231400000,,0.175,
7881,2016,WU,2016-12-31,0.37,0.37,9419600000,8517400000,,,9419600000,,0.16,
7882,2015,WU,2015-12-31,0.39,0.39,9458900000,8054000000,,,9458900000,,0.155,
7883,2014,WU,2014-12-31,0.37,0.37,9890400000,8590000000,,,9890400000,,0.125,
7884,2013,WU,2013-12-31,1.43,1.43,10121300000,9016600000,,,10121300000,,0.5,
7885,2012,WU,2012-12-31,1.70,1.69,9465700000,8525100000,,,9465700000,,0.425,
7886,2011,WU,2011-12-31,0.32,0.32,9069900000,8175100000,,,9069900000,,0.07,
7887,2024,WY,2024-12-31,0.54,0.54,12545000000,6815000000,5076000000,908000000,16536000000,,,690000000
7888,2023,WY,2023-12-31,1.15,1.15,12596000000,6747000000,5069000000,912000000,16983000000,,,1219000000
7889,2022,WY,2022-12-31,2.53,2.53,12682000000,6591000000,5053000000,916000000,17340000000,,,1622000000
7890,2021,WY,2021-12-31,3.48,3.47,12737000000,6885000000,5099000000,934000000,17652000000,,,887000000
7891,2020,WY,2020-12-31,,,12874000000,7580000000,5475000000,934000000,16311000000,,,383000000
7892,2019,WY,2019-12-31,-0.39,,13130000000,8229000000,6147000000,,16406000000,,,1013000000
7893,2018,WY,2018-12-31,0.35,0.99,17249000000,8203000000,5919000000,,17249000000,,,995000000
7894,2017,WY,2017-12-31,0.21,0.21,18059000000,9160000000,5992000000,,18059000000,,,944000000
7895,2016,WY,2016-12-31,0.11,0.11,19243000000,10063000000,6610000000,,19243000000,,,933000000
7896,2015,WY,2015-12-31,0.17,0.17,12486000000,7617000000,4891000000,4869000000,12486000000,,,621000000
7897,2014,WY,2014-12-31,0.31,0.31,13457000000,8153000000,4891000000,5304000000,13457000000,,,568000000
7898,2013,WY,2013-12-31,0.95,0.95,14498000000,7666000000,4891000000,6795000000,14498000000,,,465000000
7899,2012,WY,2012-12-31,0.71,0.71,10589000000,297000000,109000000,4070000000,12592000000,334000000,,-342000000
7900,2011,WY,2011-12-31,0.62,0.61,12598000000,7866000000,285000000,4263000000,12598000000,323000000,,-336000000
7901,2024,WYNN,2024-12-31,4.56,4.35,100300000,13946566000,498400000,-224161000,12977963000,139564000,,
7902,2023,WYNN,2023-12-31,6.49,6.32,102500000,15097157000,479500000,-251382000,13996223000,84733000,,
7903,2022,WYNN,2022-12-31,-3.73,-3.73,102900000,15055465000,12116859000,-750838000,13415100000,1445000,,
7904,2021,WYNN,2021-12-31,-6.64,-6.64,98000000,13367041000,11934546000,-214418000,12530826000,1553000,,
7905,2020,WYNN,2020-12-31,-19.37,-19.37,96300000,14606864000,13065770000,-351997000,13869547000,108777000,,
7906,2019,WYNN,2019-12-31,1.15,1.15,90000000.0,12329809000,10403859000,1743045000,13871281000,566521000,,
7907,2018,WYNN,2018-12-31,5.37,5.35,13216269000,11401480000,9423100000,2034123000,13216269000,569781000,0.43,
7908,2017,WYNN,2017-12-31,0.18,7.28,12681739000,11603389000,9628626000,947846000,12681739000,320760000,,
7909,2016,WYNN,2016-12-31,0.74,0.74,11953557000,11695676000,10125352000,157949000,11953557000,325217000,,401900000
7910,2015,WYNN,2015-12-31,-0.44,-0.44,10522259000,10019523000,9212765000,-154390000,10522259000,499107000,,702600000
7911,2014,WYNN,2014-12-31,2.25,2.22,9062861000,8851770000,7345262000,-28779000,9062861000,942928000,,655800000
7912,2013,WYNN,2013-12-31,7.25,7.17,8377030000,8244679000,6587568000,-184507000,8377030000,1034986000,0.50,334500000
7913,2012,WYNN,2012-12-31,4.87,4.82,7276594000,7172662000,5782820000,-259037000,7276594000,955493000,9.50,
7914,2011,WYNN,2011-12-31,1.40,1.39,6899496000,4676042000,3217719000,2089022000,6899496000,1033447000,6.50,800000000
7915,2024,XEL,2024-12-31,3.44,3.44,70035000000,34000000,6337000000,19522000000,70035000000,1175000000,2.19,1236000000
7916,2023,XEL,2023-12-31,3.21,3.21,64079000000,35000000,6136000000,17616000000,64079000000,1092000000,2.08,1148000000
7917,2022,XEL,2022-12-31,3.18,3.17,61188000000,35000000,5338000000,16675000000,61188000000,1012000000,1.95,1066000000
7918,2021,XEL,2021-12-31,0.56,0.56,57851000000,35000000,5139000000,15612000000,57851000000,935000000,0.43,989000000
7919,2020,XEL,2020-12-31,0.56,2.79,53957000000,34000000,4341000000,14575000000,53957000000,856000000,1.72,909000000
7920,2019,XEL,2019-12-31,0.61,0.61,50448000000,,5221000000,13239000000,50448000000,791000000,1.62,846000000
7921,2018,XEL,2018-12-31,0.57,0.57,45987000000,,,12222000000,45987000000,730000000,0.38,780000000
7922,2017,XEL,2017-12-31,0.47,0.47,43030000000,,761000000,11455000000,43030000000,721000000,0.36,736000000
7923,2016,XEL,2016-12-31,0.47,0.47,41155277000,,30621000,11020849000,41155277000,680521000,0.34,694886000
7924,2015,XEL,2015-12-31,0.30,0.30,39053535000,,31255000,10600920000,39053535000,606574000,0.32,652715000
7925,2014,XEL,2014-12-31,0.52,0.52,36957884000,,32037000,10214482000,36957884000,561411000,0.30,608331000
7926,2013,XEL,2013-12-31,1.91,1.91,33907490000,,37490000,9565950000,33907490000,514042000,1.11,554067000
7927,2012,XEL,2012-12-31,1.86,1.85,31140686000,,3488640000,,31140686000,486757000,1.07,523969000
7928,2011,XEL,2011-12-31,1.72,1.72,29497267000,,,,29497267000,474760000,1.03,503525000
7929,2024,XOM,2024-12-31,7.84,7.84,196450000000,182869000000,,263705000000,453475000000,,,16704000000
7930,2023,XOM,2023-12-31,8.89,8.89,203279000000,163779000000,,204802000000,376317000000,,,14941000000
7931,2022,XOM,2022-12-31,13.26,13.26,230643000000,166594000000,,195049000000,369067000000,,,14939000000
7932,2021,XOM,2021-12-31,5.39,5.39,195966000000,163240000000,,168577000000,338923000000,,,14924000000
7933,2020,XOM,2020-12-31,-5.25,-5.25,71287000000,168620000000,,157150000000,332750000000,,,14865000000
7934,2019,XOM,2019-12-31,3.36,3.36,95750000000,163659000000,,191650000000,362597000000,,,14652000000
7935,2018,XOM,2018-12-31,4.88,4.88,346196000000,147668000000,,191794000000,346196000000,,,13798000000
7936,2017,XOM,2017-12-31,4.63,4.63,13363000000,154191000000,,187688000000,348691000000,,,13001000000
7937,2016,XOM,2016-12-31,1.88,1.88,153183000000,156484000000,,167325000000,330314000000,,,12453000000
7938,2015,XOM,2015-12-31,3.85,3.85,155316000000,159948000000,,170811000000,336758000000,,,12090000000
7939,2014,XOM,2014-12-31,7.6,7.6,349493000000,168429000000,,174399000000,349493000000,,,11568000000
7940,2013,XOM,2013-12-31,7.37,7.37,346808000000,166313000000,,174003000000,346808000000,,,10875000000
7941,2012,XOM,2012-12-31,9.70,9.70,333795000000,162135000000,,165863000000,333795000000,,,10092000000
7942,2011,XOM,2011-12-31,8.43,8.42,331052000000,170308000000,,154396000000,331052000000,,,9326000000
7943,2024,XRAY,2024-12-31,-4.48,-4.48,5753000000,3810000000,0,1942000000,5753000000,126000000,0.64,
7944,2023,XRAY,2023-12-31,-0.62,-0.62,7370000000,4076000000,77000000,3293000000,7370000000,116000000,0.56,
7945,2022,XRAY,2022-12-31,-4.41,-4.41,5518000000,3831000000,75000000,3811000000,7643000000,104000000,,
7946,2021,XRAY,2021-12-31,1.93,1.91,6894000000,4177000000,0,5042000000,9220000000,92000000,,
7947,2020,XRAY,2020-12-31,-0.38,-0.38,7014000000,4372000000,296000000,4967000000,9342000000,88000000,,
7948,2019,XRAY,2019-12-31,1.18,1.17,5926800000,3508000000.0,1500000,5092500000,8602900000,80900000,0.0875,
7949,2018,XRAY,2018-12-31,-4.51,-4.51,6380200000,3554000000.0,114600000,5121100000,8687000000.0,78600000,0.0875,
7950,2017,XRAY,2017-12-31,0.26,0.26,10374500000,3746600000,1626100000,6616300000,10374500000,78300000,0.0875,
7951,2016,XRAY,2016-12-31,0.72,0.70,11656100000,3530200000,1528200000,8114300000,11656100000,64600000,0.0775,
7952,2015,XRAY,2015-12-31,0.46,0.45,4402900000,2063500000,1153500000,2338000000,4402900000,40000000,0.0725,
7953,2014,XRAY,2014-12-31,0.51,0.50,4650265000,2328067000,1262712000,2321279000,4650265000,37387000,66.25,
7954,2013,XRAY,2013-12-31,2.20,2.16,5078047000,2500073000,250000000,2535053000,5078047000,34874000,,
7955,2012,XRAY,2012-12-31,2.22,2.18,4972297000,2722854000,1472913000,2208698000,4972297000,31425000,,
7956,2011,XRAY,2011-12-31,1.73,1.70,4755398000,2871247000,250000000,1848077000,4755398000,28632000,,
7957,2024,XRX,2024-12-31,-10.75,-10.75,8365000000,7061000000,1180000000,1076000000,8365000000,141000000,0.25,
7958,2023,XRX,2023-12-31,-0.09,-0.09,10008000000,7236000000,1213000000,2538000000,10008000000,165000000,0.25,
7959,2022,XRX,2022-12-31,-2.15,-2.15,11543000000,7966000000,1370000000,3343000000,11543000000,174000000,0.25,
7960,2021,XRX,2021-12-31,-2.56,-2.56,13223000000,8556000000,2102000000,4436000000,13223000000,206000000,0.25,
7961,2020,XRX,2020-12-31,0.85,0.84,14741000000,8931000000,2557000000,5592000000,14741000000,230000000,0.25,
7962,2019,XRX,2019-12-31,6.03,5.80,15047000000,9239000000,,5587000000,15047000000,243000000,0.25,
7963,2024,XYL,2024-12-31,3.67,3.65,16493000000,5611000000,2031000000,10642000000,16493000000,,1.44,
7964,2023,XYL,2023-12-31,2.81,2.79,16112000000,5936000000,,10166000000,16112000000,,1.32,
7965,2022,XYL,2022-12-31,1.97,1.96,1302000000,4449000000,,3494000000,7952000000,,1.20,
7966,2021,XYL,2021-12-31,2.37,2.35,1289000000,5050000000,,3218000000,8276000000,,1.12,
7967,2020,XYL,2020-12-31,1.41,1.40,1255000000,5774000000,,2968000000,8750000000,,1.04,
7968,2019,XYL,2019-12-31,2.23,2.21,1268000000,4743000000,,2957000000,7710000000,,0.96,
7969,2018,XYL,2018-12-31,3.05,3.03,1233000000,4440000000,,2768000000,7222000000,,0.8400,
7970,2017,XYL,2017-12-31,1.84,1.83,1232000000,4341000000,,2503000000,6860000000,,0.7200,
7971,2016,XYL,2016-12-31,1.45,1.45,1997000000,4267000000,,2190000000,6474000000,,0.006196,
7972,2015,XYL,2015-12-31,0.35,0.35,4657000000,2573000000,,2084000000,4657000000,,0.005632,
7973,2014,XYL,2014-12-31,0.27,0.27,4864000000,2737000000,,2127000000,4864000000,,0.00512,
7974,2013,XYL,2013-12-31,1.23,1.22,4896000000,2655000000,,0,4896000000,,0.4656,
7975,2012,XYL,2012-12-31,1.60,1.59,4679000000,2605000000,1205000000,1706000000,4679000000,,,
7976,2011,XYL,2011-12-31,1.51,1.50,4393000000,2566000000,,2000000,4393000000,,,
7977,2024,YUM,2024-12-31,5.28,5.22,2611000000,14375000000,938000000,,6727000000,,2.68,756000000
7978,2023,YUM,2023-12-31,5.68,5.59,2281000000,14089000000,938000000,,6231000000,,2.42,680000000
7979,2022,YUM,2022-12-31,4.63,4.57,2227000000,14722000000,945000000,,5846000000,,2.28,653000000
7980,2021,YUM,2021-12-31,5.30,5.21,2313000000,14339000000,955000000,,5966000000,,2.00,594000000
7981,2020,YUM,2020-12-31,2.99,2.94,2011000000,13743000000,483000000,-8000000,5852000000,,0.47,569000000
7982,2019,YUM,2019-12-31,4.23,4.14,679000000,13247000000,488000000,-2000000,5231000000,,0.42,514000000
7983,2018,YUM,2018-12-31,4.80,4.69,153000000,372000000,1970000000,-249000000,153000000,,0.36,464000000
7984,2017,YUM,2017-12-31,3.86,3.77,5311000000,11645000000,500000000,,5311000000,,0.30,311000000
7985,2016,YUM,2016-12-31,2.52,2.48,5478000000,11134000000,13000000,-5656000000,5478000000,,0.46,661000000
7986,2015,YUM,2015-12-26,0.83,0.81,8075000000,7100000000,3800000000,911000000,8075000000,,0.00,756000000
7987,2014,YUM,2014-12-27,0.89,0.87,8345000000,6732000000,3200000000,1547000000,8345000000,,0.37,4000000
7988,2013,YUM,2013-12-28,2.41,2.36,8695000000,6427000000,2800000000,2166000000,8695000000,,1.41,-653000000
7989,2012,YUM,2012-12-29,3.46,3.38,9011000000,6699000000,2800000000,2154000000,9011000000,,1.24,22000000
7990,2011,YUM,2011-12-31,2.81,2.74,8834000000,6918000000,3000000000,1823000000,8834000000,,1.07,523000000
7991,2024,ZBH,2024-12-31,4.45,4.43,21365300000,8889100000,837600000,12468100000,21365300000,,0.96,
7992,2023,ZBH,2023-12-31,4.91,4.88,21496900000,9008700000,851300000,12480500000,21496900000,,0.96,
7993,2022,ZBH,2022-12-31,1.10,1.10,21066000000.0,9039000000.0,823900000,12020300000,21066000000.0,,0.96,
7994,2021,ZBH,2021-12-31,1.93,1.91,23456400000,10790000000.0,1000000,-231600000,23456400000,,0.96,
7995,2020,ZBH,2020-12-31,-0.67,-0.67,24417700000,12218300000,303000000.0,-297800000,24417700000,,0.96,
7996,2019,ZBH,2019-12-31,5.52,5.47,24638700000,12245900000,306200000,-241900000,24638700000,,0.96,
7997,2018,ZBH,2018-12-31,-1.86,-1.86,24126800000,12850700000,225000000,11271300000,24126800000,,0.96,
7998,2017,ZBH,2017-12-31,8.98,8.90,25964500000,14229000000,,11735800000,25964500000,,0.96,
7999,2016,ZBH,2016-12-31,1.53,1.51,26684400000,17014500000,1283400000,9668900000,26684400000,,0.96,
8000,2015,ZBH,2015-12-31,0.78,0.77,27219500000,17330100000,,9887900000,27219500000,,0.88,
8001,2014,ZBH,2014-12-31,4.26,4.19,9634700000,3112100000,,6520800000,9634700000,,0.88,
8002,2013,ZBH,2013-12-31,4.49,4.43,9580600000,3280500000,,6297300000,9580600000,,0.80,
8003,2012,ZBH,2012-12-31,4.32,4.29,9012400000,3146100000,,5860900000,9012400000,,0.54,
8004,2011,ZBH,2011-12-31,1.08,1.08,8515300000,3000500000,,5507200000,8515300000,,0.18,
8005,2024,ZBRA,2024-12-31,10.25,10.18,7968000000,4382000000,,1000000,7968000000,,,
8006,2023,ZBRA,2023-12-31,5.75,5.72,7306000000,4270000000,,1000000,7306000000,,,
8007,2022,ZBRA,2022-12-31,8.86,8.80,7529000000,4796000000,,1000000,7529000000,,,
8008,2021,ZBRA,2021-12-31,15.66,15.52,6215000000,3231000000,,1000000,6215000000,,,
8009,2020,ZBRA,2020-12-31,9.43,9.35,5375000000,3231000000,,1000000,5375000000,,,
8010,2019,ZBRA,2019-12-31,10.08,9.97,4711000000,2872000000,266000000,1000000,4711000000,,,
8011,2018,ZBRA,2018-12-31,2.04,2.01,4339000000,3004000000,139000000,1335000000,4339000000,,,
8012,2017,ZBRA,2017-12-31,0.16,0.16,4275000000,3441000000,2176000000,834000000,4275000000,,,
8013,2016,ZBRA,2016-12-31,-0.50,-0.50,4632000000,3840000000,3250000000,792000000,4632000000,,,
8014,2015,ZBRA,2015-12-31,-0.50,-0.50,5024000000,4111000000,3250000000,913000000,5024000000,,,
8015,2014,ZBRA,2014-12-31,0.64,0.63,5568851000,4528943000,2200000000,1039908000,5568851000,,,
8016,2013,ZBRA,2013-12-31,2.65,2.63,1119812000,161154000,,958658000,1119812000,,,
8017,2012,ZBRA,2012-12-31,2.38,2.37,967748000,110746000,,857002000,967748000,,,
8018,2011,ZBRA,2011-12-31,1.11,1.10,899006000,122081000,,776925000,899006000,,,
8019,2024,ZION,2024-12-31,4.95,4.95,88775000000,82651000000,950000000,66000000,88775000000,289000000,,
8020,2023,ZION,2023-12-31,4.35,4.35,87203000000,81512000000,542000000,440000000,87203000000,282000000,1.64,245000000
8021,2022,ZION,2022-12-31,5.80,5.79,89545000000,84652000000,651000000,440000000,89545000000,269000000,1.58,240000000
8022,2021,ZION,2021-12-31,6.80,6.79,93200000000,85737000000,1012000000,440000000,93200000000,261000000,1.44,232000000
8023,2020,ZION,2020-12-31,3.06,3.02,81479000000,73593000000,1336000000,566000000,81479000000,259000000,1.36,225000000
8024,2019,ZION,2019-12-31,4.41,4.16,69172000000,61819000000,1723000000,,69172000000,260000000,,226000000
8025,2018,ZION,2018-12-31,1.16,1.08,68746000000,61168000000,724000000,,68746000000,236000000,,202000000
8026,2017,ZION,2017-12-31,0.63,0.61,66288000000,58609000000,383000000,,66288000000,129000000,,89000000
8027,2016,ZION,2016-12-31,0.38,0.38,63239165000,55604859000,534850000,,63239165000,107851000,,57677000
8028,2015,ZION,2015-12-31,0.37,0.37,59669525000,52162006000,817348000,,59669525000,108055000,,45133000
8029,2014,ZION,2014-12-31,0.41,0.41,57208874000,49839344000,1092282000,,57208874000,96130000,,31216000
8030,2013,ZION,2013-12-31,1.58,1.58,56031127000,49566564000,2273575000,6464563000,56031127000,119660000,,24094000
8031,2012,ZION,2012-12-31,0.97,0.97,55511918000,49463277000,2337113000,6052069000,55511918000,133581000,0.0001,7392000
8032,2011,ZION,2011-12-31,0.08,0.08,53149109000,46165881000,1954462000,6985308000,53149109000,156135000,,7361000
8033,2024,ZTS,2024-12-31,5.47,5.47,14237000000,9467000000,,4770000000,14237000000,,,812000000
8034,2023,ZTS,2023-12-31,5.08,5.07,14286000000,9295000000,,4997000000,14286000000,,,716000000
8035,2022,ZTS,2022-12-31,4.51,4.49,14925000000,10522000000,,4405000000,14925000000,,,631000000
8036,2021,ZTS,2021-12-31,4.29,4.27,13900000000,9356000000,,4543000000,13900000000,,,509000000
8037,2020,ZTS,2020-12-31,3.44,3.42,13609000000,9836000000,,3769000000,13609000000,,,404000000
8038,2019,ZTS,2019-12-31,3.14,3.11,11545000000,8837000000,,,11545000000,,,330000000
8039,2018,ZTS,2018-12-31,0.72,0.72,10800000000,8592000000,,2185000000,10777000000,,,261000000
8040,2017,ZTS,2017-12-31,0.48,0.48,8586000000,6800000000,,1770000000,8586000000,,,216000000
8041,2016,ZTS,2016-12-31,0.41,0.41,7649000000,6150000000,,1487000000,7649000000,,,193000000
8042,2015,ZTS,2015-12-31,0.33,0.33,7913000000,6822000000,,1068000000,7913000000,,,174000000
8043,2014,ZTS,2014-12-31,0.31,0.31,6607000000,5270000000,,1311000000,6607000000,,,151000000
8044,2013,ZTS,2013-12-31,1.01,1.01,6558000000,5596000000,,940000000,6558000000,,,134000000
8045,2012,ZTS,2012-12-31,,,,,,,,,,
